Caminho Original,É da Rádio?,Programa Identificado,Destino Proposto
G:\Meu Drive\clarear.mp3,NÃO,-,G:\Meu Drive\Arquivos_Pessoais_Para_Verificacao\Audios_Diversos
G:\Meu Drive\meu anjo.mp3,NÃO,-,G:\Meu Drive\Arquivos_Pessoais_Para_Verificacao\Audios_Diversos
G:\Meu Drive\VEM ME NINAR.mp3,NÃO,-,G:\Meu Drive\Arquivos_Pessoais_Para_Verificacao\Audios_Diversos
G:\Meu Drive\projeto.pdf,NÃO,-,G:\Meu Drive\Arquivos_Pessoais_Para_Verificacao\Documentos_e_Planilhas
G:\Meu Drive\SERVIÇOS DO CASAMENTO SAYO_E_THIAGO.gdoc,NÃO,-,G:\Meu Drive\Arquivos_Pessoais_Para_Verificacao\Documentos_e_Planilhas
G:\Meu Drive\convite.psd,NÃO,-,G:\Meu Drive\Arquivos_Pessoais_Para_Verificacao\Imagens_e_Videos
G:\Meu Drive\sayo_thiago.jpg,NÃO,-,G:\Meu Drive\Arquivos_Pessoais_Para_Verificacao\Imagens_e_Videos
G:\Meu Drive\senhas.psd,NÃO,-,G:\Meu Drive\Arquivos_Pessoais_Para_Verificacao\Imagens_e_Videos
G:\Meu Drive\lista de presentes.psd,NÃO,-,G:\Meu Drive\Arquivos_Pessoais_Para_Verificacao\Imagens_e_Videos
G:\Meu Drive\convite.jpg,NÃO,-,G:\Meu Drive\Arquivos_Pessoais_Para_Verificacao\Imagens_e_Videos
G:\Meu Drive\sayo_thiago.psd,NÃO,-,G:\Meu Drive\Arquivos_Pessoais_Para_Verificacao\Imagens_e_Videos
G:\Meu Drive\senhas.jpg,NÃO,-,G:\Meu Drive\Arquivos_Pessoais_Para_Verificacao\Imagens_e_Videos
G:\Meu Drive\músicas entrada sayo_thiago.gdoc,NÃO,-,G:\Meu Drive\Arquivos_Pessoais_Para_Verificacao\Documentos_e_Planilhas
G:\Meu Drive\Casamento Sayo_e_Thiago.gdoc,NÃO,-,G:\Meu Drive\Arquivos_Pessoais_Para_Verificacao\Documentos_e_Planilhas
G:\Meu Drive\Sayo_FC_2020.gsheet,NÃO,-,G:\Meu Drive\Arquivos_Pessoais_Para_Verificacao\Documentos_e_Planilhas
G:\Meu Drive\CV - Sayonara Rodrigues.pdf,NÃO,-,G:\Meu Drive\Arquivos_Pessoais_Para_Verificacao\Documentos_e_Planilhas
G:\Meu Drive\assinatura_extenso.png,NÃO,-,G:\Meu Drive\Arquivos_Pessoais_Para_Verificacao\Imagens_e_Videos
G:\Meu Drive\assinatura_rubrica.png,NÃO,-,G:\Meu Drive\Arquivos_Pessoais_Para_Verificacao\Imagens_e_Videos
G:\Meu Drive\FB_IMG_1613138532944.jpg,NÃO,-,G:\Meu Drive\Arquivos_Pessoais_Para_Verificacao\Imagens_e_Videos
G:\Meu Drive\ROTEIRO - REALIDADE RN.gdoc,NÃO,-,G:\Meu Drive\Arquivos_Pessoais_Para_Verificacao\Documentos_e_Planilhas
G:\Meu Drive\Relatório_Fisio_NiltonTargino.gdoc,NÃO,-,G:\Meu Drive\Arquivos_Pessoais_Para_Verificacao\Documentos_e_Planilhas
G:\Meu Drive\Relatório Fisio_ManoelRodrigues.gdoc,NÃO,-,G:\Meu Drive\Arquivos_Pessoais_Para_Verificacao\Documentos_e_Planilhas
G:\Meu Drive\39999695_315388639229130_8337916919071899648_n.jpg,NÃO,-,G:\Meu Drive\Arquivos_Pessoais_Para_Verificacao\Imagens_e_Videos
G:\Meu Drive\40045881_315388645895796_4078374040882905088_n.jpg,NÃO,-,G:\Meu Drive\Arquivos_Pessoais_Para_Verificacao\Imagens_e_Videos
G:\Meu Drive\40079002_315388655895795_3876265678935687168_n.jpg,NÃO,-,G:\Meu Drive\Arquivos_Pessoais_Para_Verificacao\Imagens_e_Videos
G:\Meu Drive\40095757_315388699229124_4536161805961003008_n.jpg,NÃO,-,G:\Meu Drive\Arquivos_Pessoais_Para_Verificacao\Imagens_e_Videos
G:\Meu Drive\8310bff7-59ff-4704-bdd2-a955ba0b9a92.png,NÃO,-,G:\Meu Drive\Arquivos_Pessoais_Para_Verificacao\Imagens_e_Videos
G:\Meu Drive\f3bf3812-b26d-4f2a-a932-7588cfc8b1c2.png,NÃO,-,G:\Meu Drive\Arquivos_Pessoais_Para_Verificacao\Imagens_e_Videos
G:\Meu Drive\40003618_315388675895793_988665136115875840_n.jpg,NÃO,-,G:\Meu Drive\Arquivos_Pessoais_Para_Verificacao\Imagens_e_Videos
G:\Meu Drive\696e6b65-71cb-4ecb-984b-67e166e48ee5.png,NÃO,-,G:\Meu Drive\Arquivos_Pessoais_Para_Verificacao\Imagens_e_Videos
G:\Meu Drive\40006421_315388599229134_4611749648367878144_n.jpg,NÃO,-,G:\Meu Drive\Arquivos_Pessoais_Para_Verificacao\Imagens_e_Videos
G:\Meu Drive\6168b53a-f33b-4ee2-84b2-e5722389a5d8.png,NÃO,-,G:\Meu Drive\Arquivos_Pessoais_Para_Verificacao\Imagens_e_Videos
G:\Meu Drive\28633040-cff3-4a94-a9a9-a065f96709da.png,NÃO,-,G:\Meu Drive\Arquivos_Pessoais_Para_Verificacao\Imagens_e_Videos
G:\Meu Drive\f5f85f2a-165f-4f29-b133-939891673f7d.png,NÃO,-,G:\Meu Drive\Arquivos_Pessoais_Para_Verificacao\Imagens_e_Videos
G:\Meu Drive\Como criar um podcast de sucesso.gdoc,NÃO,-,G:\Meu Drive\Arquivos_Pessoais_Para_Verificacao\Documentos_e_Planilhas
G:\Meu Drive\RECIBO_Sayonara.gdoc,NÃO,-,G:\Meu Drive\Arquivos_Pessoais_Para_Verificacao\Documentos_e_Planilhas
G:\Meu Drive\PROCURAÇÃO_Sayonara.gdoc,NÃO,-,G:\Meu Drive\Arquivos_Pessoais_Para_Verificacao\Documentos_e_Planilhas
G:\Meu Drive\BO_00072643 2023.pdf,NÃO,-,G:\Meu Drive\Arquivos_Pessoais_Para_Verificacao\Documentos_e_Planilhas
G:\Meu Drive\Chaves e Links - Sessões TJRN.gdoc,NÃO,-,G:\Meu Drive\Arquivos_Pessoais_Para_Verificacao\Documentos_e_Planilhas
G:\Meu Drive\LM75 - MEDITAÇÃO.mp3,NÃO,-,G:\Meu Drive\Arquivos_Pessoais_Para_Verificacao\Audios_Diversos
G:\Meu Drive\TJRN - META MENSAL RADIO WEB TJRN 2023.docx,NÃO,-,G:\Meu Drive\Arquivos_Pessoais_Para_Verificacao\Documentos_e_Planilhas
G:\Meu Drive\UNIMED - NEGAÇÃO CIRURGIA ORELHA.gdoc,NÃO,-,G:\Meu Drive\Arquivos_Pessoais_Para_Verificacao\Documentos_e_Planilhas
G:\Meu Drive\NOTIFICAÇÃO EXTRAJUDICIAL UNIMED.gdoc,NÃO,-,G:\Meu Drive\Arquivos_Pessoais_Para_Verificacao\Documentos_e_Planilhas
G:\Meu Drive\Requerimento_Padrão_2022.gdoc,NÃO,-,G:\Meu Drive\Arquivos_Pessoais_Para_Verificacao\Documentos_e_Planilhas
G:\Meu Drive\1ª AVALIAÇÃO LINGUAGEM AUDIOVISUAL - THIAGO MACEDO.gdoc,NÃO,-,G:\Meu Drive\Arquivos_Pessoais_Para_Verificacao\Documentos_e_Planilhas
G:\Meu Drive\Thiago-Macedo-1720111735300-Profile.pdf,NÃO,-,G:\Meu Drive\Arquivos_Pessoais_Para_Verificacao\Documentos_e_Planilhas
G:\Meu Drive\Avaliação - Legislação no Radialismo.gdoc,NÃO,-,G:\Meu Drive\Arquivos_Pessoais_Para_Verificacao\Documentos_e_Planilhas
G:\Meu Drive\Atestado de Matrícula.pdf,NÃO,-,G:\Meu Drive\Arquivos_Pessoais_Para_Verificacao\Documentos_e_Planilhas
G:\Meu Drive\Avaliação - Iluminação cênica - UND3.gdoc,NÃO,-,G:\Meu Drive\Arquivos_Pessoais_Para_Verificacao\Documentos_e_Planilhas
G:\Meu Drive\Cópia de IMG_9496.heic,NÃO,-,G:\Meu Drive\Arquivos_Pessoais_Para_Verificacao\Outros
G:\Meu Drive\Cópia de IMG_9494.HEIC,NÃO,-,G:\Meu Drive\Arquivos_Pessoais_Para_Verificacao\Outros
G:\Meu Drive\Termo_de_compromisso_de_TCC (1).gdoc,NÃO,-,G:\Meu Drive\Arquivos_Pessoais_Para_Verificacao\Documentos_e_Planilhas
G:\Meu Drive\Códigos de backup.pdf,NÃO,-,G:\Meu Drive\Arquivos_Pessoais_Para_Verificacao\Documentos_e_Planilhas
G:\Meu Drive\Thiago Macedo - Currículo.gdoc,NÃO,-,G:\Meu Drive\Arquivos_Pessoais_Para_Verificacao\Documentos_e_Planilhas
G:\Meu Drive\Design sem nome (1).jpg,NÃO,-,G:\Meu Drive\Arquivos_Pessoais_Para_Verificacao\Imagens_e_Videos
G:\Meu Drive\Comprovante_20250108T204518158849.png,NÃO,-,G:\Meu Drive\Arquivos_Pessoais_Para_Verificacao\Imagens_e_Videos
G:\Meu Drive\Dossiê de Direção.pdf,NÃO,-,G:\Meu Drive\Arquivos_Pessoais_Para_Verificacao\Documentos_e_Planilhas
G:\Meu Drive\Avaliação adicional (4a prova) - Direção no Audiovisual.gdoc,NÃO,-,G:\Meu Drive\Arquivos_Pessoais_Para_Verificacao\Documentos_e_Planilhas
G:\Meu Drive\Trampolim Sonoro .gdoc,NÃO,-,G:\Meu Drive\Arquivos_Pessoais_Para_Verificacao\Documentos_e_Planilhas
G:\Meu Drive\Termo_de_compromisso_de_TCC.gdoc,NÃO,-,G:\Meu Drive\Arquivos_Pessoais_Para_Verificacao\Documentos_e_Planilhas
G:\Meu Drive\ilumina.gdoc,NÃO,-,G:\Meu Drive\Arquivos_Pessoais_Para_Verificacao\Documentos_e_Planilhas
G:\Meu Drive\Canais Globosat.gdoc,NÃO,-,G:\Meu Drive\Arquivos_Pessoais_Para_Verificacao\Documentos_e_Planilhas
G:\Meu Drive\Cliente Oculto.gsheet,NÃO,-,G:\Meu Drive\Arquivos_Pessoais_Para_Verificacao\Documentos_e_Planilhas
G:\Meu Drive\Canais Globosat - GloboNews e SporTV.gslides,NÃO,-,G:\Meu Drive\Arquivos_Pessoais_Para_Verificacao\Outros
G:\Meu Drive\CAIXA DE PANDORA.pdf,NÃO,-,G:\Meu Drive\Arquivos_Pessoais_Para_Verificacao\Documentos_e_Planilhas
G:\Meu Drive\IMPERADOR DO SERTÃO.gdoc,NÃO,-,G:\Meu Drive\Arquivos_Pessoais_Para_Verificacao\Documentos_e_Planilhas
G:\Meu Drive\O Imperador do Sertão - Minissérie.gdoc,NÃO,-,G:\Meu Drive\Arquivos_Pessoais_Para_Verificacao\Documentos_e_Planilhas
G:\Meu Drive\REQUERIMENTO.gdoc,NÃO,-,G:\Meu Drive\Arquivos_Pessoais_Para_Verificacao\Documentos_e_Planilhas
G:\Meu Drive\REQUERIMENTO   MANIFESTAÇÃO À CONTESTAÇÃO.gdoc,NÃO,-,G:\Meu Drive\Arquivos_Pessoais_Para_Verificacao\Documentos_e_Planilhas
G:\Meu Drive\Avaliação - CENOGRAFIA EM COMUNICACAO .gdoc,NÃO,-,G:\Meu Drive\Arquivos_Pessoais_Para_Verificacao\Documentos_e_Planilhas
G:\Meu Drive\ATLETAS.gsheet,NÃO,-,G:\Meu Drive\Arquivos_Pessoais_Para_Verificacao\Documentos_e_Planilhas
G:\Meu Drive\Cenário das Rádios Web em Parnamirim RN.gsheet,NÃO,-,G:\Meu Drive\Arquivos_Pessoais_Para_Verificacao\Documentos_e_Planilhas
G:\Meu Drive\Respostas ao Formulário.gsheet,NÃO,-,G:\Meu Drive\Arquivos_Pessoais_Para_Verificacao\Documentos_e_Planilhas
G:\Meu Drive\Tendências Gerais das Rádios Web de Parnamirim RN.gdoc,NÃO,-,G:\Meu Drive\Arquivos_Pessoais_Para_Verificacao\Documentos_e_Planilhas
G:\Meu Drive\Lista de Rádios - Parnamirim.xlsx,NÃO,-,G:\Meu Drive\Arquivos_Pessoais_Para_Verificacao\Documentos_e_Planilhas
G:\Meu Drive\Respostas.gdoc,NÃO,-,G:\Meu Drive\Arquivos_Pessoais_Para_Verificacao\Documentos_e_Planilhas
G:\Meu Drive\Respostas - Formulário.gdoc,NÃO,-,G:\Meu Drive\Arquivos_Pessoais_Para_Verificacao\Documentos_e_Planilhas
G:\Meu Drive\Respostas.gsheet,NÃO,-,G:\Meu Drive\Arquivos_Pessoais_Para_Verificacao\Documentos_e_Planilhas
G:\Meu Drive\TCC THIAGO MACEDO (1).pdf,NÃO,-,G:\Meu Drive\Arquivos_Pessoais_Para_Verificacao\Documentos_e_Planilhas
G:\Meu Drive\Projeto para TV   Imperador do Sertão .gdoc,NÃO,-,G:\Meu Drive\Arquivos_Pessoais_Para_Verificacao\Documentos_e_Planilhas
G:\Meu Drive\25016287.pdf,NÃO,-,G:\Meu Drive\Arquivos_Pessoais_Para_Verificacao\Documentos_e_Planilhas
G:\Meu Drive\IMPERADOR DO SERTÃO - ATUALIZADO.gdoc,NÃO,-,G:\Meu Drive\Arquivos_Pessoais_Para_Verificacao\Documentos_e_Planilhas
G:\Meu Drive\Gráficos TCC.gsheet,NÃO,-,G:\Meu Drive\Arquivos_Pessoais_Para_Verificacao\Documentos_e_Planilhas
G:\Meu Drive\TCC THIAGO MACEDO.pdf,NÃO,-,G:\Meu Drive\Arquivos_Pessoais_Para_Verificacao\Documentos_e_Planilhas
G:\Meu Drive\Imperador do Sertão.pdf,NÃO,-,G:\Meu Drive\Arquivos_Pessoais_Para_Verificacao\Documentos_e_Planilhas
G:\Meu Drive\AVALIAÇÃO UND II CENOGRAFIA.gdoc,NÃO,-,G:\Meu Drive\Arquivos_Pessoais_Para_Verificacao\Documentos_e_Planilhas
G:\Meu Drive\AVALIAÇÃO UNIDADE III CENOGRAFIA.gdoc,NÃO,-,G:\Meu Drive\Arquivos_Pessoais_Para_Verificacao\Documentos_e_Planilhas
G:\Meu Drive\QUARTA AVALIAÇÃO - TV II - THIAGO MACEDO.gdoc,NÃO,-,G:\Meu Drive\Arquivos_Pessoais_Para_Verificacao\Documentos_e_Planilhas
G:\Meu Drive\PERSONA NEWS - JORNALISTA DE BOLETINS JUDICIAIS.gdoc,SIM,NJUD,H:\Meu Drive\01_ROTEIROS/NJUD
G:\Meu Drive\PROJETO DE PESQUISA PARA MESTRADO EM ESTUDOS DA MÍDIA.gdoc,NÃO,-,G:\Meu Drive\Arquivos_Pessoais_Para_Verificacao\Documentos_e_Planilhas
G:\Meu Drive\Camara - Homenagem.gdoc,NÃO,-,G:\Meu Drive\Arquivos_Pessoais_Para_Verificacao\Documentos_e_Planilhas
G:\Meu Drive\Rádios Parnamirim.gsheet,NÃO,-,G:\Meu Drive\Arquivos_Pessoais_Para_Verificacao\Documentos_e_Planilhas
G:\Meu Drive\categorias radios.gsheet,NÃO,-,G:\Meu Drive\Arquivos_Pessoais_Para_Verificacao\Documentos_e_Planilhas
G:\Meu Drive\TEXTO COMPILADO - 07 10 2025.gdoc,SIM,DESCONHECIDO,H:\Meu Drive\01_ROTEIROS/DESCONHECIDOS
G:\Meu Drive\faça o melhor mix possível o máximo ganho finance....gsheet,NÃO,-,G:\Meu Drive\Arquivos_Pessoais_Para_Verificacao\Documentos_e_Planilhas
G:\Meu Drive\TEXTO COMPILADO DA PLANILHA - 09 10 2025.gdoc,SIM,DESCONHECIDO,H:\Meu Drive\01_ROTEIROS/DESCONHECIDOS
G:\Meu Drive\quero que você analise o nosso contrato e a nossa....gsheet,NÃO,-,G:\Meu Drive\Arquivos_Pessoais_Para_Verificacao\Documentos_e_Planilhas
G:\Meu Drive\GUIA DE TRANSMISSÃO - FINAL SUB 15.gdoc,NÃO,-,G:\Meu Drive\Arquivos_Pessoais_Para_Verificacao\Documentos_e_Planilhas
G:\Meu Drive\quero 10 ideias.gsheet,NÃO,-,G:\Meu Drive\Arquivos_Pessoais_Para_Verificacao\Documentos_e_Planilhas
G:\Meu Drive\crie uma planilha única.gsheet,NÃO,-,G:\Meu Drive\Arquivos_Pessoais_Para_Verificacao\Documentos_e_Planilhas
G:\Meu Drive\ROTEIROS ILUMINA FISIO.gdoc,NÃO,-,G:\Meu Drive\Arquivos_Pessoais_Para_Verificacao\Documentos_e_Planilhas
G:\Meu Drive\NOTICIAS_DO_JUDICIARIO_1749 20_10.mp3,SIM,DESCONHECIDO,H:\Meu Drive\02_PRODUCAO/DESCONHECIDOS
G:\Meu Drive\Pegar Texto dos Boletins.gdoc,SIM,BOLETIM,H:\Meu Drive\01_ROTEIROS/BOLETINS
G:\Meu Drive\Devolver para Reparar  Histórias e Impactos.gdoc,NÃO,-,G:\Meu Drive\Arquivos_Pessoais_Para_Verificacao\Documentos_e_Planilhas
G:\Meu Drive\NJUD 1753 - 24 10.mp3,SIM,NJUD,H:\Meu Drive\02_PRODUCAO/NJUD
G:\Meu Drive\Práticas de Comunicação Não Violenta para Auto Gestão de Equipes em Trabalho Remoto.gdoc,NÃO,-,G:\Meu Drive\Arquivos_Pessoais_Para_Verificacao\Documentos_e_Planilhas
G:\Meu Drive\SPOT FEIRA DE ARTESANATO.mp3,NÃO,-,G:\Meu Drive\Arquivos_Pessoais_Para_Verificacao\Audios_Diversos
G:\Meu Drive\SPOT DIA DO SERVIDOR.mp3,NÃO,-,G:\Meu Drive\Arquivos_Pessoais_Para_Verificacao\Audios_Diversos
G:\Meu Drive\Linguagem e Direito - Aula 1 - TRANSCRIÇÃO.gdoc,NÃO,-,G:\Meu Drive\Arquivos_Pessoais_Para_Verificacao\Documentos_e_Planilhas
G:\Meu Drive\NJUD 1761 - 05 11.mp3,SIM,NJUD,H:\Meu Drive\02_PRODUCAO/NJUD
G:\Meu Drive\Venda de Terreno de Alto Padrão em Parnamirim.gdoc,NÃO,-,G:\Meu Drive\Arquivos_Pessoais_Para_Verificacao\Documentos_e_Planilhas
G:\Meu Drive\vamos criar um projeto juntos.  Projeto Final   N....gdoc,NÃO,-,G:\Meu Drive\Arquivos_Pessoais_Para_Verificacao\Documentos_e_Planilhas
G:\Meu Drive\VT Cena 2.gsheet,NÃO,-,G:\Meu Drive\Arquivos_Pessoais_Para_Verificacao\Documentos_e_Planilhas
G:\Meu Drive\precisamos fazer a planilha para 2026 com os vale....gsheet,NÃO,-,G:\Meu Drive\Arquivos_Pessoais_Para_Verificacao\Documentos_e_Planilhas
G:\Meu Drive\Imagem do WhatsApp de 2025-10-31 à(s) 12.35.42_8d50e4f1.jpg,NÃO,-,G:\Meu Drive\Arquivos_Pessoais_Para_Verificacao\Imagens_e_Videos
G:\Meu Drive\Documento de Thiago Macedo (2),NÃO,-,G:\Meu Drive\Arquivos_Pessoais_Para_Verificacao\Outros
G:\Meu Drive\Coruja.mp3,NÃO,-,G:\Meu Drive\Arquivos_Pessoais_Para_Verificacao\Audios_Diversos
G:\Meu Drive\Etiquetas de Endereçamento.gdoc,NÃO,-,G:\Meu Drive\Arquivos_Pessoais_Para_Verificacao\Documentos_e_Planilhas
G:\Meu Drive\Documento sem título (6).gdoc,NÃO,-,G:\Meu Drive\Arquivos_Pessoais_Para_Verificacao\Documentos_e_Planilhas
G:\Meu Drive\Exportação do Gemini  19 de janeiro de 2026 às 10 48 58 BRT.gdoc,SIM,DESCONHECIDO,H:\Meu Drive\01_ROTEIROS/DESCONHECIDOS
G:\Meu Drive\Contrato ILUMINA FISIO Parnamirim.gdoc,NÃO,-,G:\Meu Drive\Arquivos_Pessoais_Para_Verificacao\Documentos_e_Planilhas
G:\Meu Drive\Relatório Rádios.gsheet,NÃO,-,G:\Meu Drive\Arquivos_Pessoais_Para_Verificacao\Documentos_e_Planilhas
G:\Meu Drive\Solicitação Técnica Rádio TJRN.gdoc,NÃO,-,G:\Meu Drive\Arquivos_Pessoais_Para_Verificacao\Documentos_e_Planilhas
G:\Meu Drive\transforme em um arquivo formatado e modifique o....gdoc,NÃO,-,G:\Meu Drive\Arquivos_Pessoais_Para_Verificacao\Documentos_e_Planilhas
G:\Meu Drive\RELATÓRIO DE VEICULAÇÃO DE CONTEÚDO EDUCATIVO.gdoc,NÃO,-,G:\Meu Drive\Arquivos_Pessoais_Para_Verificacao\Documentos_e_Planilhas
G:\Meu Drive\Planilha sem título (7).gsheet,NÃO,-,G:\Meu Drive\Arquivos_Pessoais_Para_Verificacao\Documentos_e_Planilhas
G:\Meu Drive\Copy of Atul Shankar - Dataset2  - Atalanta BC vs Parma Calcio [Match 4] (1).xlsx,NÃO,-,G:\Meu Drive\Arquivos_Pessoais_Para_Verificacao\Documentos_e_Planilhas
G:\Meu Drive\Copy of Atul Shankar - Dataset2  - Atalanta BC vs Parma Calcio [Match 4].xlsx,NÃO,-,G:\Meu Drive\Arquivos_Pessoais_Para_Verificacao\Documentos_e_Planilhas
G:\Meu Drive\Compartilhando arquivo… (1).pdf,NÃO,-,G:\Meu Drive\Arquivos_Pessoais_Para_Verificacao\Documentos_e_Planilhas
G:\Meu Drive\Planilha sem título (6).gsheet,NÃO,-,G:\Meu Drive\Arquivos_Pessoais_Para_Verificacao\Documentos_e_Planilhas
G:\Meu Drive\Planilha de Avaliação de Insights Esportivos.gsheet,NÃO,-,G:\Meu Drive\Arquivos_Pessoais_Para_Verificacao\Documentos_e_Planilhas
G:\Meu Drive\Planilha sem título (5).gsheet,NÃO,-,G:\Meu Drive\Arquivos_Pessoais_Para_Verificacao\Documentos_e_Planilhas
G:\Meu Drive\Match 3.csv,NÃO,-,G:\Meu Drive\Arquivos_Pessoais_Para_Verificacao\Documentos_e_Planilhas
G:\Meu Drive\Planilha sem título (4).gsheet,NÃO,-,G:\Meu Drive\Arquivos_Pessoais_Para_Verificacao\Documentos_e_Planilhas
G:\Meu Drive\Thiago_Macedo_Barcelona_vs_Mallorca_Evaluation.csv,NÃO,-,G:\Meu Drive\Arquivos_Pessoais_Para_Verificacao\Documentos_e_Planilhas
G:\Meu Drive\Planilha sem título (3).gsheet,NÃO,-,G:\Meu Drive\Arquivos_Pessoais_Para_Verificacao\Documentos_e_Planilhas
G:\Meu Drive\Thiago Macedo - Match 5_ T-45 (Dataset 2)  - Barcelona vs Mallorca.gsheet,NÃO,-,G:\Meu Drive\Arquivos_Pessoais_Para_Verificacao\Documentos_e_Planilhas
G:\Meu Drive\Thiago Macedo - Match 5  T-45 (Dataset 2)  - Barcelona vs Mallorca.gsheet,NÃO,-,G:\Meu Drive\Arquivos_Pessoais_Para_Verificacao\Documentos_e_Planilhas
G:\Meu Drive\Documento de Thiago Macedo (1),NÃO,-,G:\Meu Drive\Arquivos_Pessoais_Para_Verificacao\Outros
G:\Meu Drive\narrador-pro---dashboard-de-futebol.zip,NÃO,-,G:\Meu Drive\Arquivos_Pessoais_Para_Verificacao\Outros
G:\Meu Drive\NU_157349675_01FEV2026_10FEV2026.csv,NÃO,-,G:\Meu Drive\Arquivos_Pessoais_Para_Verificacao\Documentos_e_Planilhas
G:\Meu Drive\Planilha sem título (2).gsheet,NÃO,-,G:\Meu Drive\Arquivos_Pessoais_Para_Verificacao\Documentos_e_Planilhas
G:\Meu Drive\Análise Linguística de Advertência de Risco.gdoc,NÃO,-,G:\Meu Drive\Arquivos_Pessoais_Para_Verificacao\Documentos_e_Planilhas
G:\Meu Drive\Documento sem título (5).gdoc,NÃO,-,G:\Meu Drive\Arquivos_Pessoais_Para_Verificacao\Documentos_e_Planilhas
G:\Meu Drive\PAUTA SUSTENTAÇÃO ANTERIOR PRESENCIAL E REMOTA SESSÃO 10.03.2026.docx,SIM,DESCONHECIDO,H:\Meu Drive\01_ROTEIROS/DESCONHECIDOS
G:\Meu Drive\GC 1ª C CÍVEL 10 03 2026.txt,SIM,DESCONHECIDO,H:\Meu Drive\01_ROTEIROS/DESCONHECIDOS
G:\Meu Drive\GC 3ª C CÍVEL 10 03 2026.txt,SIM,DESCONHECIDO,H:\Meu Drive\01_ROTEIROS/DESCONHECIDOS
G:\Meu Drive\Compartilhando arquivo….pdf,NÃO,-,G:\Meu Drive\Arquivos_Pessoais_Para_Verificacao\Documentos_e_Planilhas
G:\Meu Drive\Atualizador de Boletins,NÃO,-,G:\Meu Drive\Arquivos_Pessoais_Para_Verificacao\Outros
"G:\Meu Drive\Plano Estratégico e Proposta Comercial  Plataforma de ODR (Conciliação, Mediação e Arbitragem).gdoc",NÃO,-,G:\Meu Drive\Arquivos_Pessoais_Para_Verificacao\Documentos_e_Planilhas
G:\Meu Drive\Plano Estratégico e Comercial  Plataforma de Resolução de Conflitos.gdoc,NÃO,-,G:\Meu Drive\Arquivos_Pessoais_Para_Verificacao\Documentos_e_Planilhas
G:\Meu Drive\Caçador Definitivo (Lê Original),NÃO,-,G:\Meu Drive\Arquivos_Pessoais_Para_Verificacao\Outros
G:\Meu Drive\Análise Linguística Forense de Discurso.gdoc,NÃO,-,G:\Meu Drive\Arquivos_Pessoais_Para_Verificacao\Documentos_e_Planilhas
G:\Meu Drive\Transcrição e Análise de Dados.gsheet,NÃO,-,G:\Meu Drive\Arquivos_Pessoais_Para_Verificacao\Documentos_e_Planilhas
G:\Meu Drive\CO OCORRENCIAS.gsheet,NÃO,-,G:\Meu Drive\Arquivos_Pessoais_Para_Verificacao\Documentos_e_Planilhas
G:\Meu Drive\Trabalho de Métodos e Práticas de Análise Linguística.gdoc,NÃO,-,G:\Meu Drive\Arquivos_Pessoais_Para_Verificacao\Documentos_e_Planilhas
G:\Meu Drive\Relatório de Viabilidade e Vendas.gdoc,NÃO,-,G:\Meu Drive\Arquivos_Pessoais_Para_Verificacao\Documentos_e_Planilhas
G:\Meu Drive\Linguística Forense e Tecnologia Digital - Aula 02.gdoc,NÃO,-,G:\Meu Drive\Arquivos_Pessoais_Para_Verificacao\Documentos_e_Planilhas
G:\Meu Drive\Documento sem título (4).gdoc,NÃO,-,G:\Meu Drive\Arquivos_Pessoais_Para_Verificacao\Documentos_e_Planilhas
G:\Meu Drive\Planilha sem título (1).gsheet,NÃO,-,G:\Meu Drive\Arquivos_Pessoais_Para_Verificacao\Documentos_e_Planilhas
G:\Meu Drive\Desenvolver App Leitura Dados OBD.gdoc,NÃO,-,G:\Meu Drive\Arquivos_Pessoais_Para_Verificacao\Documentos_e_Planilhas
G:\Meu Drive\dados_insta.gsheet,NÃO,-,G:\Meu Drive\Arquivos_Pessoais_Para_Verificacao\Documentos_e_Planilhas
G:\Meu Drive\Documento de Thiago Macedo,NÃO,-,G:\Meu Drive\Arquivos_Pessoais_Para_Verificacao\Outros
G:\Meu Drive\AVALIAÇÃO - LINGUÍSTICA FORENSE E TECNOLOGIA DIGITAL.gdoc,NÃO,-,G:\Meu Drive\Arquivos_Pessoais_Para_Verificacao\Documentos_e_Planilhas
G:\Meu Drive\TRADIÇÃO TRÊS.gdoc,NÃO,-,G:\Meu Drive\Arquivos_Pessoais_Para_Verificacao\Documentos_e_Planilhas
G:\Meu Drive\Enfrentamento ao discurso de ódio.gdoc,NÃO,-,G:\Meu Drive\Arquivos_Pessoais_Para_Verificacao\Documentos_e_Planilhas
G:\Meu Drive\Documento sem título (3).gdoc,NÃO,-,G:\Meu Drive\Arquivos_Pessoais_Para_Verificacao\Documentos_e_Planilhas
G:\Meu Drive\caern (1),NÃO,-,G:\Meu Drive\Arquivos_Pessoais_Para_Verificacao\Outros
G:\Meu Drive\Caern,NÃO,-,G:\Meu Drive\Arquivos_Pessoais_Para_Verificacao\Outros
G:\Meu Drive\Documento sem título (2).gdoc,NÃO,-,G:\Meu Drive\Arquivos_Pessoais_Para_Verificacao\Documentos_e_Planilhas
G:\Meu Drive\Análise do artigo   O discurso relatado em depoimentos da justiça  formas e funções .gdoc,NÃO,-,G:\Meu Drive\Arquivos_Pessoais_Para_Verificacao\Documentos_e_Planilhas
G:\Meu Drive\Documento sem título (1).gdoc,NÃO,-,G:\Meu Drive\Arquivos_Pessoais_Para_Verificacao\Documentos_e_Planilhas
G:\Meu Drive\Documento sem título.gdoc,NÃO,-,G:\Meu Drive\Arquivos_Pessoais_Para_Verificacao\Documentos_e_Planilhas
G:\Meu Drive\PROCURAÇÃO.gdoc,NÃO,-,G:\Meu Drive\Arquivos_Pessoais_Para_Verificacao\Documentos_e_Planilhas
G:\Meu Drive\Raspagem Segura de Dados do Instagram.gdoc,NÃO,-,G:\Meu Drive\Arquivos_Pessoais_Para_Verificacao\Documentos_e_Planilhas
G:\Meu Drive\Contrato ILUMINA FISIO Natal.gdoc,NÃO,-,G:\Meu Drive\Arquivos_Pessoais_Para_Verificacao\Documentos_e_Planilhas
G:\Meu Drive\Planilha sem título.gsheet,NÃO,-,G:\Meu Drive\Arquivos_Pessoais_Para_Verificacao\Documentos_e_Planilhas
G:\Meu Drive\Planilha sem título (8).gsheet,NÃO,-,G:\Meu Drive\Arquivos_Pessoais_Para_Verificacao\Documentos_e_Planilhas
G:\Meu Drive\GNC 103 .gdoc,NÃO,-,G:\Meu Drive\Arquivos_Pessoais_Para_Verificacao\Documentos_e_Planilhas
G:\Meu Drive\giro.gsheet,NÃO,-,G:\Meu Drive\Arquivos_Pessoais_Para_Verificacao\Documentos_e_Planilhas
"G:\Meu Drive\BOLETINS 2026 - 23 de janeiro, 11 29.gsheet",NÃO,-,G:\Meu Drive\Arquivos_Pessoais_Para_Verificacao\Documentos_e_Planilhas
G:\Meu Drive\Produção - Boletins Rádio.gsheet,NÃO,-,G:\Meu Drive\Arquivos_Pessoais_Para_Verificacao\Documentos_e_Planilhas
G:\Meu Drive\BOLETIM_RADIO_TJRN_23_01_2026_B9_NOVO_MODULO_TRE.mp3,SIM,BOLETIM,H:\Meu Drive\02_PRODUCAO/BOLETINS
G:\Meu Drive\BOLETIM_RADIO_TJRN_09_01_2026_B10_TJRN_AGRESSOR_PAIS_INDENIZAR_ATAQUE_FISICO_.mp3,SIM,BOLETIM,H:\Meu Drive\02_PRODUCAO/BOLETINS
G:\Meu Drive\BOLETIM_RADIO_TJRN_23_01_2026_B6_TRABALHO_DECENTE_CNJ.mp3,SIM,BOLETIM,H:\Meu Drive\02_PRODUCAO/BOLETINS
G:\Meu Drive\BOLETIM_RADIO_TJRN_19_01_2026_B9_OABRN_CARTILHA_EDUCACAO_INCLUSIVA_.mp3,SIM,BOLETIM,H:\Meu Drive\02_PRODUCAO/BOLETINS
G:\Meu Drive\BOLETIM_RADIO_TJRN_26_01_2026_B10_TTRRN_SOLENIDADE_PLENO_ABERTURA_.mp3,SIM,BOLETIM,H:\Meu Drive\02_PRODUCAO/BOLETINS
G:\Meu Drive\BOLETIM_RADIO_TJRN_19_02_2026_B5_JURI_POPULAR_TENTATIVA_HOMICIDIO.mp3,SIM,BOLETIM,H:\Meu Drive\02_PRODUCAO/BOLETINS
G:\Meu Drive\BOLETIM_RADIO_TJRN_27_01_2026_B5_INDENIZACAO_FALHA_VIAGEM_RODOVIARIA.mp3,SIM,BOLETIM,H:\Meu Drive\02_PRODUCAO/BOLETINS
G:\Meu Drive\BOLETIM_RADIO_TJRN_30_01_2026_B1_TJRN_AMPLIA_PRODUTIVIDADE.mp3,SIM,BOLETIM,H:\Meu Drive\02_PRODUCAO/BOLETINS
G:\Meu Drive\BOLETIM_RADIO_TJRN_12_01_2026_B3_TJRN_PLANO_SAUDE_TEA_CRIANCA.mp3,SIM,BOLETIM,H:\Meu Drive\02_PRODUCAO/BOLETINS
G:\Meu Drive\BOLETIM_RADIO_TJRN_16_01_2026_B5_NOVAS_PARCERIAS_PEDAGOGICAS_ESMARN.mp3,SIM,BOLETIM,H:\Meu Drive\02_PRODUCAO/BOLETINS
G:\Meu Drive\BOLETIM_RADIO_TJRN_26_01_2026_B2_ESTAGIO_DIREITO_6_JUIZADO.mp3,SIM,BOLETIM,H:\Meu Drive\02_PRODUCAO/BOLETINS
G:\Meu Drive\BOLETIM_RADIO_TJRN_30_01_2026_B4_MPRN_OPERACAO_ORGANIZACAO_CRIMINOSA.mp3,SIM,BOLETIM,H:\Meu Drive\02_PRODUCAO/BOLETINS
G:\Meu Drive\BOLETIM_RADIO_TJRN_12_01_2026_B7_MPRN_CONVOCACAO_PROFESSORES_ESTADO.mp3,SIM,BOLETIM,H:\Meu Drive\02_PRODUCAO/BOLETINS
G:\Meu Drive\BOLETIM_RADIO_TJRN_28_01_2026_B6_TJRN_PARNAMIRIM_CIRURGIA_IDOSA.mp3,SIM,BOLETIM,H:\Meu Drive\02_PRODUCAO/BOLETINS
G:\Meu Drive\BOLETIM_RADIO_TJRN_27_01_2026_B4_TRTRN_EMPRESA_ISENTA_MORTE_VIGILANTE.mp3,SIM,BOLETIM,H:\Meu Drive\02_PRODUCAO/BOLETINS
G:\Meu Drive\BOLETIM_RADIO_TJRN_23_01_2026_B8_CONSULTA_TSE_ACESSIBILIDADE.mp3,SIM,BOLETIM,H:\Meu Drive\02_PRODUCAO/BOLETINS
G:\Meu Drive\BOLETIM_RADIO_TJRN_23_02_2026_B8_COSERN_DANOS_MORAIS.mp3,SIM,BOLETIM,H:\Meu Drive\02_PRODUCAO/BOLETINS
G:\Meu Drive\BOLETIM_RADIO_TJRN_26_01_2026_B9_OABRN_VISITA_DELEGACIA_PLANTAO_.mp3,SIM,BOLETIM,H:\Meu Drive\02_PRODUCAO/BOLETINS
G:\Meu Drive\BOLETIM_RADIO_TJRN_14_01_2026_B1_TCERN_MUNICIPIOS_CUSTEAR_DIARIAS_.mp3,SIM,BOLETIM,H:\Meu Drive\02_PRODUCAO/BOLETINS
G:\Meu Drive\BOLETIM_RADIO_TJRN_27_01_2026_B8_IMPROBIDADE_EX_PRESIDENTE_CAMARA_SAO_GONCALO.mp3,SIM,BOLETIM,H:\Meu Drive\02_PRODUCAO/BOLETINS
G:\Meu Drive\BOLETIM_RADIO_TJRN_15_01_2026_B10_MPRN_DIALOGO_EDUCACAO_COVID_19.mp3,SIM,BOLETIM,H:\Meu Drive\02_PRODUCAO/BOLETINS
G:\Meu Drive\BOLETIM_RADIO_TJRN_19_01_2026_B10_ESMARN_DOUTORADO_INTERINSTITUCIONAL_.mp3,SIM,BOLETIM,H:\Meu Drive\02_PRODUCAO/BOLETINS
G:\Meu Drive\BOLETIM_RADIO_TJRN_15_01_2026_B9_PREMIO_CNJ_QUALIDADE.mp3,SIM,BOLETIM,H:\Meu Drive\02_PRODUCAO/BOLETINS
G:\Meu Drive\BOLETIM_RADIO_TJRN_03_02_2026_B4_TJRN_COMARCA_EXTREMOZ_DEMANDAS_JUDICIAIS_.mp3,SIM,BOLETIM,H:\Meu Drive\02_PRODUCAO/BOLETINS
G:\Meu Drive\BOLETIM_RADIO_TJRN_27_01_2026_B7_CLINICA_CONDENACAO_MORTE_FILHOTES.mp3,SIM,BOLETIM,H:\Meu Drive\02_PRODUCAO/BOLETINS
G:\Meu Drive\BOLETIM_RADIO_TJRN_24_02_2026_B1_TJRN_SAO_JOSE_PROCESSO_SELETIVO_.mp3,SIM,BOLETIM,H:\Meu Drive\02_PRODUCAO/BOLETINS
G:\Meu Drive\BOLETIM_RADIO_TJRN_20_01_2026_B3_COMPANHIA_AEREA_FALHAS_TAYLOR_SWIFT.mp3,SIM,BOLETIM,H:\Meu Drive\02_PRODUCAO/BOLETINS
G:\Meu Drive\BOLETIM_RADIO_TJRN_03_02_2026_B2_TJRN_IA_ROTINAS_PRESTACAO_JURISDICIONAL.mp3,SIM,BOLETIM,H:\Meu Drive\02_PRODUCAO/BOLETINS
G:\Meu Drive\BOLETIM_RADIO_TJRN_23_01_2026_B4_PLANO_RESTABELECIMENTO_AGUA.mp3,SIM,BOLETIM,H:\Meu Drive\02_PRODUCAO/BOLETINS
G:\Meu Drive\BOLETIM_RADIO_TJRN_24_02_2026_B7_ESMARN_CURSO_PLANILHAS_ELETRONICAS_.mp3,SIM,BOLETIM,H:\Meu Drive\02_PRODUCAO/BOLETINS
G:\Meu Drive\BOLETIM_RADIO_TJRN_23_02_2026_B1_TJRN_LAUDO_MEDICO_ASSISTENTE.mp3,SIM,BOLETIM,H:\Meu Drive\02_PRODUCAO/BOLETINS
G:\Meu Drive\BOLETIM_RADIO_TJRN_19_01_2026_B4_OBRAS_ESCOLAS_TOUROS.mp3,SIM,BOLETIM,H:\Meu Drive\02_PRODUCAO/BOLETINS
G:\Meu Drive\BOLETIM_RADIO_TJRN_14_01_2026_B3_DPERN_SANTO_ANTONIO_EDITAL.mp3,SIM,BOLETIM,H:\Meu Drive\02_PRODUCAO/BOLETINS
G:\Meu Drive\BOLETIM_RADIO_TJRN_14_01_2026_B8_TJRN_POSSE_GESTAO_DEFENSORIA_PUBLICA.mp3,SIM,BOLETIM,H:\Meu Drive\02_PRODUCAO/BOLETINS
G:\Meu Drive\BOLETIM_RADIO_TJRN_23_01_2026_B2_PAGAMENTO_IPTU_PENDENTES.mp3,SIM,BOLETIM,H:\Meu Drive\02_PRODUCAO/BOLETINS
G:\Meu Drive\BOLETIM_RADIO_TJRN_23_02_2026_B6_FORNECIMENTO_ENERGIA_ESCOLAS.mp3,SIM,BOLETIM,H:\Meu Drive\02_PRODUCAO/BOLETINS
G:\Meu Drive\BOLETIM_RADIO_TJRN_30_01_2026_B5_TRTRN_WI_FI_ABERTO_.mp3,SIM,BOLETIM,H:\Meu Drive\02_PRODUCAO/BOLETINS
G:\Meu Drive\BOLETIM_RADIO_TJRN_26_02_2026_B6_SESSAO_HIBRIDA_CRIMINAL_2_03.mp3,SIM,BOLETIM,H:\Meu Drive\02_PRODUCAO/BOLETINS
G:\Meu Drive\BOLETIM_RADIO_TJRN_20_01_2026_B4_CONDENACAO_ATAQUE_AO_VIVO.mp3,SIM,BOLETIM,H:\Meu Drive\02_PRODUCAO/BOLETINS
G:\Meu Drive\BOLETIM_RADIO_TJRN_03_02_2026_B5_TRERN_CANAL_RECEBIMENTO_DENUNCIAS_.mp3,SIM,BOLETIM,H:\Meu Drive\02_PRODUCAO/BOLETINS
G:\Meu Drive\BOLETIM_RADIO_TJRN_14_01_2026_B5_DOCUMENTO_POS_MORTE.mp3,SIM,BOLETIM,H:\Meu Drive\02_PRODUCAO/BOLETINS
G:\Meu Drive\BOLETIM_RADIO_TJRN_27_01_2026_B10_PENAS_PECUNIARIAS_PARNAMIRIM.mp3,SIM,BOLETIM,H:\Meu Drive\02_PRODUCAO/BOLETINS
G:\Meu Drive\BOLETIM_RADIO_TJRN_28_01_2026_B5_TJRN_RECURSOS_PENAS_ACARI.mp3,SIM,BOLETIM,H:\Meu Drive\02_PRODUCAO/BOLETINS
G:\Meu Drive\BOLETIM_RADIO_TJRN_15_01_2026_B2_TRTRN_INVENTARIO_PROCESSOS_ORGANIZACIONAIS_.mp3,SIM,BOLETIM,H:\Meu Drive\02_PRODUCAO/BOLETINS
G:\Meu Drive\BOLETIM_RADIO_TJRN_14_01_2026_B7_PENAS_PECUNIARIAS.mp3,SIM,BOLETIM,H:\Meu Drive\02_PRODUCAO/BOLETINS
G:\Meu Drive\BOLETIM_RADIO_TJRN_20_01_2026_B5_ANULACAO_ELEICAO_SAO_JOSE.mp3,SIM,BOLETIM,H:\Meu Drive\02_PRODUCAO/BOLETINS
G:\Meu Drive\BOLETIM_RADIO_TJRN_07_01_2026_B2_INDENIZACAO_FALHA_AIRBAGS.mp3,SIM,BOLETIM,H:\Meu Drive\02_PRODUCAO/BOLETINS
G:\Meu Drive\BOLETIM_RADIO_TJRN_22_01_2026_B10_MPRN_DENUNCIA_SONEGACAO_FISCAL_.mp3,SIM,BOLETIM,H:\Meu Drive\02_PRODUCAO/BOLETINS
G:\Meu Drive\BOLETIM_RADIO_TJRN_15_01_2026_B5_REPOJURN_QUALIS_CAPES_.mp3,SIM,BOLETIM,H:\Meu Drive\02_PRODUCAO/BOLETINS
G:\Meu Drive\BOLETIM_RADIO_TJRN_08_01_2026_B2_TRTRN_RETOMA_ATIVIDADES.mp3,SIM,BOLETIM,H:\Meu Drive\02_PRODUCAO/BOLETINS
G:\Meu Drive\BOLETIM_RADIO_TJRN_23_02_2026_B3_TJRN_PLANO_SAUDE_CUSTEAR_TRATAMENTO.mp3,SIM,BOLETIM,H:\Meu Drive\02_PRODUCAO/BOLETINS
G:\Meu Drive\BOLETIM_RADIO_TJRN_14_01_2026_B10_CARTILHA_ENTREGA_ADOCAO.mp3,SIM,BOLETIM,H:\Meu Drive\02_PRODUCAO/BOLETINS
G:\Meu Drive\BOLETIM_RADIO_TJRN_27_02_2026_B5_PERFIL_DE_VENDAS_DEVE_SER_REATIVADO.mp3,SIM,BOLETIM,H:\Meu Drive\02_PRODUCAO/BOLETINS
G:\Meu Drive\BOLETIM_RADIO_TJRN_20_01_2026_B1_TRERN_PROTOCOLO_DENUNCIAS_FRAUDES_CORRUPCAO_.mp3,SIM,BOLETIM,H:\Meu Drive\02_PRODUCAO/BOLETINS
G:\Meu Drive\BOLETIM_RADIO_TJRN_23_02_2026_B4_TJRN_SEMANA_MULHER_2026.mp3,SIM,BOLETIM,H:\Meu Drive\02_PRODUCAO/BOLETINS
G:\Meu Drive\BOLETIM_RADIO_TJRN_15_01_2026_B4_MPRN_REGULARIZACAO_EXAMES_TARCISIO_MAIA_.mp3,SIM,BOLETIM,H:\Meu Drive\02_PRODUCAO/BOLETINS
G:\Meu Drive\BOLETIM_RADIO_TJRN_12_01_2026_B6_DPERN_RESULTADOS_BIENIOS_.mp3,SIM,BOLETIM,H:\Meu Drive\02_PRODUCAO/BOLETINS
G:\Meu Drive\BOLETIM_RADIO_TJRN_14_01_2026_B9_PAPEL_TJRN_OUVIDORIA.mp3,SIM,BOLETIM,H:\Meu Drive\02_PRODUCAO/BOLETINS
G:\Meu Drive\BOLETIM_RADIO_TJRN_09_01_2026_B9_TJRN_JUSTICA_PROIBE_COSERN_AREZ.mp3,SIM,BOLETIM,H:\Meu Drive\02_PRODUCAO/BOLETINS
G:\Meu Drive\BOLETIM_RADIO_TJRN_29_01_2026_B1_LEILAO_TERRENO_BARAUNA.mp3,SIM,BOLETIM,H:\Meu Drive\02_PRODUCAO/BOLETINS
G:\Meu Drive\BOLETIM_RADIO_TJRN_19_01_2026_B2_CONDENACAO_TROCA_NUMERO_TELEFONE.mp3,SIM,BOLETIM,H:\Meu Drive\02_PRODUCAO/BOLETINS
G:\Meu Drive\BOLETIM_RADIO_TJRN_23_02_2026_B2_TJRN_MULHER_CONDENADA_DETENCAO_.mp3,SIM,BOLETIM,H:\Meu Drive\02_PRODUCAO/BOLETINS
G:\Meu Drive\BOLETIM_RADIO_TJRN_15_01_2026_B6_ESCOLA_NEGATIVACAO_INDEVIDA.mp3,SIM,BOLETIM,H:\Meu Drive\02_PRODUCAO/BOLETINS
G:\Meu Drive\BOLETIM_RADIO_TJRN_29_01_2026_B8_EMPRESA_ONLINE_CONDENADA_DANOS_MORAIS.mp3,SIM,BOLETIM,H:\Meu Drive\02_PRODUCAO/BOLETINS
G:\Meu Drive\BOLETIM_RADIO_TJRN_27_02_2026_B10_ESMARN_NOVO_SITE.mp3,SIM,BOLETIM,H:\Meu Drive\02_PRODUCAO/BOLETINS
G:\Meu Drive\BOLETIM_RADIO_TJRN_21_01_2026_B1_INDENIZACAO_FALTA_DE_ASSISTENCIA_VOO.mp3,SIM,BOLETIM,H:\Meu Drive\02_PRODUCAO/BOLETINS
G:\Meu Drive\BOLETIM_RADIO_TJRN_19_01_2026_B5_JUIZADO_AEROPORTO_RESOLUTIVIDADE.mp3,SIM,BOLETIM,H:\Meu Drive\02_PRODUCAO/BOLETINS
G:\Meu Drive\BOLETIM_RADIO_TJRN_04_02_2026_B3_MANUAL_DE_GESTAO_PROCESSUAL.mp3,SIM,BOLETIM,H:\Meu Drive\02_PRODUCAO/BOLETINS
G:\Meu Drive\BOLETIM_RADIO_TJRN_15_01_2026_B1_IPEM_FISCALIZA_INSTRUMENTOS_MEDICAO_.mp3,SIM,BOLETIM,H:\Meu Drive\02_PRODUCAO/BOLETINS
G:\Meu Drive\BOLETIM_RADIO_TJRN_15_01_2026_B3_DPERN_NOVO_DEFENSOR_.mp3,SIM,BOLETIM,H:\Meu Drive\02_PRODUCAO/BOLETINS
G:\Meu Drive\BOLETIM_RADIO_TJRN_26_02_2026_B3_TJRN_REDE_SOCIAL_DEVE_EXCLUIR.mp3,SIM,BOLETIM,H:\Meu Drive\02_PRODUCAO/BOLETINS
G:\Meu Drive\BOLETIM_RADIO_TJRN_16_01_2026_B8_CONDENACAO_SUPLEMENTO_IMPROPRIO.mp3,SIM,BOLETIM,H:\Meu Drive\02_PRODUCAO/BOLETINS
G:\Meu Drive\BOLETIM_RADIO_TJRN_14_01_2026_B2_IPERN_CONVOCA_APOSENTADOS_.mp3,SIM,BOLETIM,H:\Meu Drive\02_PRODUCAO/BOLETINS
G:\Meu Drive\BOLETIM_RADIO_TJRN_08_01_2026_B7_NULIDADE_CONTRATO_PREFEITURA_MONTE_ALEGRE.mp3,SIM,BOLETIM,H:\Meu Drive\02_PRODUCAO/BOLETINS
G:\Meu Drive\BOLETIM_RADIO_TJRN_12_01_2026_B8_MPRN_APURACAO_APOLOGIA_NAZISMO.mp3,SIM,BOLETIM,H:\Meu Drive\02_PRODUCAO/BOLETINS
G:\Meu Drive\BOLETIM_RADIO_TJRN_30_01_2026_B8_TJRN_DECISAO_DESVIO_FUNCAO_VERA_CRUZ.mp3,SIM,BOLETIM,H:\Meu Drive\02_PRODUCAO/BOLETINS
G:\Meu Drive\BOLETIM_RADIO_TJRN_20_01_2026_B2_CAERN_INDENIZACAO_FALHA_AREIA_BRANCA.mp3,SIM,BOLETIM,H:\Meu Drive\02_PRODUCAO/BOLETINS
G:\Meu Drive\BOLETIM_RADIO_TJRN_07_01_2026_B7_EMPRESA_DEVE_ENTREGAR_BRINDE.mp3,SIM,BOLETIM,H:\Meu Drive\02_PRODUCAO/BOLETINS
G:\Meu Drive\BOLETIM_RADIO_TJRN_08_01_2026_B10_CHAPA_ELEICOES_ESCOLARES_LAGOA_NOVA.mp3,SIM,BOLETIM,H:\Meu Drive\02_PRODUCAO/BOLETINS
G:\Meu Drive\BOLETIM_RADIO_TJRN_07_01_2026_B3_JURI_POPULAR_GRUPO_DE_EXTERMINIO.mp3,SIM,BOLETIM,H:\Meu Drive\02_PRODUCAO/BOLETINS
G:\Meu Drive\BOLETIM_RADIO_TJRN_19_01_2026_B6_TRTRN_MOVIMENTACOES_LEILAO.mp3,SIM,BOLETIM,H:\Meu Drive\02_PRODUCAO/BOLETINS
G:\Meu Drive\BOLETIM_RADIO_TJRN_24_02_2026_B9_MPRN_UFRN_SEMINARIO_POLITICAS_PUBLICAS_.mp3,SIM,BOLETIM,H:\Meu Drive\02_PRODUCAO/BOLETINS
G:\Meu Drive\BOLETIM_RADIO_TJRN_20_01_2026_B10_ESCRITORES_CARCERE_ACADEMIA_ARTES_POTIGUAR.mp3,SIM,BOLETIM,H:\Meu Drive\02_PRODUCAO/BOLETINS
G:\Meu Drive\BOLETIM_RADIO_TJRN_23_01_2026_B7_CONGRESSO_JUDICIARIO_AMERICA_LATINA.mp3,SIM,BOLETIM,H:\Meu Drive\02_PRODUCAO/BOLETINS
G:\Meu Drive\BOLETIM_RADIO_TJRN_20_01_2026_B9_PERFIL_DE_REDE_SOCIAL.mp3,SIM,BOLETIM,H:\Meu Drive\02_PRODUCAO/BOLETINS
G:\Meu Drive\BOLETIM_RADIO_TJRN_14_01_2026_B4_CONDENACAO_JOALHEIRO_INDENIZACAO_CLIENTE.mp3,SIM,BOLETIM,H:\Meu Drive\02_PRODUCAO/BOLETINS
G:\Meu Drive\BOLETIM_RADIO_TJRN_26_02_2026_B9_MEDICAMENTO_ANEMIA_FALCIFORME.mp3,SIM,BOLETIM,H:\Meu Drive\02_PRODUCAO/BOLETINS
G:\Meu Drive\BOLETIM_RADIO_TJRN_29_01_2026_B9_FORNECIMENTO_TRATAMENTO_OFTALMOLOGICO.mp3,SIM,BOLETIM,H:\Meu Drive\02_PRODUCAO/BOLETINS
G:\Meu Drive\BOLETIM_RADIO_TJRN_26_02_2026_B1_TJRN_ESTADO_REALIZE_PROCEDIMENTO_MEDICO_.mp3,SIM,BOLETIM,H:\Meu Drive\02_PRODUCAO/BOLETINS
G:\Meu Drive\BOLETIM_RADIO_TJRN_22_01_2026_B3_CICLO_CURSOS_JUSTICA_4.mp3,SIM,BOLETIM,H:\Meu Drive\02_PRODUCAO/BOLETINS
G:\Meu Drive\BOLETIM_RADIO_TJRN_27_01_2026_B3_CMN_CAMARA_APRESENTA_BALANCO_2025.mp3,SIM,BOLETIM,H:\Meu Drive\02_PRODUCAO/BOLETINS
G:\Meu Drive\BOLETIM_RADIO_TJRN_29_01_2026_B4_PARECERIA_SECRETARIA_CULTURA.mp3,SIM,BOLETIM,H:\Meu Drive\02_PRODUCAO/BOLETINS
G:\Meu Drive\BOLETIM_RADIO_TJRN_04_02_2026_B1_CONVOCACAO_JUIZES_LEIGOS_JUIZADOS.mp3,SIM,BOLETIM,H:\Meu Drive\02_PRODUCAO/BOLETINS
G:\Meu Drive\BOLETIM_RADIO_TJRN_30_01_2026_B7_TJRN_MUNICIPIO_NATAL_TRANSFERIR_PONTOS_CNH.mp3,SIM,BOLETIM,H:\Meu Drive\02_PRODUCAO/BOLETINS
G:\Meu Drive\BOLETIM_RADIO_TJRN_27_02_2026_B4_JUSTICA_REABRE_PREGAO_ELETRONICO_NATAL.mp3,SIM,BOLETIM,H:\Meu Drive\02_PRODUCAO/BOLETINS
G:\Meu Drive\BOLETIM_RADIO_TJRN_04_02_2026_B2_DOACAO_LIVROS_SISTEMA_PRISIONAL.mp3,SIM,BOLETIM,H:\Meu Drive\02_PRODUCAO/BOLETINS
G:\Meu Drive\BOLETIM_RADIO_TJRN_24_02_2026_B4_TJRN_IMOBILIARIA_CONDENADA_.mp3,SIM,BOLETIM,H:\Meu Drive\02_PRODUCAO/BOLETINS
G:\Meu Drive\BOLETIM_RADIO_TJRN_23_01_2026_B1_GESTAO_DOCUMENTAL_RECICLAGEM.mp3,SIM,BOLETIM,H:\Meu Drive\02_PRODUCAO/BOLETINS
G:\Meu Drive\BOLETIM_RADIO_TJRN_03_02_2026_B3_VARA_CRIMINAL_ESTAGIO_.mp3,SIM,BOLETIM,H:\Meu Drive\02_PRODUCAO/BOLETINS
G:\Meu Drive\BOLETIM_RADIO_TJRN_27_01_2026_B6_INDENIZACAO_EMPRESTIMO_FRAUDULENTO.mp3,SIM,BOLETIM,H:\Meu Drive\02_PRODUCAO/BOLETINS
G:\Meu Drive\BOLETIM_RADIO_TJRN_15_01_2026_B7_ASSADOR_PIZZA_DEFEITO.mp3,SIM,BOLETIM,H:\Meu Drive\02_PRODUCAO/BOLETINS
G:\Meu Drive\BOLETIM_RADIO_TJRN_11_02_2026_B7_TJRN_DEFINIDAS_REGRAS_AREIA_BRANCA_.mp3,SIM,BOLETIM,H:\Meu Drive\02_PRODUCAO/BOLETINS
G:\Meu Drive\BOLETIM_RADIO_TJRN_30_01_2026_B3_TJRN_PODER_JUDICIARIO_POLUICAO_SONORA_.mp3,SIM,BOLETIM,H:\Meu Drive\02_PRODUCAO/BOLETINS
G:\Meu Drive\BOLETIM_RADIO_TJRN_26_02_2026_B2_TJRN_MANTIDA_SENTENCA_APLICADA_.mp3,SIM,BOLETIM,H:\Meu Drive\02_PRODUCAO/BOLETINS
G:\Meu Drive\BOLETIM_RADIO_TJRN_02_02_2026_B8_TJRN_INCONSTITUCIONALIDADE_LEI_ENEM_.mp3,SIM,BOLETIM,H:\Meu Drive\02_PRODUCAO/BOLETINS
G:\Meu Drive\BOLETIM_RADIO_TJRN_28_01_2026_B4_CNJ_JUDICIARIO_MENOR_ESTOQUE.mp3,SIM,BOLETIM,H:\Meu Drive\02_PRODUCAO/BOLETINS
G:\Meu Drive\BOLETIM_RADIO_TJRN_08_01_2026_B9_HOMEM_CONDENADO_VIOLENCIA_PSICOLOGICA.mp3,SIM,BOLETIM,H:\Meu Drive\02_PRODUCAO/BOLETINS
G:\Meu Drive\BOLETIM_RADIO_TJRN_28_01_2026_B8_TJRN_COMPANHIA_AEREA_INDENIZACAO_.mp3,SIM,BOLETIM,H:\Meu Drive\02_PRODUCAO/BOLETINS
G:\Meu Drive\BOLETIM_RADIO_TJRN_12_02_2026_B5_TJRN_DECISAO_DEFINE_INCIDENCIA_JUROS_.mp3,SIM,BOLETIM,H:\Meu Drive\02_PRODUCAO/BOLETINS
G:\Meu Drive\BOLETIM_RADIO_TJRN_07_01_2026_B10_CAERN_DEVE_PAGAR_DANOS_MORAIS.mp3,SIM,BOLETIM,H:\Meu Drive\02_PRODUCAO/BOLETINS
G:\Meu Drive\BOLETIM_RADIO_TJRN_26_01_2026_B5_CONTRATACAO_SOFTWARE_ANGICOS.mp3,SIM,BOLETIM,H:\Meu Drive\02_PRODUCAO/BOLETINS
G:\Meu Drive\BOLETIM_RADIO_TJRN_11_02_2026_B10_TRTRN_CONCLUI_EXPEDICAO_PRECATORIOS_.mp3,SIM,BOLETIM,H:\Meu Drive\02_PRODUCAO/BOLETINS
G:\Meu Drive\BOLETIM_RADIO_TJRN_12_02_2026_B2_TJRN_CAMARAS_PRODUTIVIDADE.mp3,SIM,BOLETIM,H:\Meu Drive\02_PRODUCAO/BOLETINS
G:\Meu Drive\BOLETIM_RADIO_TJRN_09_01_2026_B8_TJRN_EXCLUSAO_EMPRESA_LICITACAO_.mp3,SIM,BOLETIM,H:\Meu Drive\02_PRODUCAO/BOLETINS
G:\Meu Drive\BOLETIM_RADIO_TJRN_25_02_2026_B9_TRTRN_EMPRESA_CONDENADA_EX_EMPREGADA_DOMESTICA_.mp3,SIM,BOLETIM,H:\Meu Drive\02_PRODUCAO/BOLETINS
G:\Meu Drive\BOLETIM_RADIO_TJRN_24_02_2026_B3_TJRN_MANTEM_DECISAO_NOMEACAO_.mp3,SIM,BOLETIM,H:\Meu Drive\02_PRODUCAO/BOLETINS
G:\Meu Drive\BOLETIM_RADIO_TJRN_24_02_2026_B6_VARA_FAMILIA_ESTAGIO_.mp3,SIM,BOLETIM,H:\Meu Drive\02_PRODUCAO/BOLETINS
G:\Meu Drive\BOLETIM_RADIO_TJRN_28_01_2026_B10_TJRN_ESTABELECE_ORIENTACOES_CARNAVAL.mp3,SIM,BOLETIM,H:\Meu Drive\02_PRODUCAO/BOLETINS
G:\Meu Drive\BOLETIM_RADIO_TJRN_16_01_2026_B4_TRTRN_ACOES_POPULACAO_DE_RUA.mp3,SIM,BOLETIM,H:\Meu Drive\02_PRODUCAO/BOLETINS
G:\Meu Drive\BOLETIM_RADIO_TJRN_05_02_2026_B2_TJRN_MORADOR_MOSSORO_TRATAMENTO_MEDICO_.mp3,SIM,BOLETIM,H:\Meu Drive\02_PRODUCAO/BOLETINS
G:\Meu Drive\BOLETIM_RADIO_TJRN_19_02_2026_B10_INDENIZACAO_CANCELAMENTO_VOO.mp3,SIM,BOLETIM,H:\Meu Drive\02_PRODUCAO/BOLETINS
G:\Meu Drive\BOLETIM_RADIO_TJRN_27_02_2026_B6_ABERTURA_ESTAGIO_20_NATAL.mp3,SIM,BOLETIM,H:\Meu Drive\02_PRODUCAO/BOLETINS
G:\Meu Drive\BOLETIM_RADIO_TJRN_12_01_2026_B2_TJRN_MULHER_PROVOCA_ACIDENTE_.mp3,SIM,BOLETIM,H:\Meu Drive\02_PRODUCAO/BOLETINS
G:\Meu Drive\BOLETIM_RADIO_TJRN_26_02_2026_B4_TJRN_PEDIDO_PENSAO_PROVISORIA_.mp3,SIM,BOLETIM,H:\Meu Drive\02_PRODUCAO/BOLETINS
G:\Meu Drive\BOLETIM_RADIO_TJRN_05_02_2026_B4_TJRN_HOMEM_CONDENADO_ROUBO_.mp3,SIM,BOLETIM,H:\Meu Drive\02_PRODUCAO/BOLETINS
G:\Meu Drive\BOLETIM_RADIO_TJRN_02_02_2026_B1_TJRN_ACAO_IMPROBIDADE_SERVIDOR_DETRAN.mp3,SIM,BOLETIM,H:\Meu Drive\02_PRODUCAO/BOLETINS
G:\Meu Drive\BOLETIM_RADIO_TJRN_24_02_2026_B5_TJRN_PARTICIPACAO_EMPRESA_SAUDE.mp3,SIM,BOLETIM,H:\Meu Drive\02_PRODUCAO/BOLETINS
G:\Meu Drive\BOLETIM_RADIO_TJRN_20_02_2026_B9_TRTRN_REVERTIDA_DEMISSAO_JUSTA_CAUSA.mp3,SIM,BOLETIM,H:\Meu Drive\02_PRODUCAO/BOLETINS
G:\Meu Drive\BOLETIM_RADIO_TJRN_06_02_2026_B7_TJRN_IDOSA_CAPITALIZACAO_.mp3,SIM,BOLETIM,H:\Meu Drive\02_PRODUCAO/BOLETINS
G:\Meu Drive\BOLETIM_RADIO_TJRN_02_02_2026_B2_TJRN_CRESCIMENTO_CAMARA_CRIMINAL_.mp3,SIM,BOLETIM,H:\Meu Drive\02_PRODUCAO/BOLETINS
G:\Meu Drive\BOLETIM_RADIO_TJRN_20_01_2026_B8_PREMIO_CNJ_DE_QUALIDADE.mp3,SIM,BOLETIM,H:\Meu Drive\02_PRODUCAO/BOLETINS
G:\Meu Drive\BOLETIM_RADIO_TJRN_27_01_2026_B9_RESSARCIMENTO_NEGADO_ASSESSOR_POLITICO.mp3,SIM,BOLETIM,H:\Meu Drive\02_PRODUCAO/BOLETINS
G:\Meu Drive\BOLETIM_RADIO_TJRN_09_01_2026_B5_PERICIA_DOCUMENTO_DIGITAL_CONSUMIDOR_.mp3,SIM,BOLETIM,H:\Meu Drive\02_PRODUCAO/BOLETINS
G:\Meu Drive\BOLETIM_RADIO_TJRN_08_01_2026_B6_TRIO_CONDENADO_ESTELIONATO_ELETRONICO.mp3,SIM,BOLETIM,H:\Meu Drive\02_PRODUCAO/BOLETINS
G:\Meu Drive\BOLETIM_RADIO_TJRN_19_02_2026_B6_REATIVACAO_CONTA_MOTORISTA.mp3,SIM,BOLETIM,H:\Meu Drive\02_PRODUCAO/BOLETINS
G:\Meu Drive\BOLETIM_RADIO_TJRN_07_01_2026_B1_SELECAO_CARTORIOS_PAU_DOS_FERROS.mp3,SIM,BOLETIM,H:\Meu Drive\02_PRODUCAO/BOLETINS
G:\Meu Drive\BOLETIM_RADIO_TJRN_29_01_2026_B6_INDENIZACAO_MOTORISTA_FALHAS_REPAROS.mp3,SIM,BOLETIM,H:\Meu Drive\02_PRODUCAO/BOLETINS
G:\Meu Drive\BOLETIM_RADIO_TJRN_24_02_2026_B2_TJRN_ACOLHE_APELO_MP_.mp3,SIM,BOLETIM,H:\Meu Drive\02_PRODUCAO/BOLETINS
G:\Meu Drive\BOLETIM_RADIO_TJRN_23_01_2026_B5_CONTRATACAO_CAFE.mp3,SIM,BOLETIM,H:\Meu Drive\02_PRODUCAO/BOLETINS
G:\Meu Drive\BOLETIM_RADIO_TJRN_25_02_2026_B6_TJRN_CORREGEDORIA_PROCESSO_SELETIVO_.mp3,SIM,BOLETIM,H:\Meu Drive\02_PRODUCAO/BOLETINS
G:\Meu Drive\BOLETIM_RADIO_TJRN_12_02_2026_B4_TJRN_PLANO_COMPROVAR_MENSALIDADE.mp3,SIM,BOLETIM,H:\Meu Drive\02_PRODUCAO/BOLETINS
G:\Meu Drive\BOLETIM_RADIO_TJRN_25_02_2026_B1_TJRN_NEGA_ATO_IMPROBIDADE.mp3,SIM,BOLETIM,H:\Meu Drive\02_PRODUCAO/BOLETINS
G:\Meu Drive\BOLETIM_RADIO_TJRN_19_02_2026_B8_CONDENACAO_ROUBO_COM_ARMA.mp3,SIM,BOLETIM,H:\Meu Drive\02_PRODUCAO/BOLETINS
G:\Meu Drive\BOLETIM_RADIO_TJRN_25_02_2026_B7_TJRN_BLOQUEIO_86_MIL.mp3,SIM,BOLETIM,H:\Meu Drive\02_PRODUCAO/BOLETINS
G:\Meu Drive\BOLETIM_RADIO_TJRN_11_02_2026_B8_MPRN_CRIACAO_PROTOCOLO_UNIDADES_SOCIOEDUCATIVAS.mp3,SIM,BOLETIM,H:\Meu Drive\02_PRODUCAO/BOLETINS
G:\Meu Drive\BOLETIM_RADIO_TJRN_16_01_2026_B2_ESMARN_2025_NOVAS_PARCERIAS_.mp3,SIM,BOLETIM,H:\Meu Drive\02_PRODUCAO/BOLETINS
G:\Meu Drive\BOLETIM_RADIO_TJRN_26_02_2026_B7_MEDIDA_PROTETIVA_RELACAO_HOMOAFETIVA.mp3,SIM,BOLETIM,H:\Meu Drive\02_PRODUCAO/BOLETINS
G:\Meu Drive\BOLETIM_RADIO_TJRN_08_01_2026_B5_EMPRESA_CONTRATADA_TARCISIO_MAIA.mp3,SIM,BOLETIM,H:\Meu Drive\02_PRODUCAO/BOLETINS
G:\Meu Drive\BOLETIM_RADIO_TJRN_22_01_2026_B2_CNJ_PROGRAMA_INTERNACIONAL_MAGISTRADAS.mp3,SIM,BOLETIM,H:\Meu Drive\02_PRODUCAO/BOLETINS
G:\Meu Drive\BOLETIM_RADIO_TJRN_26_02_2026_B10_INDENIZACAO_PATINETE_ELETRICO_.mp3,SIM,BOLETIM,H:\Meu Drive\02_PRODUCAO/BOLETINS
G:\Meu Drive\BOLETIM_RADIO_TJRN_28_01_2026_B1_3_VARA_PARNAMIRIM_ESTAGIO_.mp3,SIM,BOLETIM,H:\Meu Drive\02_PRODUCAO/BOLETINS
G:\Meu Drive\BOLETIM_RADIO_TJRN_09_01_2026_B4_TJRN_JUSTICA_RECONHECE_DIVIDA_IRMAOS_.mp3,SIM,BOLETIM,H:\Meu Drive\02_PRODUCAO/BOLETINS
G:\Meu Drive\BOLETIM_RADIO_TJRN_29_01_2026_B2_CNJ_SUSPENSAO_PRAZOS_PROCESSUAIS_INSS.mp3,SIM,BOLETIM,H:\Meu Drive\02_PRODUCAO/BOLETINS
G:\Meu Drive\BOLETIM_RADIO_TJRN_09_01_2026_B3_JUIZADOS_ESPECIAIS_SELECAO_.mp3,SIM,BOLETIM,H:\Meu Drive\02_PRODUCAO/BOLETINS
G:\Meu Drive\BOLETIM_RADIO_TJRN_08_01_2026_B8_PROGRESSAO_PENA_CURSO_SUPERIOR.mp3,SIM,BOLETIM,H:\Meu Drive\02_PRODUCAO/BOLETINS
G:\Meu Drive\BOLETIM_RADIO_TJRN_14_01_2026_B6_INDENIZACAO_USO_IMAGEM_SEM_AUTORIZACAO.mp3,SIM,BOLETIM,H:\Meu Drive\02_PRODUCAO/BOLETINS
G:\Meu Drive\BOLETIM_RADIO_TJRN_25_02_2026_B3_TJRN_JULGA_IMPROCEDENTE_FRAUDES.mp3,SIM,BOLETIM,H:\Meu Drive\02_PRODUCAO/BOLETINS
G:\Meu Drive\BOLETIM_RADIO_TJRN_12_01_2026_B10_BANCO_TALENTOS_CNJ.mp3,SIM,BOLETIM,H:\Meu Drive\02_PRODUCAO/BOLETINS
G:\Meu Drive\BOLETIM_RADIO_TJRN_09_01_2026_B7_TJRN_VICE_PRESIDENCIA_PROCESSO_SELETIVO_.mp3,SIM,BOLETIM,H:\Meu Drive\02_PRODUCAO/BOLETINS
G:\Meu Drive\BOLETIM_RADIO_TJRN_23_01_2026_B10_ENCONTRO_COMBATE_TRABALHO_ESCRAVO.mp3,SIM,BOLETIM,H:\Meu Drive\02_PRODUCAO/BOLETINS
G:\Meu Drive\BOLETIM_RADIO_TJRN_12_01_2026_B1_JUIZADO_ESPECIAL_PARNAMIRIM_ESTAGIO_.mp3,SIM,BOLETIM,H:\Meu Drive\02_PRODUCAO/BOLETINS
G:\Meu Drive\BOLETIM_RADIO_TJRN_11_02_2026_B9_ALRN_GOVERNADORA_LEITURA_ANUAL_.mp3,SIM,BOLETIM,H:\Meu Drive\02_PRODUCAO/BOLETINS
G:\Meu Drive\BOLETIM_RADIO_TJRN_26_01_2026_B7_ESTAGIO_2_VARA_MOSSORO.mp3,SIM,BOLETIM,H:\Meu Drive\02_PRODUCAO/BOLETINS
G:\Meu Drive\BOLETIM_RADIO_TJRN_22_01_2026_B8_TSF_JULGAMENTOS_TEMAS_REPERCUSSAO_.mp3,SIM,BOLETIM,H:\Meu Drive\02_PRODUCAO/BOLETINS
G:\Meu Drive\BOLETIM_RADIO_TJRN_06_02_2026_B9_TJRN_CUSTO_OBRAS_ACESSIBILIDADE.mp3,SIM,BOLETIM,H:\Meu Drive\02_PRODUCAO/BOLETINS
G:\Meu Drive\BOLETIM_RADIO_TJRN_26_02_2026_B5_DANOS_MORAIS_VENDA_VEICULO.mp3,SIM,BOLETIM,H:\Meu Drive\02_PRODUCAO/BOLETINS
G:\Meu Drive\BOLETIM_RADIO_TJRN_26_01_2026_B8_TJRN_DOIS_JUIZES_EMPOSSADOS.mp3,SIM,BOLETIM,H:\Meu Drive\02_PRODUCAO/BOLETINS
G:\Meu Drive\BOLETIM_RADIO_TJRN_02_02_2026_B6_TJRN_CONDENA_HOMEM_MAUS_TRATOS.mp3,SIM,BOLETIM,H:\Meu Drive\02_PRODUCAO/BOLETINS
G:\Meu Drive\BOLETIM_RADIO_TJRN_15_01_2026_B8_CAERN_ACIDENTE_BUEIRO.mp3,SIM,BOLETIM,H:\Meu Drive\02_PRODUCAO/BOLETINS
G:\Meu Drive\BOLETIM_RADIO_TJRN_12_01_2026_B5_TJRN_EMPRESA_ELETRONICOS_DEFEITOS.mp3,SIM,BOLETIM,H:\Meu Drive\02_PRODUCAO/BOLETINS
G:\Meu Drive\BOLETIM_RADIO_TJRN_02_02_2026_B4_TJRN_FABRICANTE_REDE_FARMACIA_.mp3,SIM,BOLETIM,H:\Meu Drive\02_PRODUCAO/BOLETINS
G:\Meu Drive\BOLETIM_RADIO_TJRN_02_02_2026_B5_TJRN_ESTAGIO_GRUPO_METAS.mp3,SIM,BOLETIM,H:\Meu Drive\02_PRODUCAO/BOLETINS
G:\Meu Drive\BOLETIM_RADIO_TJRN_24_02_2026_B10_ESMARN_ATUALIZACAO_SITE.mp3,SIM,BOLETIM,H:\Meu Drive\02_PRODUCAO/BOLETINS
G:\Meu Drive\BOLETIM_RADIO_TJRN_26_01_2026_B4_LIXAO_CEU_ABERTO.mp3,SIM,BOLETIM,H:\Meu Drive\02_PRODUCAO/BOLETINS
G:\Meu Drive\BOLETIM_RADIO_TJRN_22_01_2026_B5_TRTRN_PRAZOS_PROCESSUAIS_.mp3,SIM,BOLETIM,H:\Meu Drive\02_PRODUCAO/BOLETINS
G:\Meu Drive\BOLETIM_RADIO_TJRN_25_02_2026_B2_TJRN_MANTEM_LEI_MUNICIPAL_.mp3,SIM,BOLETIM,H:\Meu Drive\02_PRODUCAO/BOLETINS
G:\Meu Drive\BOLETIM_RADIO_TJRN_20_02_2026_B7_DPERN_DECISAO_PROFISSIONAL_APOIO.mp3,SIM,BOLETIM,H:\Meu Drive\02_PRODUCAO/BOLETINS
G:\Meu Drive\BOLETIM_RADIO_TJRN_08_01_2026_B3_CNJ_SISTEMA_NOVA_VERSAO.mp3,SIM,BOLETIM,H:\Meu Drive\02_PRODUCAO/BOLETINS
G:\Meu Drive\BOLETIM_RADIO_TJRN_07_01_2026_B9_LIGACAO_DE_ENERGIA_PARAU.mp3,SIM,BOLETIM,H:\Meu Drive\02_PRODUCAO/BOLETINS
G:\Meu Drive\BOLETIM_RADIO_TJRN_19_01_2026_B3_PASSAGEIRO_INDENIZACAO_CANCELAMENTO_VOO.mp3,SIM,BOLETIM,H:\Meu Drive\02_PRODUCAO/BOLETINS
G:\Meu Drive\BOLETIM_RADIO_TJRN_08_01_2026_B4_INDENIZACAO_VOO_CANCELADO.mp3,SIM,BOLETIM,H:\Meu Drive\02_PRODUCAO/BOLETINS
G:\Meu Drive\BOLETIM_RADIO_TJRN_30_01_2026_B6_TCERN_IRREGULARES_SAO_MIGUEL_.mp3,SIM,BOLETIM,H:\Meu Drive\02_PRODUCAO/BOLETINS
G:\Meu Drive\BOLETIM_RADIO_TJRN_12_02_2026_B3_TJRN_PLANO_SAUDE_TRATAMENTO_CRIANCA_.mp3,SIM,BOLETIM,H:\Meu Drive\02_PRODUCAO/BOLETINS
G:\Meu Drive\BOLETIM_RADIO_TJRN_21_01_2026_B10_EXAME_PACIENTE_PARNAMIRIM.mp3,SIM,BOLETIM,H:\Meu Drive\02_PRODUCAO/BOLETINS
G:\Meu Drive\BOLETIM_RADIO_TJRN_04_02_2026_B5_CONDENACAO_ROUBO_POLICIAL_MACAIBA.mp3,SIM,BOLETIM,H:\Meu Drive\02_PRODUCAO/BOLETINS
G:\Meu Drive\BOLETIM_RADIO_TJRN_09_01_2026_B2_CNJ_PROTECAO_MULHERES_JUDICIARIO.mp3,SIM,BOLETIM,H:\Meu Drive\02_PRODUCAO/BOLETINS
G:\Meu Drive\BOLETIM_RADIO_TJRN_02_02_2026_B7_TJRN_ANULA_PREGAO_CONSORCIO_.mp3,SIM,BOLETIM,H:\Meu Drive\02_PRODUCAO/BOLETINS
G:\Meu Drive\BOLETIM_RADIO_TJRN_20_01_2026_B6_PROJETOS_UPANEMA.mp3,SIM,BOLETIM,H:\Meu Drive\02_PRODUCAO/BOLETINS
G:\Meu Drive\BOLETIM_RADIO_TJRN_12_02_2026_B6_TJRN_ACUSADA_ESTELIONATOS_.mp3,SIM,BOLETIM,H:\Meu Drive\02_PRODUCAO/BOLETINS
G:\Meu Drive\BOLETIM_RADIO_TJRN_28_01_2026_B3_MPRN_PROCESSO_SIMPLIFICADO_.mp3,SIM,BOLETIM,H:\Meu Drive\02_PRODUCAO/BOLETINS
G:\Meu Drive\BOLETIM_RADIO_TJRN_21_01_2026_B9_INDENIZACAO_CORTE_AGUA.mp3,SIM,BOLETIM,H:\Meu Drive\02_PRODUCAO/BOLETINS
G:\Meu Drive\BOLETIM_RADIO_TJRN_02_02_2026_B9_TRTRN_DESCARACTERIZA_TRABALHO_INTERMITENTE.mp3,SIM,BOLETIM,H:\Meu Drive\02_PRODUCAO/BOLETINS
G:\Meu Drive\BOLETIM_RADIO_TJRN_05_02_2026_B3_TJRN_CONDENA_EX_ASSESSORA_IMPROBIDADE.mp3,SIM,BOLETIM,H:\Meu Drive\02_PRODUCAO/BOLETINS
G:\Meu Drive\BOLETIM_RADIO_TJRN_12_02_2026_B8_MPRN_RESTRICAO_RECIPIENTES_VIDRO_.mp3,SIM,BOLETIM,H:\Meu Drive\02_PRODUCAO/BOLETINS
G:\Meu Drive\BOLETIM_RADIO_TJRN_19_02_2026_B3_CONDENACAO_CANCELAMENTO_RESERVA_VIAGEM.mp3,SIM,BOLETIM,H:\Meu Drive\02_PRODUCAO/BOLETINS
G:\Meu Drive\BOLETIM_RADIO_TJRN_19_01_2026_B7_TJRN_SUSPENDE_LICITACAO_LIMPEZA_.mp3,SIM,BOLETIM,H:\Meu Drive\02_PRODUCAO/BOLETINS
G:\Meu Drive\BOLETIM_RADIO_TJRN_21_01_2026_B6_ACORDOS_UNIDADE_MOVEL_TRANSITO.mp3,SIM,BOLETIM,H:\Meu Drive\02_PRODUCAO/BOLETINS
G:\Meu Drive\BOLETIM_RADIO_TJRN_23_02_2026_B9_INDENIZACAO_FALHAS_PANO_SAUDE.mp3,SIM,BOLETIM,H:\Meu Drive\02_PRODUCAO/BOLETINS
G:\Meu Drive\BOLETIM_RADIO_TJRN_27_02_2026_B7_ABERTURA_ESTAGIO_CURRAIS_NOVOS.mp3,SIM,BOLETIM,H:\Meu Drive\02_PRODUCAO/BOLETINS
G:\Meu Drive\BOLETIM_RADIO_TJRN_16_01_2026_B7_DANOS_MORAIS_IDOSA_ATRASO_VOO.mp3,SIM,BOLETIM,H:\Meu Drive\02_PRODUCAO/BOLETINS
G:\Meu Drive\BOLETIM_RADIO_TJRN_28_01_2026_B7_TJRN_PLANO_SAUDE_CONDENADO.mp3,SIM,BOLETIM,H:\Meu Drive\02_PRODUCAO/BOLETINS
G:\Meu Drive\BOLETIM_RADIO_TJRN_20_02_2026_B8_DPERN_NUCLEO_MACAIBA_PROCESSO_SELETIVO_.mp3,SIM,BOLETIM,H:\Meu Drive\02_PRODUCAO/BOLETINS
G:\Meu Drive\BOLETIM_RADIO_TJRN_11_02_2026_B6_TJRN_DETERMINA_EXCLUSAO_CONTAS_FALSAS.mp3,SIM,BOLETIM,H:\Meu Drive\02_PRODUCAO/BOLETINS
G:\Meu Drive\BOLETIM_RADIO_TJRN_19_01_2026_B8_DPERN_SELECAO_ESTAGIO_.mp3,SIM,BOLETIM,H:\Meu Drive\02_PRODUCAO/BOLETINS
G:\Meu Drive\BOLETIM_RADIO_TJRN_27_02_2026_B1_HOMICIDIO_DIVIDA_JURI.mp3,SIM,BOLETIM,H:\Meu Drive\02_PRODUCAO/BOLETINS
G:\Meu Drive\BOLETIM_RADIO_TJRN_07_01_2026_B5_VENDA_CASADA_OTICA.mp3,SIM,BOLETIM,H:\Meu Drive\02_PRODUCAO/BOLETINS
G:\Meu Drive\BOLETIM_RADIO_TJRN_16_01_2026_B3_DPERN_EDITAL_FORMACAO_.mp3,SIM,BOLETIM,H:\Meu Drive\02_PRODUCAO/BOLETINS
G:\Meu Drive\BOLETIM_RADIO_TJRN_12_02_2026_B9_TRT_RN_INAUGURA_SALA_CLIMATIZADAS.mp3,SIM,BOLETIM,H:\Meu Drive\02_PRODUCAO/BOLETINS
G:\Meu Drive\BOLETIM_RADIO_TJRN_05_02_2026_B5_TJRN_REDE_SOCIAL_CONTA_PERFIL.mp3,SIM,BOLETIM,H:\Meu Drive\02_PRODUCAO/BOLETINS
G:\Meu Drive\BOLETIM_RADIO_TJRN_19_02_2026_B4_ACIDENTE_PARTICIPANTE_PROJETO_SOCIAL.mp3,SIM,BOLETIM,H:\Meu Drive\02_PRODUCAO/BOLETINS
G:\Meu Drive\BOLETIM_RADIO_TJRN_29_01_2026_B7_LEI_POLUICAO_SONORA_DERRUBADA.mp3,SIM,BOLETIM,H:\Meu Drive\02_PRODUCAO/BOLETINS
G:\Meu Drive\BOLETIM_RADIO_TJRN_02_02_2026_B10_DPERN_PRAZO_INSCRICOES_SUSTENTABILIDADE.mp3,SIM,BOLETIM,H:\Meu Drive\02_PRODUCAO/BOLETINS
G:\Meu Drive\BOLETIM_RADIO_TJRN_27_02_2026_B2_IMPROBIDADE_CONTRATO_IGREJA.mp3,SIM,BOLETIM,H:\Meu Drive\02_PRODUCAO/BOLETINS
G:\Meu Drive\BOLETIM_RADIO_TJRN_05_02_2026_B1_TJRN_INSTALACAO_MEDIDORES_ENERGIA.mp3,SIM,BOLETIM,H:\Meu Drive\02_PRODUCAO/BOLETINS
G:\Meu Drive\BOLETIM_RADIO_TJRN_22_01_2026_B9_TCERN_EXIGENCIA_TRANSPARENCIA_PARLAMENTARES.mp3,SIM,BOLETIM,H:\Meu Drive\02_PRODUCAO/BOLETINS
G:\Meu Drive\BOLETIM_RADIO_TJRN_08_01_2026_B1_RESPONSAVEL_INTERINO_AFONSO_BEZERRA.mp3,SIM,BOLETIM,H:\Meu Drive\02_PRODUCAO/BOLETINS
G:\Meu Drive\BOLETIM_RADIO_TJRN_03_02_2026_B1_TJRN_SUSPENDE_LICITACAO_CANGUARETAMA_.mp3,SIM,BOLETIM,H:\Meu Drive\02_PRODUCAO/BOLETINS
G:\Meu Drive\BOLETIM_RADIO_TJRN_09_01_2026_B1_TJRN_SESSAO_ABERTURA_.mp3,SIM,BOLETIM,H:\Meu Drive\02_PRODUCAO/BOLETINS
G:\Meu Drive\BOLETIM_RADIO_TJRN_23_01_2026_B3_INDENIZACAO_CANCER_PROSTATA.mp3,SIM,BOLETIM,H:\Meu Drive\02_PRODUCAO/BOLETINS
G:\Meu Drive\BOLETIM_RADIO_TJRN_21_01_2026_B5_FACULDADE_DEVE_RESTABELECER_BOLSA.mp3,SIM,BOLETIM,H:\Meu Drive\02_PRODUCAO/BOLETINS
G:\Meu Drive\BOLETIM_RADIO_TJRN_29_01_2026_B5_PLATAFORMA_NAO_EXCLUSAO_CONTAS_GOLPE.mp3,SIM,BOLETIM,H:\Meu Drive\02_PRODUCAO/BOLETINS
G:\Meu Drive\BOLETIM_RADIO_TJRN_12_02_2026_B1_TJRN_RECOMENDACAO_CNJ.mp3,SIM,BOLETIM,H:\Meu Drive\02_PRODUCAO/BOLETINS
G:\Meu Drive\BOLETIM_RADIO_TJRN_07_01_2026_B8_INDENIZACAO_COMPRA_DE_BERCO.mp3,SIM,BOLETIM,H:\Meu Drive\02_PRODUCAO/BOLETINS
G:\Meu Drive\BOLETIM_RADIO_TJRN_26_01_2026_B6_SELECAO_TABELIAES_ALEXANDRIA.mp3,SIM,BOLETIM,H:\Meu Drive\02_PRODUCAO/BOLETINS
G:\Meu Drive\BOLETIM_RADIO_TJRN_16_01_2026_B5_CNJ_CONCILIAR_E_LEGAL.mp3,SIM,BOLETIM,H:\Meu Drive\02_PRODUCAO/BOLETINS
G:\Meu Drive\BOLETIM_RADIO_TJRN_21_01_2026_B4_CLINICA_ODONTOLOGICA_CONDENADA.mp3,SIM,BOLETIM,H:\Meu Drive\02_PRODUCAO/BOLETINS
G:\Meu Drive\BOLETIM_RADIO_TJRN_09_01_2026_B6_CONCESSIONARIA_ENERGIA_CONDENADA.mp3,SIM,BOLETIM,H:\Meu Drive\02_PRODUCAO/BOLETINS
G:\Meu Drive\BOLETIM_RADIO_TJRN_04_02_2026_B4_INDENIZACAO_MEDICAMENTOS_COSERN.mp3,SIM,BOLETIM,H:\Meu Drive\02_PRODUCAO/BOLETINS
G:\Meu Drive\BOLETIM_RADIO_TJRN_22_01_2026_B1_3_MILHOES_UNIDADE_MOVEL_TRANSITO.mp3,SIM,BOLETIM,H:\Meu Drive\02_PRODUCAO/BOLETINS
G:\Meu Drive\BOLETIM_RADIO_TJRN_20_01_2026_B7_CNJ_INFOVOO.mp3,SIM,BOLETIM,H:\Meu Drive\02_PRODUCAO/BOLETINS
G:\Meu Drive\BOLETIM_RADIO_TJRN_27_02_2026_B9_TRTRN_TRIBUNAIS_CONVENIO_.mp3,SIM,BOLETIM,H:\Meu Drive\02_PRODUCAO/BOLETINS
G:\Meu Drive\BOLETIM_RADIO_TJRN_23_02_2026_B7_DANOS_MORAIS_ATRASO_VOO.mp3,SIM,BOLETIM,H:\Meu Drive\02_PRODUCAO/BOLETINS
G:\Meu Drive\BOLETIM_RADIO_TJRN_16_01_2026_B1_PLANTAO_JUDICIARIO_SABADO_.mp3,SIM,BOLETIM,H:\Meu Drive\02_PRODUCAO/BOLETINS
G:\Meu Drive\BOLETIM_RADIO_TJRN_07_01_2026_B4_FALHA_DE_ENTREGA_LOJA_ONLINE.mp3,SIM,BOLETIM,H:\Meu Drive\02_PRODUCAO/BOLETINS
G:\Meu Drive\BOLETIM_RADIO_TJRN_25_02_2026_B10_TRERN_REDE_ENFRENTA_DESINFORMACAO.mp3,SIM,BOLETIM,H:\Meu Drive\02_PRODUCAO/BOLETINS
G:\Meu Drive\BOLETIM_RADIO_TJRN_19_02_2026_B9_VISITA_TECNICA_COMISSAO_FUNDIARIA.mp3,SIM,BOLETIM,H:\Meu Drive\02_PRODUCAO/BOLETINS
G:\Meu Drive\BOLETIM_RADIO_TJRN_30_01_2026_B9_TJRN_DETERMINA_INTERNACAO_UTI.mp3,SIM,BOLETIM,H:\Meu Drive\02_PRODUCAO/BOLETINS
G:\Meu Drive\BOLETIM_RADIO_TJRN_20_02_2026_B10_MPRN_CAPACITACAO_PROMOCAO_GESTAO_MUNICIPAL_.mp3,SIM,BOLETIM,H:\Meu Drive\02_PRODUCAO/BOLETINS
G:\Meu Drive\BOLETIM_RADIO_TJRN_24_02_2026_B8_CNJ_PRAZO_ENVIO_CONTRIBUICOES.mp3,SIM,BOLETIM,H:\Meu Drive\02_PRODUCAO/BOLETINS
G:\Meu Drive\BOLETIM_RADIO_TJRN_06_02_2026_B10_TJRN_EMPRESA_TRANSPORTE_CONDENADA.mp3,SIM,BOLETIM,H:\Meu Drive\02_PRODUCAO/BOLETINS
G:\Meu Drive\BOLETIM_RADIO_TJRN_27_01_2026_B1_TCERN_AUDITORIA_PREVIDENCIA_ITAU_.mp3,SIM,BOLETIM,H:\Meu Drive\02_PRODUCAO/BOLETINS
G:\Meu Drive\BOLETIM_RADIO_TJRN_27_02_2026_B3_JURI_HOMICIDIO_TRANSITO.mp3,SIM,BOLETIM,H:\Meu Drive\02_PRODUCAO/BOLETINS
G:\Meu Drive\BOLETIM_RADIO_TJRN_21_01_2026_B8_RETIRADA_POSTES_TOUROS.mp3,SIM,BOLETIM,H:\Meu Drive\02_PRODUCAO/BOLETINS
G:\Meu Drive\BOLETIM_RADIO_TJRN_06_02_2026_B6_ESMARN_CURSO_INTELIGENCIA_ARTIFICIAL_.mp3,SIM,BOLETIM,H:\Meu Drive\02_PRODUCAO/BOLETINS
G:\Meu Drive\BOLETIM_RADIO_TJRN_26_02_2026_B8_CARTILHA_JULGAMENTO_PERSPECTIVA_DE_GENERO.mp3,SIM,BOLETIM,H:\Meu Drive\02_PRODUCAO/BOLETINS
G:\Meu Drive\BOLETIM_RADIO_TJRN_30_01_2026_B2_TJRN_SESSAO_CRIMINAL_ANTECIPADA.mp3,SIM,BOLETIM,H:\Meu Drive\02_PRODUCAO/BOLETINS
G:\Meu Drive\BOLETIM_RADIO_TJRN_23_02_2026_B10_CONDENACAO_FALSO_TERAPEUTA.mp3,SIM,BOLETIM,H:\Meu Drive\02_PRODUCAO/BOLETINS
G:\Meu Drive\BOLETIM_RADIO_TJRN_21_01_2026_B3_REATIVAR_PERFIL_5_DIAS.mp3,SIM,BOLETIM,H:\Meu Drive\02_PRODUCAO/BOLETINS
G:\Meu Drive\BOLETIM_RADIO_TJRN_19_02_2026_B7_IMPROBIDADE_GUAMARE.mp3,SIM,BOLETIM,H:\Meu Drive\02_PRODUCAO/BOLETINS
G:\Meu Drive\BOLETIM_RADIO_TJRN_25_02_2026_B4_TJRN_REDE_SOCIAL_BLOQUEIA_CONTA_ADVOGADO_.mp3,SIM,BOLETIM,H:\Meu Drive\02_PRODUCAO/BOLETINS
G:\Meu Drive\BOLETIM_RADIO_TJRN_26_01_2026_B1_CURSO_CAPACITACAO_NUPEC_ESMARN.mp3,SIM,BOLETIM,H:\Meu Drive\02_PRODUCAO/BOLETINS
G:\Meu Drive\BOLETIM_RADIO_TJRN_29_01_2026_B3_SELECAO_TABELIAO_SERRA_NEGRA.mp3,SIM,BOLETIM,H:\Meu Drive\02_PRODUCAO/BOLETINS
G:\Meu Drive\BOLETIM_RADIO_TJRN_25_02_2026_B5_TJRN_EMPRESA_VAREJISTA_CONDENADA_.mp3,SIM,BOLETIM,H:\Meu Drive\02_PRODUCAO/BOLETINS
G:\Meu Drive\BOLETIM_RADIO_TJRN_16_01_2026_B9_INCONSTITUCIONALIDADE_CONTRATACAO_SERVIDORES_CRUZETA.mp3,SIM,BOLETIM,H:\Meu Drive\02_PRODUCAO/BOLETINS
G:\Meu Drive\BOLETIM_RADIO_TJRN_23_02_2026_B5_ESTAGIO_CEJUSC_CURRAIS_NOVOS.mp3,SIM,BOLETIM,H:\Meu Drive\02_PRODUCAO/BOLETINS
G:\Meu Drive\BOLETIM_RADIO_TJRN_16_01_2026_B6_INDENIZACAO_MECANICO_FALTA_PAGAMENTO.mp3,SIM,BOLETIM,H:\Meu Drive\02_PRODUCAO/BOLETINS
G:\Meu Drive\BOLETIM_RADIO_TJRN_27_02_2026_B8_MPRN_OPERACAO_CENTRO_TERAPEUTICO_.mp3,SIM,BOLETIM,H:\Meu Drive\02_PRODUCAO/BOLETINS
G:\Meu Drive\BOLETIM_RADIO_TJRN_22_01_2026_B4_PREMIO_MAIOR_COMUNIDADE_QUILOMBOLA.mp3,SIM,BOLETIM,H:\Meu Drive\02_PRODUCAO/BOLETINS
G:\Meu Drive\BOLETIM_RADIO_TJRN_12_01_2026_B4_TJRN_JUIZADO_VIOLENCIA_DOMESTICA_.mp3,SIM,BOLETIM,H:\Meu Drive\02_PRODUCAO/BOLETINS
G:\Meu Drive\BOLETIM_RADIO_TJRN_07_01_2026_B6_JURI_COMERCIANTE.mp3,SIM,BOLETIM,H:\Meu Drive\02_PRODUCAO/BOLETINS
G:\Meu Drive\BOLETIM_RADIO_TJRN_28_01_2026_B9_TJRN_DECLARA_INCONSTITUCIONAL_CARGOS_.mp3,SIM,BOLETIM,H:\Meu Drive\02_PRODUCAO/BOLETINS
G:\Meu Drive\BOLETIM_RADIO_TJRN_26_01_2026_B3_RESSONANCIA_PACIENTE_IDOSA.mp3,SIM,BOLETIM,H:\Meu Drive\02_PRODUCAO/BOLETINS
G:\Meu Drive\BOLETIM_RADIO_TJRN_12_01_2026_B9_DOIS_ANOS_PROJETO_NOVOS_CAMINHOS.mp3,SIM,BOLETIM,H:\Meu Drive\02_PRODUCAO/BOLETINS
G:\Meu Drive\BOLETIM_RADIO_TJRN_06_02_2026_B8_TJRN_RECONHECE_DESVIO_FUNCAO_.mp3,SIM,BOLETIM,H:\Meu Drive\02_PRODUCAO/BOLETINS
G:\Meu Drive\BOLETIM_RADIO_TJRN_27_01_2026_B2_MPRN_PROMOVE_AUDIENCIA_ENSINO_PUBLICO_.mp3,SIM,BOLETIM,H:\Meu Drive\02_PRODUCAO/BOLETINS
G:\Meu Drive\BOLETIM_RADIO_TJRN_30_01_2026_B10_TJRN_DETERMINA_LABORATORIO_CENTRAL.mp3,SIM,BOLETIM,H:\Meu Drive\02_PRODUCAO/BOLETINS
G:\Meu Drive\BOLETIM_RADIO_TJRN_22_01_2026_B7_DPERN_MEDICAMENTOS_SUS_.mp3,SIM,BOLETIM,H:\Meu Drive\02_PRODUCAO/BOLETINS
G:\Meu Drive\BOLETIM_RADIO_TJRN_28_01_2026_B2_DPERN_EDITAL_LOCACAO_FLORANIA_.mp3,SIM,BOLETIM,H:\Meu Drive\02_PRODUCAO/BOLETINS
G:\Meu Drive\BOLETIM_RADIO_TJRN_21_01_2026_B7_CONDENACAO_ROUBO_MOSSORO.mp3,SIM,BOLETIM,H:\Meu Drive\02_PRODUCAO/BOLETINS
G:\Meu Drive\BOLETIM_RADIO_TJRN_22_01_2026_B6_TRTRN_EDITAL_VENDA_DIRETA_BENS_.mp3,SIM,BOLETIM,H:\Meu Drive\02_PRODUCAO/BOLETINS
G:\Meu Drive\BOLETIM_RADIO_TJRN_12_02_2026_B7_TJRN_JUSTICA_CONDENA_IDOSO_MAUS_TRATOS.mp3,SIM,BOLETIM,H:\Meu Drive\02_PRODUCAO/BOLETINS
G:\Meu Drive\BOLETIM_RADIO_TJRN_19_01_2026_B1_CRESCIMENTO_ADOCOES_RN.mp3,SIM,BOLETIM,H:\Meu Drive\02_PRODUCAO/BOLETINS
G:\Meu Drive\BOLETIM_RADIO_TJRN_29_01_2026_B10_REGRAS_CRIANCAS_CARNAVAL.mp3,SIM,BOLETIM,H:\Meu Drive\02_PRODUCAO/BOLETINS
G:\Meu Drive\BOLETIM_RADIO_TJRN_16_01_2026_B10_DIREITOS_HUMANOS_CNJ.mp3,SIM,BOLETIM,H:\Meu Drive\02_PRODUCAO/BOLETINS
G:\Meu Drive\BOLETIM_RADIO_TJRN_25_02_2026_B8_TJRN_CONGRESSOS_PRIMEIRA_INSTANCIA_.mp3,SIM,BOLETIM,H:\Meu Drive\02_PRODUCAO/BOLETINS
G:\Meu Drive\BOLETIM_RADIO_TJRN_21_01_2026_B2_INDENIZACAO_TV_DANIFICADA.mp3,SIM,BOLETIM,H:\Meu Drive\02_PRODUCAO/BOLETINS
G:\Meu Drive\BOLETIM_RADIO_TJRN_02_02_2026_B3_TJRN_ACOES_PENITENCIARIA_ALCACUZ_.mp3,SIM,BOLETIM,H:\Meu Drive\02_PRODUCAO/BOLETINS
G:\Meu Drive\injeção dinâmica de prompts.gdoc,NÃO,-,G:\Meu Drive\Arquivos_Pessoais_Para_Verificacao\Documentos_e_Planilhas
G:\Meu Drive\Agora tenho todo o material necessário. Vou anali....gdoc,NÃO,-,G:\Meu Drive\Arquivos_Pessoais_Para_Verificacao\Documentos_e_Planilhas
G:\Meu Drive\Instâncias Enunciativas no Discurso Jurídico.gdoc,NÃO,-,G:\Meu Drive\Arquivos_Pessoais_Para_Verificacao\Documentos_e_Planilhas
G:\Meu Drive\Agora tenho todo o material necessário. Vou anali... (1).gdoc,NÃO,-,G:\Meu Drive\Arquivos_Pessoais_Para_Verificacao\Documentos_e_Planilhas
G:\Meu Drive\Avaliacao_Discurso_Juridico_Thiago_Macedo claude v2.gdoc,NÃO,-,G:\Meu Drive\Arquivos_Pessoais_Para_Verificacao\Documentos_e_Planilhas
G:\Meu Drive\Avaliacao_Discurso_Juridico_Thiago_Macedo.gdoc,NÃO,-,G:\Meu Drive\Arquivos_Pessoais_Para_Verificacao\Documentos_e_Planilhas
G:\Meu Drive\desktop.ini,NÃO,-,G:\Meu Drive\Arquivos_Pessoais_Para_Verificacao\Outros
G:\Meu Drive\Casamento (1)\desktop.ini,NÃO,-,G:\Meu Drive\Arquivos_Pessoais_Para_Verificacao\Outros
G:\Meu Drive\Casamento (1)\PSD\sayo_thiago.psd,NÃO,-,G:\Meu Drive\Arquivos_Pessoais_Para_Verificacao\Imagens_e_Videos
G:\Meu Drive\Casamento (1)\PSD\josefin-sans.zip,NÃO,-,G:\Meu Drive\Arquivos_Pessoais_Para_Verificacao\Outros
G:\Meu Drive\Casamento (1)\PSD\lauren.zip,NÃO,-,G:\Meu Drive\Arquivos_Pessoais_Para_Verificacao\Outros
G:\Meu Drive\Casamento (1)\PSD\senhas.psd,NÃO,-,G:\Meu Drive\Arquivos_Pessoais_Para_Verificacao\Imagens_e_Videos
G:\Meu Drive\Casamento (1)\PSD\convite.psd,NÃO,-,G:\Meu Drive\Arquivos_Pessoais_Para_Verificacao\Imagens_e_Videos
G:\Meu Drive\Casamento (1)\PSD\sayo_thiago (1).psd,NÃO,-,G:\Meu Drive\Arquivos_Pessoais_Para_Verificacao\Imagens_e_Videos
G:\Meu Drive\Casamento (1)\PSD\irmãs.psd,NÃO,-,G:\Meu Drive\Arquivos_Pessoais_Para_Verificacao\Imagens_e_Videos
G:\Meu Drive\Casamento (1)\PSD\lista de presentes.psd,NÃO,-,G:\Meu Drive\Arquivos_Pessoais_Para_Verificacao\Imagens_e_Videos
G:\Meu Drive\Casamento (1)\PSD\pajem.psd,NÃO,-,G:\Meu Drive\Arquivos_Pessoais_Para_Verificacao\Imagens_e_Videos
G:\Meu Drive\Casamento (1)\PSD\damas.psd,NÃO,-,G:\Meu Drive\Arquivos_Pessoais_Para_Verificacao\Imagens_e_Videos
G:\Meu Drive\Casamento (1)\PSD\mapa.psd,NÃO,-,G:\Meu Drive\Arquivos_Pessoais_Para_Verificacao\Imagens_e_Videos
G:\Meu Drive\Casamento (1)\PSD\pedrojoaoarthur.psd,NÃO,-,G:\Meu Drive\Arquivos_Pessoais_Para_Verificacao\Imagens_e_Videos
G:\Meu Drive\Casamento (1)\PSD\peu.psd,NÃO,-,G:\Meu Drive\Arquivos_Pessoais_Para_Verificacao\Imagens_e_Videos
G:\Meu Drive\Casamento (1)\PSD\luiza.psd,NÃO,-,G:\Meu Drive\Arquivos_Pessoais_Para_Verificacao\Imagens_e_Videos
G:\Meu Drive\Casamento (1)\PSD\manugabi.psd,NÃO,-,G:\Meu Drive\Arquivos_Pessoais_Para_Verificacao\Imagens_e_Videos
G:\Meu Drive\Casamento (1)\PSD\envelope.psd,NÃO,-,G:\Meu Drive\Arquivos_Pessoais_Para_Verificacao\Imagens_e_Videos
G:\Meu Drive\Casamento (1)\PSD\tag bem casados.psd,NÃO,-,G:\Meu Drive\Arquivos_Pessoais_Para_Verificacao\Imagens_e_Videos
G:\Meu Drive\Casamento (1)\PSD\desktop.ini,NÃO,-,G:\Meu Drive\Arquivos_Pessoais_Para_Verificacao\Outros
G:\Meu Drive\Casamento (1)\JPG\senhas.jpg,NÃO,-,G:\Meu Drive\Arquivos_Pessoais_Para_Verificacao\Imagens_e_Videos
G:\Meu Drive\Casamento (1)\JPG\sayo_thiago.jpg,NÃO,-,G:\Meu Drive\Arquivos_Pessoais_Para_Verificacao\Imagens_e_Videos
G:\Meu Drive\Casamento (1)\JPG\irmãs.jpg,NÃO,-,G:\Meu Drive\Arquivos_Pessoais_Para_Verificacao\Imagens_e_Videos
G:\Meu Drive\Casamento (1)\JPG\lista-de-presentes.jpg,NÃO,-,G:\Meu Drive\Arquivos_Pessoais_Para_Verificacao\Imagens_e_Videos
G:\Meu Drive\Casamento (1)\JPG\Pedro Joao Arthur.jpg,NÃO,-,G:\Meu Drive\Arquivos_Pessoais_Para_Verificacao\Imagens_e_Videos
G:\Meu Drive\Casamento (1)\JPG\Peu.jpg,NÃO,-,G:\Meu Drive\Arquivos_Pessoais_Para_Verificacao\Imagens_e_Videos
G:\Meu Drive\Casamento (1)\JPG\manu-e-gabi.jpg,NÃO,-,G:\Meu Drive\Arquivos_Pessoais_Para_Verificacao\Imagens_e_Videos
G:\Meu Drive\Casamento (1)\JPG\Lulucat.jpg,NÃO,-,G:\Meu Drive\Arquivos_Pessoais_Para_Verificacao\Imagens_e_Videos
G:\Meu Drive\Casamento (1)\JPG\mapa.jpg,NÃO,-,G:\Meu Drive\Arquivos_Pessoais_Para_Verificacao\Imagens_e_Videos
G:\Meu Drive\Casamento (1)\JPG\fundo.jpg,NÃO,-,G:\Meu Drive\Arquivos_Pessoais_Para_Verificacao\Imagens_e_Videos
G:\Meu Drive\Casamento (1)\JPG\convite.jpg,NÃO,-,G:\Meu Drive\Arquivos_Pessoais_Para_Verificacao\Imagens_e_Videos
G:\Meu Drive\Casamento (1)\JPG\desktop.ini,NÃO,-,G:\Meu Drive\Arquivos_Pessoais_Para_Verificacao\Outros
G:\Meu Drive\vó\17635332_10210584199980213_8137323585404483054_o.jpg,NÃO,-,G:\Meu Drive\Arquivos_Pessoais_Para_Verificacao\Imagens_e_Videos
G:\Meu Drive\vó\116464945_10221006104681317_4785405485680747795_o.jpg,NÃO,-,G:\Meu Drive\Arquivos_Pessoais_Para_Verificacao\Imagens_e_Videos
G:\Meu Drive\vó\16422900_10210120690992778_1290050015440295513_o.jpg,NÃO,-,G:\Meu Drive\Arquivos_Pessoais_Para_Verificacao\Imagens_e_Videos
G:\Meu Drive\vó\15741011_10209782147889412_336796365385032010_n.jpg,NÃO,-,G:\Meu Drive\Arquivos_Pessoais_Para_Verificacao\Imagens_e_Videos
G:\Meu Drive\vó\45170198_10215548623047687_1735732138424139776_o.jpg,NÃO,-,G:\Meu Drive\Arquivos_Pessoais_Para_Verificacao\Imagens_e_Videos
G:\Meu Drive\vó\33677164_10214298874124745_5814051620337483776_o.jpg,NÃO,-,G:\Meu Drive\Arquivos_Pessoais_Para_Verificacao\Imagens_e_Videos
G:\Meu Drive\vó\18401963_10211012437005871_7327799071552220225_o.jpg,NÃO,-,G:\Meu Drive\Arquivos_Pessoais_Para_Verificacao\Imagens_e_Videos
G:\Meu Drive\vó\18320461_10210974793944818_8249873344881979146_o.jpg,NÃO,-,G:\Meu Drive\Arquivos_Pessoais_Para_Verificacao\Imagens_e_Videos
G:\Meu Drive\vó\46460827_10215680348500741_5136763229405446144_o.jpg,NÃO,-,G:\Meu Drive\Arquivos_Pessoais_Para_Verificacao\Imagens_e_Videos
G:\Meu Drive\vó\32337199_10214202308830673_6030249974686547968_n.jpg,NÃO,-,G:\Meu Drive\Arquivos_Pessoais_Para_Verificacao\Imagens_e_Videos
G:\Meu Drive\vó\10919459_10204629672560749_2466842847933144579_o.jpg,NÃO,-,G:\Meu Drive\Arquivos_Pessoais_Para_Verificacao\Imagens_e_Videos
G:\Meu Drive\vó\10171276_10202642718048128_9216099392854121718_n.jpg,NÃO,-,G:\Meu Drive\Arquivos_Pessoais_Para_Verificacao\Imagens_e_Videos
G:\Meu Drive\vó\1379320_10201371056977396_1424323650_n.jpg,NÃO,-,G:\Meu Drive\Arquivos_Pessoais_Para_Verificacao\Imagens_e_Videos
G:\Meu Drive\vó\1380227_10201371057697414_209223351_n.jpg,NÃO,-,G:\Meu Drive\Arquivos_Pessoais_Para_Verificacao\Imagens_e_Videos
G:\Meu Drive\vó\FB_IMG_1595748569691.jpg,NÃO,-,G:\Meu Drive\Arquivos_Pessoais_Para_Verificacao\Imagens_e_Videos
G:\Meu Drive\vó\DSC02329.JPG,NÃO,-,G:\Meu Drive\Arquivos_Pessoais_Para_Verificacao\Imagens_e_Videos
G:\Meu Drive\vó\DSC02362.JPG,NÃO,-,G:\Meu Drive\Arquivos_Pessoais_Para_Verificacao\Imagens_e_Videos
G:\Meu Drive\vó\DSC02366.JPG,NÃO,-,G:\Meu Drive\Arquivos_Pessoais_Para_Verificacao\Imagens_e_Videos
G:\Meu Drive\vó\DSC02370.JPG,NÃO,-,G:\Meu Drive\Arquivos_Pessoais_Para_Verificacao\Imagens_e_Videos
G:\Meu Drive\vó\DSC02372.JPG,NÃO,-,G:\Meu Drive\Arquivos_Pessoais_Para_Verificacao\Imagens_e_Videos
G:\Meu Drive\vó\DSC02373.JPG,NÃO,-,G:\Meu Drive\Arquivos_Pessoais_Para_Verificacao\Imagens_e_Videos
G:\Meu Drive\vó\DSC02385.JPG,NÃO,-,G:\Meu Drive\Arquivos_Pessoais_Para_Verificacao\Imagens_e_Videos
G:\Meu Drive\vó\DSC02399.JPG,NÃO,-,G:\Meu Drive\Arquivos_Pessoais_Para_Verificacao\Imagens_e_Videos
G:\Meu Drive\vó\DSC02403.JPG,NÃO,-,G:\Meu Drive\Arquivos_Pessoais_Para_Verificacao\Imagens_e_Videos
G:\Meu Drive\vó\DSC03253.JPG,NÃO,-,G:\Meu Drive\Arquivos_Pessoais_Para_Verificacao\Imagens_e_Videos
G:\Meu Drive\vó\IMG_20191224_191836.jpg,NÃO,-,G:\Meu Drive\Arquivos_Pessoais_Para_Verificacao\Imagens_e_Videos
G:\Meu Drive\vó\IMG_20191224_192507.jpg,NÃO,-,G:\Meu Drive\Arquivos_Pessoais_Para_Verificacao\Imagens_e_Videos
G:\Meu Drive\vó\IMG_20191224_192359.jpg,NÃO,-,G:\Meu Drive\Arquivos_Pessoais_Para_Verificacao\Imagens_e_Videos
G:\Meu Drive\vó\IMG_20191224_192614.jpg,NÃO,-,G:\Meu Drive\Arquivos_Pessoais_Para_Verificacao\Imagens_e_Videos
G:\Meu Drive\vó\IMG_20191224_192707.jpg,NÃO,-,G:\Meu Drive\Arquivos_Pessoais_Para_Verificacao\Imagens_e_Videos
G:\Meu Drive\vó\WhatsApp Video 2020-07-26 at 11.12.40 AM.mp4,NÃO,-,G:\Meu Drive\Arquivos_Pessoais_Para_Verificacao\Imagens_e_Videos
G:\Meu Drive\vó\WhatsApp Video 2020-07-26 at 11.29.04 AM.mp4,NÃO,-,G:\Meu Drive\Arquivos_Pessoais_Para_Verificacao\Imagens_e_Videos
G:\Meu Drive\vó\IMG_20200725_200443.jpg,NÃO,-,G:\Meu Drive\Arquivos_Pessoais_Para_Verificacao\Imagens_e_Videos
G:\Meu Drive\vó\WhatsApp Video 2020-07-26 at 11.40.40 AM.mp4,NÃO,-,G:\Meu Drive\Arquivos_Pessoais_Para_Verificacao\Imagens_e_Videos
G:\Meu Drive\vó\homenagem\OFF_Margot.mp3,NÃO,-,G:\Meu Drive\Arquivos_Pessoais_Para_Verificacao\Audios_Diversos
G:\Meu Drive\vó\homenagem\I'll Remember You - Jeremy Blake.mp3,NÃO,-,G:\Meu Drive\Arquivos_Pessoais_Para_Verificacao\Audios_Diversos
G:\Meu Drive\vó\homenagem\off.VIP,NÃO,-,G:\Meu Drive\Arquivos_Pessoais_Para_Verificacao\Outros
G:\Meu Drive\vó\homenagem\VOZ_OK.mp3,NÃO,-,G:\Meu Drive\Arquivos_Pessoais_Para_Verificacao\Audios_Diversos
G:\Meu Drive\vó\homenagem\Roteiro.docx,NÃO,-,G:\Meu Drive\Arquivos_Pessoais_Para_Verificacao\Documentos_e_Planilhas
G:\Meu Drive\vó\homenagem\Olindina_Macedo.prproj,NÃO,-,G:\Meu Drive\Arquivos_Pessoais_Para_Verificacao\Outros
G:\Meu Drive\vó\homenagem\Olindina.mp4,NÃO,-,G:\Meu Drive\Arquivos_Pessoais_Para_Verificacao\Imagens_e_Videos
G:\Meu Drive\vó\homenagem\Haras.prproj,NÃO,-,G:\Meu Drive\Arquivos_Pessoais_Para_Verificacao\Outros
G:\Meu Drive\vó\homenagem\homenagem vó.hfp,NÃO,-,G:\Meu Drive\Arquivos_Pessoais_Para_Verificacao\Outros
G:\Meu Drive\vó\homenagem\foto\Erlem1.jpeg,NÃO,-,G:\Meu Drive\Arquivos_Pessoais_Para_Verificacao\Imagens_e_Videos
G:\Meu Drive\vó\homenagem\foto\WhatsApp Image 2020-07-30 at 20.30.31.jpeg,NÃO,-,G:\Meu Drive\Arquivos_Pessoais_Para_Verificacao\Imagens_e_Videos
G:\Meu Drive\vó\homenagem\foto\WhatsApp Image 2020-07-30 at 20.49.58.jpeg,NÃO,-,G:\Meu Drive\Arquivos_Pessoais_Para_Verificacao\Imagens_e_Videos
G:\Meu Drive\vó\homenagem\foto\WhatsApp Image 2020-07-30 at 20.49.59.jpeg,NÃO,-,G:\Meu Drive\Arquivos_Pessoais_Para_Verificacao\Imagens_e_Videos
G:\Meu Drive\vó\homenagem\foto\WhatsApp Image 2020-07-30 at 20.30.36 (1).jpeg,NÃO,-,G:\Meu Drive\Arquivos_Pessoais_Para_Verificacao\Imagens_e_Videos
G:\Meu Drive\vó\homenagem\foto\eduardo (2).jpeg,NÃO,-,G:\Meu Drive\Arquivos_Pessoais_Para_Verificacao\Imagens_e_Videos
G:\Meu Drive\vó\homenagem\foto\WhatsApp Image 2020-07-30 at 20.49.57 (1).jpeg,NÃO,-,G:\Meu Drive\Arquivos_Pessoais_Para_Verificacao\Imagens_e_Videos
G:\Meu Drive\vó\homenagem\foto\bira.jpeg,NÃO,-,G:\Meu Drive\Arquivos_Pessoais_Para_Verificacao\Imagens_e_Videos
G:\Meu Drive\vó\homenagem\foto\francisco_francilene.jpeg,NÃO,-,G:\Meu Drive\Arquivos_Pessoais_Para_Verificacao\Imagens_e_Videos
G:\Meu Drive\vó\homenagem\foto\buraco.jpeg,NÃO,-,G:\Meu Drive\Arquivos_Pessoais_Para_Verificacao\Imagens_e_Videos
G:\Meu Drive\vó\homenagem\foto\WhatsApp Image 2020-07-30 at 20.30.33 (1).jpeg,NÃO,-,G:\Meu Drive\Arquivos_Pessoais_Para_Verificacao\Imagens_e_Videos
G:\Meu Drive\vó\homenagem\foto\WhatsApp Image 2020-07-30 at 20.30.34 (1).jpeg,NÃO,-,G:\Meu Drive\Arquivos_Pessoais_Para_Verificacao\Imagens_e_Videos
G:\Meu Drive\vó\homenagem\foto\WhatsApp Image 2020-07-30 at 20.49.54 (1).jpeg,NÃO,-,G:\Meu Drive\Arquivos_Pessoais_Para_Verificacao\Imagens_e_Videos
G:\Meu Drive\vó\homenagem\foto\WhatsApp Image 2020-07-30 at 20.50.03 (1).jpeg,NÃO,-,G:\Meu Drive\Arquivos_Pessoais_Para_Verificacao\Imagens_e_Videos
G:\Meu Drive\vó\homenagem\foto\WhatsApp Image 2020-07-27 at 09.59.52.jpeg,NÃO,-,G:\Meu Drive\Arquivos_Pessoais_Para_Verificacao\Imagens_e_Videos
G:\Meu Drive\vó\homenagem\foto\Francisco2.jpeg,NÃO,-,G:\Meu Drive\Arquivos_Pessoais_Para_Verificacao\Imagens_e_Videos
G:\Meu Drive\vó\homenagem\foto\WhatsApp Image 2020-07-30 at 20.49.55.jpeg,NÃO,-,G:\Meu Drive\Arquivos_Pessoais_Para_Verificacao\Imagens_e_Videos
G:\Meu Drive\vó\homenagem\foto\Francisco_102a.jpeg,NÃO,-,G:\Meu Drive\Arquivos_Pessoais_Para_Verificacao\Imagens_e_Videos
G:\Meu Drive\vó\homenagem\foto\WhatsApp Image 2020-07-30 at 20.49.57.jpeg,NÃO,-,G:\Meu Drive\Arquivos_Pessoais_Para_Verificacao\Imagens_e_Videos
G:\Meu Drive\vó\homenagem\foto\WhatsApp Image 2020-07-30 at 20.30.35 (1).jpeg,NÃO,-,G:\Meu Drive\Arquivos_Pessoais_Para_Verificacao\Imagens_e_Videos
G:\Meu Drive\vó\homenagem\foto\WhatsApp Image 2020-07-30 at 20.49.52.jpeg,NÃO,-,G:\Meu Drive\Arquivos_Pessoais_Para_Verificacao\Imagens_e_Videos
G:\Meu Drive\vó\homenagem\foto\Família_ant.jpeg,NÃO,-,G:\Meu Drive\Arquivos_Pessoais_Para_Verificacao\Imagens_e_Videos
G:\Meu Drive\vó\homenagem\foto\WhatsApp Image 2020-07-30 at 20.30.32 (1).jpeg,NÃO,-,G:\Meu Drive\Arquivos_Pessoais_Para_Verificacao\Imagens_e_Videos
G:\Meu Drive\vó\homenagem\foto\WhatsApp Image 2020-07-30 at 20.49.58 (1).jpeg,NÃO,-,G:\Meu Drive\Arquivos_Pessoais_Para_Verificacao\Imagens_e_Videos
G:\Meu Drive\vó\homenagem\foto\WhatsApp Image 2020-07-30 at 20.49.55 (1).jpeg,NÃO,-,G:\Meu Drive\Arquivos_Pessoais_Para_Verificacao\Imagens_e_Videos
G:\Meu Drive\vó\homenagem\foto\Netos_90a1.jpeg,NÃO,-,G:\Meu Drive\Arquivos_Pessoais_Para_Verificacao\Imagens_e_Videos
G:\Meu Drive\vó\homenagem\foto\WhatsApp Image 2020-07-30 at 20.50.02.jpeg,NÃO,-,G:\Meu Drive\Arquivos_Pessoais_Para_Verificacao\Imagens_e_Videos
G:\Meu Drive\vó\homenagem\foto\erlem_fafá_carol.jpeg,NÃO,-,G:\Meu Drive\Arquivos_Pessoais_Para_Verificacao\Imagens_e_Videos
G:\Meu Drive\vó\homenagem\foto\netos_90a.jpeg,NÃO,-,G:\Meu Drive\Arquivos_Pessoais_Para_Verificacao\Imagens_e_Videos
G:\Meu Drive\vó\homenagem\foto\WhatsApp Image 2020-07-30 at 20.50.01 (1).jpeg,NÃO,-,G:\Meu Drive\Arquivos_Pessoais_Para_Verificacao\Imagens_e_Videos
G:\Meu Drive\vó\homenagem\foto\WhatsApp Image 2020-07-30 at 20.50.03.jpeg,NÃO,-,G:\Meu Drive\Arquivos_Pessoais_Para_Verificacao\Imagens_e_Videos
G:\Meu Drive\vó\homenagem\foto\tias.jpeg,NÃO,-,G:\Meu Drive\Arquivos_Pessoais_Para_Verificacao\Imagens_e_Videos
G:\Meu Drive\vó\homenagem\foto\WhatsApp Image 2020-07-30 at 20.50.00 (1).jpeg,NÃO,-,G:\Meu Drive\Arquivos_Pessoais_Para_Verificacao\Imagens_e_Videos
G:\Meu Drive\vó\homenagem\foto\carol.jpeg,NÃO,-,G:\Meu Drive\Arquivos_Pessoais_Para_Verificacao\Imagens_e_Videos
G:\Meu Drive\vó\homenagem\foto\WhatsApp Image 2020-07-30 at 20.30.32.jpeg,NÃO,-,G:\Meu Drive\Arquivos_Pessoais_Para_Verificacao\Imagens_e_Videos
G:\Meu Drive\vó\homenagem\foto\WhatsApp Image 2020-07-30 at 20.30.28.jpeg,NÃO,-,G:\Meu Drive\Arquivos_Pessoais_Para_Verificacao\Imagens_e_Videos
G:\Meu Drive\vó\homenagem\foto\Bisnetos.jpeg,NÃO,-,G:\Meu Drive\Arquivos_Pessoais_Para_Verificacao\Imagens_e_Videos
G:\Meu Drive\vó\homenagem\foto\WhatsApp Image 2020-07-30 at 20.50.00.jpeg,NÃO,-,G:\Meu Drive\Arquivos_Pessoais_Para_Verificacao\Imagens_e_Videos
G:\Meu Drive\vó\homenagem\foto\WhatsApp Image 2020-07-30 at 20.49.52 (1).jpeg,NÃO,-,G:\Meu Drive\Arquivos_Pessoais_Para_Verificacao\Imagens_e_Videos
G:\Meu Drive\vó\homenagem\foto\WhatsApp Image 2020-07-30 at 20.30.35.jpeg,NÃO,-,G:\Meu Drive\Arquivos_Pessoais_Para_Verificacao\Imagens_e_Videos
G:\Meu Drive\vó\homenagem\foto\WhatsApp Image 2020-07-30 at 20.49.56.jpeg,NÃO,-,G:\Meu Drive\Arquivos_Pessoais_Para_Verificacao\Imagens_e_Videos
G:\Meu Drive\vó\homenagem\foto\WhatsApp Image 2020-07-30 at 20.49.51 (1).jpeg,NÃO,-,G:\Meu Drive\Arquivos_Pessoais_Para_Verificacao\Imagens_e_Videos
G:\Meu Drive\vó\homenagem\foto\WhatsApp Image 2020-07-30 at 20.49.54.jpeg,NÃO,-,G:\Meu Drive\Arquivos_Pessoais_Para_Verificacao\Imagens_e_Videos
G:\Meu Drive\vó\homenagem\foto\WhatsApp Image 2020-07-30 at 20.49.56 (1).jpeg,NÃO,-,G:\Meu Drive\Arquivos_Pessoais_Para_Verificacao\Imagens_e_Videos
G:\Meu Drive\vó\homenagem\foto\Gilberto.JPG,NÃO,-,G:\Meu Drive\Arquivos_Pessoais_Para_Verificacao\Imagens_e_Videos
G:\Meu Drive\vó\homenagem\foto\Irmãos.JPG,NÃO,-,G:\Meu Drive\Arquivos_Pessoais_Para_Verificacao\Imagens_e_Videos
G:\Meu Drive\vó\homenagem\foto\Filhos.JPG,NÃO,-,G:\Meu Drive\Arquivos_Pessoais_Para_Verificacao\Imagens_e_Videos
G:\Meu Drive\vó\homenagem\foto\usadas no vídeo\Cintia_Camila.jpeg,NÃO,-,G:\Meu Drive\Arquivos_Pessoais_Para_Verificacao\Imagens_e_Videos
G:\Meu Drive\vó\homenagem\foto\usadas no vídeo\WhatsApp Image 2020-07-30 at 20.50.23 (1).jpeg,NÃO,-,G:\Meu Drive\Arquivos_Pessoais_Para_Verificacao\Imagens_e_Videos
G:\Meu Drive\vó\homenagem\foto\usadas no vídeo\filhos_90a.jpeg,NÃO,-,G:\Meu Drive\Arquivos_Pessoais_Para_Verificacao\Imagens_e_Videos
G:\Meu Drive\vó\homenagem\foto\usadas no vídeo\WhatsApp Image 2020-07-30 at 20.50.17.jpeg,NÃO,-,G:\Meu Drive\Arquivos_Pessoais_Para_Verificacao\Imagens_e_Videos
G:\Meu Drive\vó\homenagem\foto\usadas no vídeo\Bisnetos_90a.jpeg,NÃO,-,G:\Meu Drive\Arquivos_Pessoais_Para_Verificacao\Imagens_e_Videos
G:\Meu Drive\vó\homenagem\foto\usadas no vídeo\Francisco1.jpeg,NÃO,-,G:\Meu Drive\Arquivos_Pessoais_Para_Verificacao\Imagens_e_Videos
G:\Meu Drive\vó\homenagem\foto\usadas no vídeo\bira_ana.jpeg,NÃO,-,G:\Meu Drive\Arquivos_Pessoais_Para_Verificacao\Imagens_e_Videos
G:\Meu Drive\vó\homenagem\foto\usadas no vídeo\WhatsApp Image 2020-07-30 at 20.30.34.jpeg,NÃO,-,G:\Meu Drive\Arquivos_Pessoais_Para_Verificacao\Imagens_e_Videos
G:\Meu Drive\vó\homenagem\foto\usadas no vídeo\Eduardo.jpeg,NÃO,-,G:\Meu Drive\Arquivos_Pessoais_Para_Verificacao\Imagens_e_Videos
G:\Meu Drive\vó\homenagem\foto\usadas no vídeo\WhatsApp Image 2020-07-30 at 20.50.18.jpeg,NÃO,-,G:\Meu Drive\Arquivos_Pessoais_Para_Verificacao\Imagens_e_Videos
G:\Meu Drive\vó\homenagem\foto\usadas no vídeo\WhatsApp Image 2020-07-27 at 09.59.52 (1).jpeg,NÃO,-,G:\Meu Drive\Arquivos_Pessoais_Para_Verificacao\Imagens_e_Videos
G:\Meu Drive\vó\homenagem\foto\usadas no vídeo\erlem_jr.jpeg,NÃO,-,G:\Meu Drive\Arquivos_Pessoais_Para_Verificacao\Imagens_e_Videos
G:\Meu Drive\vó\homenagem\foto\usadas no vídeo\vo1.jpeg,NÃO,-,G:\Meu Drive\Arquivos_Pessoais_Para_Verificacao\Imagens_e_Videos
G:\Meu Drive\vó\homenagem\foto\usadas no vídeo\vovó_braços.jpeg,NÃO,-,G:\Meu Drive\Arquivos_Pessoais_Para_Verificacao\Imagens_e_Videos
G:\Meu Drive\vó\homenagem\foto\usadas no vídeo\WhatsApp Image 2020-07-30 at 20.50.04.jpeg,NÃO,-,G:\Meu Drive\Arquivos_Pessoais_Para_Verificacao\Imagens_e_Videos
G:\Meu Drive\vó\homenagem\foto\usadas no vídeo\WhatsApp Image 2020-07-30 at 20.30.29.jpeg,NÃO,-,G:\Meu Drive\Arquivos_Pessoais_Para_Verificacao\Imagens_e_Videos
G:\Meu Drive\vó\homenagem\foto\usadas no vídeo\Pedro.jpeg,NÃO,-,G:\Meu Drive\Arquivos_Pessoais_Para_Verificacao\Imagens_e_Videos
G:\Meu Drive\vó\homenagem\foto\usadas no vídeo\WhatsApp Image 2020-07-30 at 20.30.36.jpeg,NÃO,-,G:\Meu Drive\Arquivos_Pessoais_Para_Verificacao\Imagens_e_Videos
G:\Meu Drive\vó\homenagem\foto\usadas no vídeo\Marcelo.jpeg,NÃO,-,G:\Meu Drive\Arquivos_Pessoais_Para_Verificacao\Imagens_e_Videos
G:\Meu Drive\vó\homenagem\foto\usadas no vídeo\Ailton.jpeg,NÃO,-,G:\Meu Drive\Arquivos_Pessoais_Para_Verificacao\Imagens_e_Videos
G:\Meu Drive\vó\homenagem\foto\usadas no vídeo\WhatsApp Image 2020-07-30 at 20.49.53.jpeg,NÃO,-,G:\Meu Drive\Arquivos_Pessoais_Para_Verificacao\Imagens_e_Videos
G:\Meu Drive\vó\homenagem\foto\usadas no vídeo\WhatsApp Image 2020-07-30 at 20.50.20.jpeg,NÃO,-,G:\Meu Drive\Arquivos_Pessoais_Para_Verificacao\Imagens_e_Videos
G:\Meu Drive\vó\homenagem\foto\usadas no vídeo\Aniv92a.jpeg,NÃO,-,G:\Meu Drive\Arquivos_Pessoais_Para_Verificacao\Imagens_e_Videos
G:\Meu Drive\vó\homenagem\foto\usadas no vídeo\WhatsApp Image 2020-07-30 at 20.50.22.jpeg,NÃO,-,G:\Meu Drive\Arquivos_Pessoais_Para_Verificacao\Imagens_e_Videos
G:\Meu Drive\vó\homenagem\foto\usadas no vídeo\george.jpeg,NÃO,-,G:\Meu Drive\Arquivos_Pessoais_Para_Verificacao\Imagens_e_Videos
G:\Meu Drive\vó\homenagem\foto\usadas no vídeo\WhatsApp Image 2020-07-26 at 11.55.26 (3).jpeg,NÃO,-,G:\Meu Drive\Arquivos_Pessoais_Para_Verificacao\Imagens_e_Videos
G:\Meu Drive\vó\homenagem\foto\usadas no vídeo\WhatsApp Image 2020-07-30 at 20.30.29 (1).jpeg,NÃO,-,G:\Meu Drive\Arquivos_Pessoais_Para_Verificacao\Imagens_e_Videos
G:\Meu Drive\vó\homenagem\foto\usadas no vídeo\WhatsApp Image 2020-07-30 at 20.49.50.jpeg,NÃO,-,G:\Meu Drive\Arquivos_Pessoais_Para_Verificacao\Imagens_e_Videos
G:\Meu Drive\vó\homenagem\foto\usadas no vídeo\102a.jpeg,NÃO,-,G:\Meu Drive\Arquivos_Pessoais_Para_Verificacao\Imagens_e_Videos
G:\Meu Drive\vó\homenagem\foto\usadas no vídeo\WhatsApp Image 2020-07-30 at 20.50.19 (1).jpeg,NÃO,-,G:\Meu Drive\Arquivos_Pessoais_Para_Verificacao\Imagens_e_Videos
G:\Meu Drive\vó\homenagem\foto\usadas no vídeo\WhatsApp Image 2020-07-30 at 20.50.22 (1).jpeg,NÃO,-,G:\Meu Drive\Arquivos_Pessoais_Para_Verificacao\Imagens_e_Videos
G:\Meu Drive\vó\homenagem\foto\usadas no vídeo\WhatsApp Image 2020-07-30 at 20.50.23.jpeg,NÃO,-,G:\Meu Drive\Arquivos_Pessoais_Para_Verificacao\Imagens_e_Videos
G:\Meu Drive\vó\homenagem\foto\usadas no vídeo\Vovó_close.jpeg,NÃO,-,G:\Meu Drive\Arquivos_Pessoais_Para_Verificacao\Imagens_e_Videos
G:\Meu Drive\vó\homenagem\foto\usadas no vídeo\jr_pedro.jpeg,NÃO,-,G:\Meu Drive\Arquivos_Pessoais_Para_Verificacao\Imagens_e_Videos
G:\Meu Drive\vó\homenagem\foto\usadas no vídeo\WhatsApp Image 2020-07-30 at 20.50.02 (1).jpeg,NÃO,-,G:\Meu Drive\Arquivos_Pessoais_Para_Verificacao\Imagens_e_Videos
G:\Meu Drive\vó\homenagem\foto\usadas no vídeo\Sandra.jpeg,NÃO,-,G:\Meu Drive\Arquivos_Pessoais_Para_Verificacao\Imagens_e_Videos
G:\Meu Drive\vó\homenagem\foto\usadas no vídeo\WhatsApp Image 2020-07-30 at 20.49.49.jpeg,NÃO,-,G:\Meu Drive\Arquivos_Pessoais_Para_Verificacao\Imagens_e_Videos
G:\Meu Drive\vó\homenagem\foto\usadas no vídeo\vó_ult_anivers.jpeg,NÃO,-,G:\Meu Drive\Arquivos_Pessoais_Para_Verificacao\Imagens_e_Videos
G:\Meu Drive\vó\homenagem\foto\usadas no vídeo\vovó_óculos.jpeg,NÃO,-,G:\Meu Drive\Arquivos_Pessoais_Para_Verificacao\Imagens_e_Videos
G:\Meu Drive\vó\homenagem\foto\usadas no vídeo\Sandra_natal.jpeg,NÃO,-,G:\Meu Drive\Arquivos_Pessoais_Para_Verificacao\Imagens_e_Videos
G:\Meu Drive\vó\homenagem\foto\usadas no vídeo\WhatsApp Image 2020-07-29 at 09.34.38.jpeg,NÃO,-,G:\Meu Drive\Arquivos_Pessoais_Para_Verificacao\Imagens_e_Videos
G:\Meu Drive\vó\homenagem\foto\usadas no vídeo\netos90a.jpeg,NÃO,-,G:\Meu Drive\Arquivos_Pessoais_Para_Verificacao\Imagens_e_Videos
G:\Meu Drive\vó\homenagem\foto\usadas no vídeo\Vovó_natal.jpeg,NÃO,-,G:\Meu Drive\Arquivos_Pessoais_Para_Verificacao\Imagens_e_Videos
G:\Meu Drive\vó\homenagem\foto\usadas no vídeo\WhatsApp Image 2020-07-30 at 20.50.21 (1).jpeg,NÃO,-,G:\Meu Drive\Arquivos_Pessoais_Para_Verificacao\Imagens_e_Videos
G:\Meu Drive\vó\homenagem\foto\usadas no vídeo\WhatsApp Image 2020-07-30 at 20.30.30 (1).jpeg,NÃO,-,G:\Meu Drive\Arquivos_Pessoais_Para_Verificacao\Imagens_e_Videos
G:\Meu Drive\vó\homenagem\foto\usadas no vídeo\aguida_zefinha.jpeg,NÃO,-,G:\Meu Drive\Arquivos_Pessoais_Para_Verificacao\Imagens_e_Videos
G:\Meu Drive\vó\homenagem\foto\usadas no vídeo\tataraneto.jpeg,NÃO,-,G:\Meu Drive\Arquivos_Pessoais_Para_Verificacao\Imagens_e_Videos
G:\Meu Drive\vó\homenagem\foto\usadas no vídeo\vo.jpeg,NÃO,-,G:\Meu Drive\Arquivos_Pessoais_Para_Verificacao\Imagens_e_Videos
G:\Meu Drive\vó\homenagem\foto\usadas no vídeo\WhatsApp Image 2020-07-30 at 20.50.18 (1).jpeg,NÃO,-,G:\Meu Drive\Arquivos_Pessoais_Para_Verificacao\Imagens_e_Videos
G:\Meu Drive\vó\homenagem\foto\usadas no vídeo\WhatsApp Image 2020-07-30 at 20.50.21.jpeg,NÃO,-,G:\Meu Drive\Arquivos_Pessoais_Para_Verificacao\Imagens_e_Videos
G:\Meu Drive\vó\homenagem\foto\usadas no vídeo\Aniv_ant.jpeg,NÃO,-,G:\Meu Drive\Arquivos_Pessoais_Para_Verificacao\Imagens_e_Videos
G:\Meu Drive\vó\homenagem\foto\usadas no vídeo\WhatsApp Image 2020-07-30 at 20.49.51.jpeg,NÃO,-,G:\Meu Drive\Arquivos_Pessoais_Para_Verificacao\Imagens_e_Videos
G:\Meu Drive\vó\homenagem\foto\usadas no vídeo\WhatsApp Image 2020-07-30 at 20.49.50 (1).jpeg,NÃO,-,G:\Meu Drive\Arquivos_Pessoais_Para_Verificacao\Imagens_e_Videos
G:\Meu Drive\vó\homenagem\foto\usadas no vídeo\Erlem_victor.jpeg,NÃO,-,G:\Meu Drive\Arquivos_Pessoais_Para_Verificacao\Imagens_e_Videos
G:\Meu Drive\vó\homenagem\foto\usadas no vídeo\Vovó_francisco.jpeg,NÃO,-,G:\Meu Drive\Arquivos_Pessoais_Para_Verificacao\Imagens_e_Videos
G:\Meu Drive\vó\homenagem\foto\usadas no vídeo\WhatsApp Image 2020-07-30 at 20.50.17 (1).jpeg,NÃO,-,G:\Meu Drive\Arquivos_Pessoais_Para_Verificacao\Imagens_e_Videos
G:\Meu Drive\vó\homenagem\foto\usadas no vídeo\WhatsApp Image 2020-07-30 at 20.50.16.jpeg,NÃO,-,G:\Meu Drive\Arquivos_Pessoais_Para_Verificacao\Imagens_e_Videos
G:\Meu Drive\vó\homenagem\foto\usadas no vídeo\Irmãs.jpeg,NÃO,-,G:\Meu Drive\Arquivos_Pessoais_Para_Verificacao\Imagens_e_Videos
G:\Meu Drive\vó\homenagem\foto\usadas no vídeo\WhatsApp Image 2020-07-30 at 20.50.20 (1).jpeg,NÃO,-,G:\Meu Drive\Arquivos_Pessoais_Para_Verificacao\Imagens_e_Videos
G:\Meu Drive\vó\homenagem\foto\usadas no vídeo\WhatsApp Image 2020-07-30 at 20.50.24.jpeg,NÃO,-,G:\Meu Drive\Arquivos_Pessoais_Para_Verificacao\Imagens_e_Videos
G:\Meu Drive\vó\homenagem\foto\usadas no vídeo\vovó_close1.jpeg,NÃO,-,G:\Meu Drive\Arquivos_Pessoais_Para_Verificacao\Imagens_e_Videos
G:\Meu Drive\vó\homenagem\foto\usadas no vídeo\WhatsApp Image 2020-07-30 at 20.30.30.jpeg,NÃO,-,G:\Meu Drive\Arquivos_Pessoais_Para_Verificacao\Imagens_e_Videos
G:\Meu Drive\vó\homenagem\foto\usadas no vídeo\WhatsApp Image 2020-07-26 at 18.09.57.jpeg,NÃO,-,G:\Meu Drive\Arquivos_Pessoais_Para_Verificacao\Imagens_e_Videos
G:\Meu Drive\vó\homenagem\foto\usadas no vídeo\Variada.jpeg,NÃO,-,G:\Meu Drive\Arquivos_Pessoais_Para_Verificacao\Imagens_e_Videos
G:\Meu Drive\vó\homenagem\foto\usadas no vídeo\WhatsApp Image 2020-07-30 at 20.50.15.jpeg,NÃO,-,G:\Meu Drive\Arquivos_Pessoais_Para_Verificacao\Imagens_e_Videos
G:\Meu Drive\vó\homenagem\foto\usadas no vídeo\WhatsApp Image 2020-07-27 at 08.30.17.jpeg,NÃO,-,G:\Meu Drive\Arquivos_Pessoais_Para_Verificacao\Imagens_e_Videos
G:\Meu Drive\vó\homenagem\foto\usadas no vídeo\WhatsApp Image 2020-07-30 at 20.50.04 (1).jpeg,NÃO,-,G:\Meu Drive\Arquivos_Pessoais_Para_Verificacao\Imagens_e_Videos
G:\Meu Drive\vó\homenagem\foto\usadas no vídeo\Sandra_natal1.jpeg,NÃO,-,G:\Meu Drive\Arquivos_Pessoais_Para_Verificacao\Imagens_e_Videos
G:\Meu Drive\vó\homenagem\foto\usadas no vídeo\WhatsApp Image 2020-07-30 at 20.50.01.jpeg,NÃO,-,G:\Meu Drive\Arquivos_Pessoais_Para_Verificacao\Imagens_e_Videos
G:\Meu Drive\vó\homenagem\foto\usadas no vídeo\WhatsApp Image 2020-07-30 at 20.50.19.jpeg,NÃO,-,G:\Meu Drive\Arquivos_Pessoais_Para_Verificacao\Imagens_e_Videos
G:\Meu Drive\vó\homenagem\foto\usadas no vídeo\bira_ana_sayo_thiago.jpeg,NÃO,-,G:\Meu Drive\Arquivos_Pessoais_Para_Verificacao\Imagens_e_Videos
G:\Meu Drive\vó\homenagem\foto\usadas no vídeo\WhatsApp Image 2020-07-30 at 20.50.15 (1).jpeg,NÃO,-,G:\Meu Drive\Arquivos_Pessoais_Para_Verificacao\Imagens_e_Videos
G:\Meu Drive\vó\homenagem\foto\usadas no vídeo\thiago.jpeg,NÃO,-,G:\Meu Drive\Arquivos_Pessoais_Para_Verificacao\Imagens_e_Videos
G:\Meu Drive\vó\homenagem\foto\usadas no vídeo\Cintia_Camila_Marcelo.jpeg,NÃO,-,G:\Meu Drive\Arquivos_Pessoais_Para_Verificacao\Imagens_e_Videos
G:\Meu Drive\vó\homenagem\foto\usadas no vídeo\WhatsApp Image 2020-07-30 at 20.49.53 (1).jpeg,NÃO,-,G:\Meu Drive\Arquivos_Pessoais_Para_Verificacao\Imagens_e_Videos
G:\Meu Drive\vó\homenagem\foto\usadas no vídeo\almoço.jpeg,NÃO,-,G:\Meu Drive\Arquivos_Pessoais_Para_Verificacao\Imagens_e_Videos
G:\Meu Drive\vó\homenagem\foto\usadas no vídeo\WhatsApp Image 2020-07-30 at 20.30.33.jpeg,NÃO,-,G:\Meu Drive\Arquivos_Pessoais_Para_Verificacao\Imagens_e_Videos
G:\Meu Drive\vó\homenagem\foto\usadas no vídeo\luiza.jpeg,NÃO,-,G:\Meu Drive\Arquivos_Pessoais_Para_Verificacao\Imagens_e_Videos
G:\Meu Drive\vó\homenagem\foto\usadas no vídeo\Irmãos (2).JPG,NÃO,-,G:\Meu Drive\Arquivos_Pessoais_Para_Verificacao\Imagens_e_Videos
G:\Meu Drive\vó\homenagem\foto\usadas no vídeo\Vera e Cintia.JPG,NÃO,-,G:\Meu Drive\Arquivos_Pessoais_Para_Verificacao\Imagens_e_Videos
G:\Meu Drive\vó\homenagem\foto\usadas no vídeo\Ailton.JPG,NÃO,-,G:\Meu Drive\Arquivos_Pessoais_Para_Verificacao\Imagens_e_Videos
G:\Meu Drive\vó\homenagem\foto\usadas no vídeo\Gilberto1.JPG,NÃO,-,G:\Meu Drive\Arquivos_Pessoais_Para_Verificacao\Imagens_e_Videos
G:\Meu Drive\vó\homenagem\foto\usadas no vídeo\Família_toda.JPG,NÃO,-,G:\Meu Drive\Arquivos_Pessoais_Para_Verificacao\Imagens_e_Videos
G:\Meu Drive\vó\homenagem\foto\usadas no vídeo\Ivonete.JPG,NÃO,-,G:\Meu Drive\Arquivos_Pessoais_Para_Verificacao\Imagens_e_Videos
G:\Meu Drive\vó\homenagem\foto\usadas no vídeo\Edinho.JPG,NÃO,-,G:\Meu Drive\Arquivos_Pessoais_Para_Verificacao\Imagens_e_Videos
G:\Meu Drive\vó\homenagem\foto\usadas no vídeo\Edson.JPG,NÃO,-,G:\Meu Drive\Arquivos_Pessoais_Para_Verificacao\Imagens_e_Videos
G:\Meu Drive\vó\homenagem\foto\usadas no vídeo\Edson1.JPG,NÃO,-,G:\Meu Drive\Arquivos_Pessoais_Para_Verificacao\Imagens_e_Videos
G:\Meu Drive\vó\homenagem\foto\usadas no vídeo\Tataranetos.JPG,NÃO,-,G:\Meu Drive\Arquivos_Pessoais_Para_Verificacao\Imagens_e_Videos
G:\Meu Drive\vó\homenagem\foto\usadas no vídeo\Francisco.JPG,NÃO,-,G:\Meu Drive\Arquivos_Pessoais_Para_Verificacao\Imagens_e_Videos
G:\Meu Drive\vó\homenagem\foto\usadas no vídeo\Erlem.JPG,NÃO,-,G:\Meu Drive\Arquivos_Pessoais_Para_Verificacao\Imagens_e_Videos
G:\Meu Drive\vó\homenagem\foto\usadas no vídeo\Vovó.JPG,NÃO,-,G:\Meu Drive\Arquivos_Pessoais_Para_Verificacao\Imagens_e_Videos
G:\Meu Drive\vó\homenagem\foto\usadas no vídeo\Vera.JPG,NÃO,-,G:\Meu Drive\Arquivos_Pessoais_Para_Verificacao\Imagens_e_Videos
G:\Meu Drive\vó\homenagem\foto\usadas no vídeo\Zilca.JPG,NÃO,-,G:\Meu Drive\Arquivos_Pessoais_Para_Verificacao\Imagens_e_Videos
G:\Meu Drive\vó\homenagem\foto\usadas no vídeo\Bira.JPG,NÃO,-,G:\Meu Drive\Arquivos_Pessoais_Para_Verificacao\Imagens_e_Videos
G:\Meu Drive\vó\homenagem\foto\usadas no vídeo\Filhos1.JPG,NÃO,-,G:\Meu Drive\Arquivos_Pessoais_Para_Verificacao\Imagens_e_Videos
G:\Meu Drive\vó\homenagem\foto\usadas no vídeo\Sandra.JPG,NÃO,-,G:\Meu Drive\Arquivos_Pessoais_Para_Verificacao\Imagens_e_Videos
G:\Meu Drive\Transmissões_Camaras\desktop.ini,NÃO,-,G:\Meu Drive\Arquivos_Pessoais_Para_Verificacao\Outros
G:\Meu Drive\Transmissões_Camaras\arquivos_transmissão\MINIATURA YOUTUBE.jpg,NÃO,-,G:\Meu Drive\Arquivos_Pessoais_Para_Verificacao\Imagens_e_Videos
G:\Meu Drive\Transmissões_Camaras\arquivos_transmissão\desktop.ini,NÃO,-,G:\Meu Drive\Arquivos_Pessoais_Para_Verificacao\Outros
G:\Meu Drive\Carnê\Recibo carnê.pdf,NÃO,-,G:\Meu Drive\Arquivos_Pessoais_Para_Verificacao\Documentos_e_Planilhas
G:\Meu Drive\Carnê\Recibo carnê.psd,NÃO,-,G:\Meu Drive\Arquivos_Pessoais_Para_Verificacao\Imagens_e_Videos
G:\Meu Drive\Carnê\desktop.ini,NÃO,-,G:\Meu Drive\Arquivos_Pessoais_Para_Verificacao\Outros
G:\Meu Drive\Scribbl Transcription\mzr-kgiy-kyv - 11-22 13 23.gdoc,SIM,DESCONHECIDO,H:\Meu Drive\01_ROTEIROS/DESCONHECIDOS
G:\Meu Drive\Scribbl Transcription\mzr-kgiy-kyv.gdoc,NÃO,-,G:\Meu Drive\Arquivos_Pessoais_Para_Verificacao\Documentos_e_Planilhas
G:\Meu Drive\Scribbl Transcription\vdw-xebf-jxu.gdoc,NÃO,-,G:\Meu Drive\Arquivos_Pessoais_Para_Verificacao\Documentos_e_Planilhas
G:\Meu Drive\Scribbl Transcription\Métodos e Práticas de Análise Linguística - Aula 04.gdoc,NÃO,-,G:\Meu Drive\Arquivos_Pessoais_Para_Verificacao\Documentos_e_Planilhas
G:\Meu Drive\Scribbl Transcription\vys-qnsd-wdr - 03-21 15 09.gdoc,SIM,DESCONHECIDO,H:\Meu Drive\01_ROTEIROS/DESCONHECIDOS
G:\Meu Drive\Scribbl Transcription\run-uzck-frr - 03-28 10 49.gdoc,SIM,DESCONHECIDO,H:\Meu Drive\01_ROTEIROS/DESCONHECIDOS
G:\Meu Drive\Scribbl Transcription\dnf-gqpv-rdm (1).gdoc,NÃO,-,G:\Meu Drive\Arquivos_Pessoais_Para_Verificacao\Documentos_e_Planilhas
G:\Meu Drive\Scribbl Transcription\dnf-gqpv-rdm - 05-09 13 36 (1).gdoc,SIM,DESCONHECIDO,H:\Meu Drive\01_ROTEIROS/DESCONHECIDOS
G:\Meu Drive\Scribbl Transcription\dnf-gqpv-rdm - 05-09 13 36.gdoc,SIM,DESCONHECIDO,H:\Meu Drive\01_ROTEIROS/DESCONHECIDOS
G:\Meu Drive\Scribbl Transcription\dnf-gqpv-rdm.gdoc,NÃO,-,G:\Meu Drive\Arquivos_Pessoais_Para_Verificacao\Documentos_e_Planilhas
G:\Meu Drive\Scribbl Transcription\AULA 03.gdoc,NÃO,-,G:\Meu Drive\Arquivos_Pessoais_Para_Verificacao\Documentos_e_Planilhas
G:\Meu Drive\Scribbl Transcription\AULA2.gdoc,NÃO,-,G:\Meu Drive\Arquivos_Pessoais_Para_Verificacao\Documentos_e_Planilhas
G:\Meu Drive\Scribbl Transcription\AULA 01.gdoc,NÃO,-,G:\Meu Drive\Arquivos_Pessoais_Para_Verificacao\Documentos_e_Planilhas
G:\Meu Drive\Scribbl Transcription\din-mdup-pkr - 05-30 10 48.gdoc,SIM,DESCONHECIDO,H:\Meu Drive\01_ROTEIROS/DESCONHECIDOS
G:\Meu Drive\Scribbl Transcription\Literary Analysis Class.gdoc,NÃO,-,G:\Meu Drive\Arquivos_Pessoais_Para_Verificacao\Documentos_e_Planilhas
G:\Meu Drive\Scribbl Transcription\Personal Reflection Meeting.gdoc,NÃO,-,G:\Meu Drive\Arquivos_Pessoais_Para_Verificacao\Documentos_e_Planilhas
G:\Meu Drive\Scribbl Transcription\Narrativa Digital e Educação.gdoc,NÃO,-,G:\Meu Drive\Arquivos_Pessoais_Para_Verificacao\Documentos_e_Planilhas
G:\Meu Drive\Scribbl Transcription\Narrativa Digital e Educação (1).gdoc,NÃO,-,G:\Meu Drive\Arquivos_Pessoais_Para_Verificacao\Documentos_e_Planilhas
G:\Meu Drive\GG1ANO\IMG-20260301-WA0054.jpg,NÃO,-,G:\Meu Drive\Arquivos_Pessoais_Para_Verificacao\Imagens_e_Videos
G:\Meu Drive\GG1ANO\IMG-20260301-WA0117.jpg,NÃO,-,G:\Meu Drive\Arquivos_Pessoais_Para_Verificacao\Imagens_e_Videos
G:\Meu Drive\GG1ANO\IMG-20260301-WA0106.jpg,NÃO,-,G:\Meu Drive\Arquivos_Pessoais_Para_Verificacao\Imagens_e_Videos
G:\Meu Drive\GG1ANO\IMG-20260301-WA0044.jpg,NÃO,-,G:\Meu Drive\Arquivos_Pessoais_Para_Verificacao\Imagens_e_Videos
G:\Meu Drive\GG1ANO\IMG-20260301-WA0017.jpg,NÃO,-,G:\Meu Drive\Arquivos_Pessoais_Para_Verificacao\Imagens_e_Videos
G:\Meu Drive\GG1ANO\IMG-20260301-WA0109.jpg,NÃO,-,G:\Meu Drive\Arquivos_Pessoais_Para_Verificacao\Imagens_e_Videos
G:\Meu Drive\GG1ANO\IMG-20260301-WA0124.jpg,NÃO,-,G:\Meu Drive\Arquivos_Pessoais_Para_Verificacao\Imagens_e_Videos
G:\Meu Drive\GG1ANO\IMG-20260301-WA0090.jpg,NÃO,-,G:\Meu Drive\Arquivos_Pessoais_Para_Verificacao\Imagens_e_Videos
G:\Meu Drive\GG1ANO\IMG-20260301-WA0060.jpg,NÃO,-,G:\Meu Drive\Arquivos_Pessoais_Para_Verificacao\Imagens_e_Videos
G:\Meu Drive\GG1ANO\IMG-20260301-WA0037.jpg,NÃO,-,G:\Meu Drive\Arquivos_Pessoais_Para_Verificacao\Imagens_e_Videos
G:\Meu Drive\GG1ANO\IMG-20260301-WA0030.jpg,NÃO,-,G:\Meu Drive\Arquivos_Pessoais_Para_Verificacao\Imagens_e_Videos
G:\Meu Drive\GG1ANO\IMG-20260301-WA0102.jpg,NÃO,-,G:\Meu Drive\Arquivos_Pessoais_Para_Verificacao\Imagens_e_Videos
G:\Meu Drive\GG1ANO\IMG-20260301-WA0104.jpg,NÃO,-,G:\Meu Drive\Arquivos_Pessoais_Para_Verificacao\Imagens_e_Videos
G:\Meu Drive\GG1ANO\IMG-20260301-WA0034.jpg,NÃO,-,G:\Meu Drive\Arquivos_Pessoais_Para_Verificacao\Imagens_e_Videos
G:\Meu Drive\GG1ANO\IMG-20260301-WA0058.jpg,NÃO,-,G:\Meu Drive\Arquivos_Pessoais_Para_Verificacao\Imagens_e_Videos
G:\Meu Drive\GG1ANO\IMG-20260301-WA0022.jpg,NÃO,-,G:\Meu Drive\Arquivos_Pessoais_Para_Verificacao\Imagens_e_Videos
G:\Meu Drive\GG1ANO\IMG-20260301-WA0113.jpg,NÃO,-,G:\Meu Drive\Arquivos_Pessoais_Para_Verificacao\Imagens_e_Videos
G:\Meu Drive\GG1ANO\IMG-20260301-WA0116.jpg,NÃO,-,G:\Meu Drive\Arquivos_Pessoais_Para_Verificacao\Imagens_e_Videos
G:\Meu Drive\GG1ANO\IMG-20260301-WA0115.jpg,NÃO,-,G:\Meu Drive\Arquivos_Pessoais_Para_Verificacao\Imagens_e_Videos
G:\Meu Drive\GG1ANO\IMG-20260301-WA0016.jpg,NÃO,-,G:\Meu Drive\Arquivos_Pessoais_Para_Verificacao\Imagens_e_Videos
G:\Meu Drive\GG1ANO\IMG-20260301-WA0061.jpg,NÃO,-,G:\Meu Drive\Arquivos_Pessoais_Para_Verificacao\Imagens_e_Videos
G:\Meu Drive\GG1ANO\IMG-20260301-WA0048.jpg,NÃO,-,G:\Meu Drive\Arquivos_Pessoais_Para_Verificacao\Imagens_e_Videos
G:\Meu Drive\GG1ANO\IMG-20260301-WA0021.jpg,NÃO,-,G:\Meu Drive\Arquivos_Pessoais_Para_Verificacao\Imagens_e_Videos
G:\Meu Drive\GG1ANO\IMG-20260301-WA0062.jpg,NÃO,-,G:\Meu Drive\Arquivos_Pessoais_Para_Verificacao\Imagens_e_Videos
G:\Meu Drive\GG1ANO\IMG-20260301-WA0107.jpg,NÃO,-,G:\Meu Drive\Arquivos_Pessoais_Para_Verificacao\Imagens_e_Videos
G:\Meu Drive\GG1ANO\IMG-20260301-WA0119.jpg,NÃO,-,G:\Meu Drive\Arquivos_Pessoais_Para_Verificacao\Imagens_e_Videos
G:\Meu Drive\GG1ANO\IMG-20260301-WA0105.jpg,NÃO,-,G:\Meu Drive\Arquivos_Pessoais_Para_Verificacao\Imagens_e_Videos
G:\Meu Drive\GG1ANO\IMG-20260301-WA0118.jpg,NÃO,-,G:\Meu Drive\Arquivos_Pessoais_Para_Verificacao\Imagens_e_Videos
G:\Meu Drive\GG1ANO\IMG-20260301-WA0111.jpg,NÃO,-,G:\Meu Drive\Arquivos_Pessoais_Para_Verificacao\Imagens_e_Videos
G:\Meu Drive\GG1ANO\IMG-20260301-WA0131.jpg,NÃO,-,G:\Meu Drive\Arquivos_Pessoais_Para_Verificacao\Imagens_e_Videos
G:\Meu Drive\GG1ANO\IMG-20260301-WA0036.jpg,NÃO,-,G:\Meu Drive\Arquivos_Pessoais_Para_Verificacao\Imagens_e_Videos
G:\Meu Drive\GG1ANO\IMG-20260301-WA0059.jpg,NÃO,-,G:\Meu Drive\Arquivos_Pessoais_Para_Verificacao\Imagens_e_Videos
G:\Meu Drive\GG1ANO\IMG-20260301-WA0121.jpg,NÃO,-,G:\Meu Drive\Arquivos_Pessoais_Para_Verificacao\Imagens_e_Videos
G:\Meu Drive\GG1ANO\IMG-20260301-WA0129.jpg,NÃO,-,G:\Meu Drive\Arquivos_Pessoais_Para_Verificacao\Imagens_e_Videos
G:\Meu Drive\GG1ANO\IMG-20260301-WA0120.jpg,NÃO,-,G:\Meu Drive\Arquivos_Pessoais_Para_Verificacao\Imagens_e_Videos
G:\Meu Drive\GG1ANO\IMG-20260301-WA0014.jpg,NÃO,-,G:\Meu Drive\Arquivos_Pessoais_Para_Verificacao\Imagens_e_Videos
G:\Meu Drive\GG1ANO\IMG-20260301-WA0053.jpg,NÃO,-,G:\Meu Drive\Arquivos_Pessoais_Para_Verificacao\Imagens_e_Videos
G:\Meu Drive\GG1ANO\IMG-20260301-WA0126.jpg,NÃO,-,G:\Meu Drive\Arquivos_Pessoais_Para_Verificacao\Imagens_e_Videos
G:\Meu Drive\GG1ANO\IMG-20260301-WA0103.jpg,NÃO,-,G:\Meu Drive\Arquivos_Pessoais_Para_Verificacao\Imagens_e_Videos
G:\Meu Drive\GG1ANO\IMG-20260301-WA0127.jpg,NÃO,-,G:\Meu Drive\Arquivos_Pessoais_Para_Verificacao\Imagens_e_Videos
G:\Meu Drive\GG1ANO\IMG-20260301-WA0114.jpg,NÃO,-,G:\Meu Drive\Arquivos_Pessoais_Para_Verificacao\Imagens_e_Videos
G:\Meu Drive\GG1ANO\IMG-20260301-WA0025.jpg,NÃO,-,G:\Meu Drive\Arquivos_Pessoais_Para_Verificacao\Imagens_e_Videos
G:\Meu Drive\GG1ANO\IMG-20260301-WA0122.jpg,NÃO,-,G:\Meu Drive\Arquivos_Pessoais_Para_Verificacao\Imagens_e_Videos
G:\Meu Drive\GG1ANO\IMG-20260301-WA0110.jpg,NÃO,-,G:\Meu Drive\Arquivos_Pessoais_Para_Verificacao\Imagens_e_Videos
G:\Meu Drive\GG1ANO\IMG-20260301-WA0130.jpg,NÃO,-,G:\Meu Drive\Arquivos_Pessoais_Para_Verificacao\Imagens_e_Videos
G:\Meu Drive\GG1ANO\IMG-20260301-WA0024.jpg,NÃO,-,G:\Meu Drive\Arquivos_Pessoais_Para_Verificacao\Imagens_e_Videos
G:\Meu Drive\GG1ANO\IMG-20260301-WA0011.jpg,NÃO,-,G:\Meu Drive\Arquivos_Pessoais_Para_Verificacao\Imagens_e_Videos
G:\Meu Drive\GG1ANO\IMG-20260301-WA0040.jpg,NÃO,-,G:\Meu Drive\Arquivos_Pessoais_Para_Verificacao\Imagens_e_Videos
G:\Meu Drive\GG1ANO\IMG-20260301-WA0125.jpg,NÃO,-,G:\Meu Drive\Arquivos_Pessoais_Para_Verificacao\Imagens_e_Videos
G:\Meu Drive\GG1ANO\IMG-20260301-WA0123.jpg,NÃO,-,G:\Meu Drive\Arquivos_Pessoais_Para_Verificacao\Imagens_e_Videos
G:\Meu Drive\GG1ANO\IMG-20260301-WA0050.jpg,NÃO,-,G:\Meu Drive\Arquivos_Pessoais_Para_Verificacao\Imagens_e_Videos
G:\Meu Drive\GG1ANO\IMG-20260301-WA0085.jpg,NÃO,-,G:\Meu Drive\Arquivos_Pessoais_Para_Verificacao\Imagens_e_Videos
G:\Meu Drive\GG1ANO\IMG-20260301-WA0108.jpg,NÃO,-,G:\Meu Drive\Arquivos_Pessoais_Para_Verificacao\Imagens_e_Videos
G:\Meu Drive\GG1ANO\IMG-20260301-WA0101.jpg,NÃO,-,G:\Meu Drive\Arquivos_Pessoais_Para_Verificacao\Imagens_e_Videos
G:\Meu Drive\GG1ANO\IMG-20260301-WA0018.jpg,NÃO,-,G:\Meu Drive\Arquivos_Pessoais_Para_Verificacao\Imagens_e_Videos
G:\Meu Drive\GG1ANO\IMG-20260301-WA0056.jpg,NÃO,-,G:\Meu Drive\Arquivos_Pessoais_Para_Verificacao\Imagens_e_Videos
G:\Meu Drive\GG1ANO\IMG-20260301-WA0128.jpg,NÃO,-,G:\Meu Drive\Arquivos_Pessoais_Para_Verificacao\Imagens_e_Videos
G:\Meu Drive\GG1ANO\IMG-20260301-WA0112.jpg,NÃO,-,G:\Meu Drive\Arquivos_Pessoais_Para_Verificacao\Imagens_e_Videos
G:\Meu Drive\GG1ANO\desktop.ini,NÃO,-,G:\Meu Drive\Arquivos_Pessoais_Para_Verificacao\Outros
G:\Meu Drive\GG\WhatsApp Image 2026-03-12 at 10.10.44 AM.jpeg,NÃO,-,G:\Meu Drive\Arquivos_Pessoais_Para_Verificacao\Imagens_e_Videos
G:\Meu Drive\GG\WhatsApp Image 2026-03-12 at 10.10.45 AM.jpeg,NÃO,-,G:\Meu Drive\Arquivos_Pessoais_Para_Verificacao\Imagens_e_Videos
G:\Meu Drive\GG\1.jpeg,NÃO,-,G:\Meu Drive\Arquivos_Pessoais_Para_Verificacao\Imagens_e_Videos
G:\Meu Drive\GG\2.jpeg,NÃO,-,G:\Meu Drive\Arquivos_Pessoais_Para_Verificacao\Imagens_e_Videos
G:\Meu Drive\GG\3.jpeg,NÃO,-,G:\Meu Drive\Arquivos_Pessoais_Para_Verificacao\Imagens_e_Videos
G:\Meu Drive\GG\4.jpeg,NÃO,-,G:\Meu Drive\Arquivos_Pessoais_Para_Verificacao\Imagens_e_Videos
G:\Meu Drive\GG\5.jpeg,NÃO,-,G:\Meu Drive\Arquivos_Pessoais_Para_Verificacao\Imagens_e_Videos
G:\Meu Drive\procuração\20260512-1031.jpg,NÃO,-,G:\Meu Drive\Arquivos_Pessoais_Para_Verificacao\Imagens_e_Videos
G:\Meu Drive\procuração\20260512-1033.jpg,NÃO,-,G:\Meu Drive\Arquivos_Pessoais_Para_Verificacao\Imagens_e_Videos
G:\Meu Drive\EDITADOS\NJUD_1831_09-03-2026.mp3,SIM,NJUD,H:\Meu Drive\02_PRODUCAO/NJUD
G:\Meu Drive\EDITADOS\NJUD_1828_04-03-2026.mp3,SIM,NJUD,H:\Meu Drive\02_PRODUCAO/NJUD
G:\Meu Drive\EDITADOS\NJUD_1829_05-03-2026.mp3,SIM,NJUD,H:\Meu Drive\02_PRODUCAO/NJUD
G:\Meu Drive\EDITADOS\NJUD_1830_06-03-2026.mp3,SIM,NJUD,H:\Meu Drive\02_PRODUCAO/NJUD
G:\Meu Drive\EDITADOS\NJUD_1827_03-03-2026.mp3,SIM,NJUD,H:\Meu Drive\02_PRODUCAO/NJUD
G:\Meu Drive\EDITADOS\NJUD_1826_02-03-2026.mp3,SIM,NJUD,H:\Meu Drive\02_PRODUCAO/NJUD
G:\Meu Drive\2026\desktop.ini,NÃO,-,G:\Meu Drive\Arquivos_Pessoais_Para_Verificacao\Outros
G:\Meu Drive\2026 (1)\05 - MAI - 26\desktop.ini,NÃO,-,G:\Meu Drive\Arquivos_Pessoais_Para_Verificacao\Outros
G:\Meu Drive\2026 (1)\05 - MAI - 26\25 05 - SEG\BOLETIM_RADIO_TJRN_25_05_2026_B3_COPARTICIPACAO_LIMITADA_TEA.txt,SIM,BOLETIM,H:\Meu Drive\01_ROTEIROS/BOLETINS
G:\Meu Drive\2026 (1)\05 - MAI - 26\25 05 - SEG\BOLETIM_RADIO_TJRN_25_05_2026_B1_SEMANA_ADOCAO_ASSEMBLEIA.txt,SIM,BOLETIM,H:\Meu Drive\01_ROTEIROS/BOLETINS
G:\Meu Drive\2026 (1)\05 - MAI - 26\25 05 - SEG\BOLETIM_RADIO_TJRN_25_05_2026_B9_TRTRN_EMPRESA_PAGARA_INDENIZACAO_.txt,SIM,BOLETIM,H:\Meu Drive\01_ROTEIROS/BOLETINS
G:\Meu Drive\2026 (1)\05 - MAI - 26\25 05 - SEG\BOLETIM_RADIO_TJRN_25_05_2026_B3_COPARTICIPACAO_LIMITADA_TEA.mp3,SIM,BOLETIM,H:\Meu Drive\02_PRODUCAO/BOLETINS
G:\Meu Drive\2026 (1)\05 - MAI - 26\25 05 - SEG\BOLETIM_RADIO_TJRN_25_05_2026_B2_CONDENACAO_MARCENEIRO.mp3,SIM,BOLETIM,H:\Meu Drive\02_PRODUCAO/BOLETINS
G:\Meu Drive\2026 (1)\05 - MAI - 26\25 05 - SEG\BOLETIM_RADIO_TJRN_25_05_2026_B8_TJRN_CURSO_ADOCAO_.mp3,SIM,BOLETIM,H:\Meu Drive\02_PRODUCAO/BOLETINS
G:\Meu Drive\2026 (1)\05 - MAI - 26\25 05 - SEG\BOLETIM_RADIO_TJRN_25_05_2026_B10_DPERN_GARANTE_LIMITE_COPARTICIPACAO_.txt,SIM,BOLETIM,H:\Meu Drive\01_ROTEIROS/BOLETINS
G:\Meu Drive\2026 (1)\05 - MAI - 26\25 05 - SEG\BOLETIM_RADIO_TJRN_25_05_2026_B5_CONSUMIDORA_VENCE_CAUSA_COSERN.mp3,SIM,BOLETIM,H:\Meu Drive\02_PRODUCAO/BOLETINS
G:\Meu Drive\2026 (1)\05 - MAI - 26\25 05 - SEG\BOLETIM_RADIO_TJRN_25_05_2026_B9_TRTRN_EMPRESA_PAGARA_INDENIZACAO_.mp3,SIM,BOLETIM,H:\Meu Drive\02_PRODUCAO/BOLETINS
G:\Meu Drive\2026 (1)\05 - MAI - 26\25 05 - SEG\BOLETIM_RADIO_TJRN_25_05_2026_B10_DPERN_GARANTE_LIMITE_COPARTICIPACAO_.mp3,SIM,BOLETIM,H:\Meu Drive\02_PRODUCAO/BOLETINS
G:\Meu Drive\2026 (1)\05 - MAI - 26\25 05 - SEG\BOLETIM_RADIO_TJRN_25_05_2026_B8_TJRN_CURSO_ADOCAO_.txt,SIM,BOLETIM,H:\Meu Drive\01_ROTEIROS/BOLETINS
G:\Meu Drive\2026 (1)\05 - MAI - 26\25 05 - SEG\BOLETIM_RADIO_TJRN_25_05_2026_B2_CONDENACAO_MARCENEIRO.txt,SIM,BOLETIM,H:\Meu Drive\01_ROTEIROS/BOLETINS
G:\Meu Drive\2026 (1)\05 - MAI - 26\25 05 - SEG\BOLETIM_RADIO_TJRN_25_05_2026_B7_TJRN_NOVA_BIBLIOTECA_TJRN_.txt,SIM,BOLETIM,H:\Meu Drive\01_ROTEIROS/BOLETINS
G:\Meu Drive\2026 (1)\05 - MAI - 26\25 05 - SEG\BOLETIM_RADIO_TJRN_25_05_2026_B6_ESTAGIO_DIREITO_MOSSORO.mp3,SIM,BOLETIM,H:\Meu Drive\02_PRODUCAO/BOLETINS
G:\Meu Drive\2026 (1)\05 - MAI - 26\25 05 - SEG\BOLETIM_RADIO_TJRN_25_05_2026_B4_RESPONSABILIDADE_EMPRESA_TRANSPORTE_ACIDENTE.txt,SIM,BOLETIM,H:\Meu Drive\01_ROTEIROS/BOLETINS
G:\Meu Drive\2026 (1)\05 - MAI - 26\25 05 - SEG\BOLETIM_RADIO_TJRN_25_05_2026_B5_CONSUMIDORA_VENCE_CAUSA_COSERN.txt,SIM,BOLETIM,H:\Meu Drive\01_ROTEIROS/BOLETINS
G:\Meu Drive\2026 (1)\05 - MAI - 26\25 05 - SEG\BOLETIM_RADIO_TJRN_25_05_2026_B7_TJRN_NOVA_BIBLIOTECA_TJRN_.mp3,SIM,BOLETIM,H:\Meu Drive\02_PRODUCAO/BOLETINS
G:\Meu Drive\2026 (1)\05 - MAI - 26\25 05 - SEG\BOLETIM_RADIO_TJRN_25_05_2026_B1_SEMANA_ADOCAO_ASSEMBLEIA.mp3,SIM,BOLETIM,H:\Meu Drive\02_PRODUCAO/BOLETINS
G:\Meu Drive\2026 (1)\05 - MAI - 26\25 05 - SEG\BOLETIM_RADIO_TJRN_25_05_2026_B6_ESTAGIO_DIREITO_MOSSORO.txt,SIM,BOLETIM,H:\Meu Drive\01_ROTEIROS/BOLETINS
G:\Meu Drive\2026 (1)\05 - MAI - 26\25 05 - SEG\BOLETIM_RADIO_TJRN_25_05_2026_B4_RESPONSABILIDADE_EMPRESA_TRANSPORTE_ACIDENTE.mp3,SIM,BOLETIM,H:\Meu Drive\02_PRODUCAO/BOLETINS
G:\Meu Drive\2026 (1)\05 - MAI - 26\25 05 - SEG\B8- TJRN CURSO ADOÇÃO .gdoc,SIM,DESCONHECIDO,H:\Meu Drive\01_ROTEIROS/DESCONHECIDOS
G:\Meu Drive\2026 (1)\05 - MAI - 26\25 05 - SEG\B7- TJRN NOVA BIBLIOTECA TJRN  .gdoc,SIM,DESCONHECIDO,H:\Meu Drive\01_ROTEIROS/DESCONHECIDOS
G:\Meu Drive\2026 (1)\05 - MAI - 26\25 05 - SEG\B10- DPERN GARANTE LIMITE COPARTICIPAÇÃO .gdoc,SIM,DESCONHECIDO,H:\Meu Drive\01_ROTEIROS/DESCONHECIDOS
G:\Meu Drive\2026 (1)\05 - MAI - 26\25 05 - SEG\B9- TRT RN EMPRESA PAGARÁ INDENIZAÇÃO .gdoc,SIM,DESCONHECIDO,H:\Meu Drive\01_ROTEIROS/DESCONHECIDOS
G:\Meu Drive\2026 (1)\05 - MAI - 26\25 05 - SEG\B2- CONDENAÇÃO MARCENEIRO.gdoc,SIM,DESCONHECIDO,H:\Meu Drive\01_ROTEIROS/DESCONHECIDOS
G:\Meu Drive\2026 (1)\05 - MAI - 26\25 05 - SEG\B1- SEMANA ADOÇÃO ASSEMBLEIA.gdoc,SIM,DESCONHECIDO,H:\Meu Drive\01_ROTEIROS/DESCONHECIDOS
G:\Meu Drive\2026 (1)\05 - MAI - 26\25 05 - SEG\B3- COPARTICIPAÇÃO LIMITADA TEA.gdoc,SIM,DESCONHECIDO,H:\Meu Drive\01_ROTEIROS/DESCONHECIDOS
G:\Meu Drive\2026 (1)\05 - MAI - 26\25 05 - SEG\B6- ESTÁGIO DIREITO MOSSORÓ.gdoc,SIM,DESCONHECIDO,H:\Meu Drive\01_ROTEIROS/DESCONHECIDOS
G:\Meu Drive\2026 (1)\05 - MAI - 26\25 05 - SEG\B4- RESPONSABILIDADE EMPRESA TRANSPORTE ACIDENTE.gdoc,SIM,DESCONHECIDO,H:\Meu Drive\01_ROTEIROS/DESCONHECIDOS
G:\Meu Drive\2026 (1)\05 - MAI - 26\25 05 - SEG\B5- CONSUMIDORA VENCE CAUSA COSERN.gdoc,SIM,DESCONHECIDO,H:\Meu Drive\01_ROTEIROS/DESCONHECIDOS
G:\Meu Drive\2026 (1)\05 - MAI - 26\25 05 - SEG\desktop.ini,NÃO,-,G:\Meu Drive\Arquivos_Pessoais_Para_Verificacao\Outros
G:\Meu Drive\2026 (1)\05 - MAI - 26\26 05 - TER\B5- TJRN CURSO ADOÇÃO .gdoc,SIM,DESCONHECIDO,H:\Meu Drive\01_ROTEIROS/DESCONHECIDOS
G:\Meu Drive\2026 (1)\05 - MAI - 26\26 05 - TER\BOLETIM_RADIO_TJRN_26_05_2026_B10_DPERN_REGULAMENTACAO_CANNABIS_.txt,SIM,BOLETIM,H:\Meu Drive\01_ROTEIROS/BOLETINS
G:\Meu Drive\2026 (1)\05 - MAI - 26\26 05 - TER\BOLETIM_RADIO_TJRN_26_05_2026_B8_ESMARN_INSCRICOES_CURSO_COMPLIANCE_.txt,SIM,BOLETIM,H:\Meu Drive\01_ROTEIROS/BOLETINS
G:\Meu Drive\2026 (1)\05 - MAI - 26\26 05 - TER\BOLETIM_RADIO_TJRN_26_05_2026_B9_OABRN_PANFLETAGEM_FALSO_ADVOGADO_.txt,SIM,BOLETIM,H:\Meu Drive\01_ROTEIROS/BOLETINS
G:\Meu Drive\2026 (1)\05 - MAI - 26\26 05 - TER\BOLETIM_RADIO_TJRN_26_05_2026_B4_TJRN_VARA_FAMILIA_SELECAO_.mp3,SIM,BOLETIM,H:\Meu Drive\02_PRODUCAO/BOLETINS
G:\Meu Drive\2026 (1)\05 - MAI - 26\26 05 - TER\BOLETIM_RADIO_TJRN_26_05_2026_B7_TJRN_PLANO_SAUDE_INDENIZA_GESTANTE_.mp3,SIM,BOLETIM,H:\Meu Drive\02_PRODUCAO/BOLETINS
G:\Meu Drive\2026 (1)\05 - MAI - 26\26 05 - TER\BOLETIM_RADIO_TJRN_26_05_2026_B6_TJRN_PODCAST_IA_CIBERSEGURANCA_.mp3,SIM,BOLETIM,H:\Meu Drive\02_PRODUCAO/BOLETINS
G:\Meu Drive\2026 (1)\05 - MAI - 26\26 05 - TER\BOLETIM_RADIO_TJRN_26_05_2026_B9_OABRN_PANFLETAGEM_FALSO_ADVOGADO_.mp3,SIM,BOLETIM,H:\Meu Drive\02_PRODUCAO/BOLETINS
G:\Meu Drive\2026 (1)\05 - MAI - 26\26 05 - TER\BOLETIM_RADIO_TJRN_26_05_2026_B7_TJRN_PLANO_SAUDE_INDENIZA_GESTANTE_.txt,SIM,BOLETIM,H:\Meu Drive\01_ROTEIROS/BOLETINS
G:\Meu Drive\2026 (1)\05 - MAI - 26\26 05 - TER\BOLETIM_RADIO_TJRN_26_05_2026_B1_TJRN_ENCERRAMENTO_SEMANA_ADOCAO_.txt,SIM,BOLETIM,H:\Meu Drive\01_ROTEIROS/BOLETINS
G:\Meu Drive\2026 (1)\05 - MAI - 26\26 05 - TER\BOLETIM_RADIO_TJRN_26_05_2026_B3_TJRN_CONSUMIDORA_VENCE_ACAO_.txt,SIM,BOLETIM,H:\Meu Drive\01_ROTEIROS/BOLETINS
G:\Meu Drive\2026 (1)\05 - MAI - 26\26 05 - TER\BOLETIM_RADIO_TJRN_26_05_2026_B2_TJRN_EMPRESAS_RESPONSABILIZADAS_CARGA_.txt,SIM,BOLETIM,H:\Meu Drive\01_ROTEIROS/BOLETINS
G:\Meu Drive\2026 (1)\05 - MAI - 26\26 05 - TER\BOLETIM_RADIO_TJRN_26_05_2026_B1_TJRN_ENCERRAMENTO_SEMANA_ADOCAO_.mp3,SIM,BOLETIM,H:\Meu Drive\02_PRODUCAO/BOLETINS
G:\Meu Drive\2026 (1)\05 - MAI - 26\26 05 - TER\BOLETIM_RADIO_TJRN_26_05_2026_B10_DPERN_REGULAMENTACAO_CANNABIS_.mp3,SIM,BOLETIM,H:\Meu Drive\02_PRODUCAO/BOLETINS
G:\Meu Drive\2026 (1)\05 - MAI - 26\26 05 - TER\BOLETIM_RADIO_TJRN_26_05_2026_B3_TJRN_CONSUMIDORA_VENCE_ACAO_.mp3,SIM,BOLETIM,H:\Meu Drive\02_PRODUCAO/BOLETINS
G:\Meu Drive\2026 (1)\05 - MAI - 26\26 05 - TER\BOLETIM_RADIO_TJRN_26_05_2026_B4_TJRN_VARA_FAMILIA_SELECAO_.txt,SIM,BOLETIM,H:\Meu Drive\01_ROTEIROS/BOLETINS
G:\Meu Drive\2026 (1)\05 - MAI - 26\26 05 - TER\BOLETIM_RADIO_TJRN_26_05_2026_B5_TJRN_CURSO_ADOCAO_.mp3,SIM,BOLETIM,H:\Meu Drive\02_PRODUCAO/BOLETINS
G:\Meu Drive\2026 (1)\05 - MAI - 26\26 05 - TER\BOLETIM_RADIO_TJRN_26_05_2026_B2_TJRN_EMPRESAS_RESPONSABILIZADAS_CARGA_.mp3,SIM,BOLETIM,H:\Meu Drive\02_PRODUCAO/BOLETINS
G:\Meu Drive\2026 (1)\05 - MAI - 26\26 05 - TER\BOLETIM_RADIO_TJRN_26_05_2026_B6_TJRN_PODCAST_IA_CIBERSEGURANCA_.txt,SIM,BOLETIM,H:\Meu Drive\01_ROTEIROS/BOLETINS
G:\Meu Drive\2026 (1)\05 - MAI - 26\26 05 - TER\BOLETIM_RADIO_TJRN_26_05_2026_B5_TJRN_CURSO_ADOCAO_.txt,SIM,BOLETIM,H:\Meu Drive\01_ROTEIROS/BOLETINS
G:\Meu Drive\2026 (1)\05 - MAI - 26\26 05 - TER\BOLETIM_RADIO_TJRN_26_05_2026_B8_ESMARN_INSCRICOES_CURSO_COMPLIANCE_.mp3,SIM,BOLETIM,H:\Meu Drive\02_PRODUCAO/BOLETINS
G:\Meu Drive\2026 (1)\05 - MAI - 26\26 05 - TER\B10- DPERN REGULAMENTAÇÃO CANNABIS .gdoc,SIM,DESCONHECIDO,H:\Meu Drive\01_ROTEIROS/DESCONHECIDOS
G:\Meu Drive\2026 (1)\05 - MAI - 26\26 05 - TER\B3- TJRN CONSUMIDORA VENCE AÇÃO .gdoc,SIM,DESCONHECIDO,H:\Meu Drive\01_ROTEIROS/DESCONHECIDOS
G:\Meu Drive\2026 (1)\05 - MAI - 26\26 05 - TER\B7- TJRN PLANO SAÚDE INDENIZA GESTANTE .gdoc,SIM,DESCONHECIDO,H:\Meu Drive\01_ROTEIROS/DESCONHECIDOS
G:\Meu Drive\2026 (1)\05 - MAI - 26\26 05 - TER\B4- TJRN VARA FAMILIA SELEÇÃO .gdoc,SIM,DESCONHECIDO,H:\Meu Drive\01_ROTEIROS/DESCONHECIDOS
G:\Meu Drive\2026 (1)\05 - MAI - 26\26 05 - TER\B8- ESMARN INSCRIÇÕES CURSO COMPLIANCE .gdoc,SIM,DESCONHECIDO,H:\Meu Drive\01_ROTEIROS/DESCONHECIDOS
G:\Meu Drive\2026 (1)\05 - MAI - 26\26 05 - TER\B1- TJRN ENCERRAMENTO SEMANA ADOÇÃO .gdoc,SIM,DESCONHECIDO,H:\Meu Drive\01_ROTEIROS/DESCONHECIDOS
G:\Meu Drive\2026 (1)\05 - MAI - 26\26 05 - TER\B9- OAB RN PANFLETAGEM FALSO ADVOGADO .gdoc,SIM,DESCONHECIDO,H:\Meu Drive\01_ROTEIROS/DESCONHECIDOS
G:\Meu Drive\2026 (1)\05 - MAI - 26\26 05 - TER\B2- TJRN EMPRESAS RESPONSABILIZADAS CARGA .gdoc,SIM,DESCONHECIDO,H:\Meu Drive\01_ROTEIROS/DESCONHECIDOS
G:\Meu Drive\2026 (1)\05 - MAI - 26\26 05 - TER\B6- TJRN PODCAST IA CIBERSEGURANÇA .gdoc,SIM,DESCONHECIDO,H:\Meu Drive\01_ROTEIROS/DESCONHECIDOS
G:\Meu Drive\2026 (1)\05 - MAI - 26\26 05 - TER\desktop.ini,NÃO,-,G:\Meu Drive\Arquivos_Pessoais_Para_Verificacao\Outros
G:\Meu Drive\2026 (1)\05 - MAI - 26\27 05 - QUA\B5- TJRN LEILÃO 85 IMÓVEIS .gdoc,SIM,DESCONHECIDO,H:\Meu Drive\01_ROTEIROS/DESCONHECIDOS
G:\Meu Drive\2026 (1)\05 - MAI - 26\27 05 - QUA\BOLETIM_RADIO_TJRN_27_05_2026_B8_TJRN_BANCO_COMPROVA_USO_CARTAO.mp3,SIM,BOLETIM,H:\Meu Drive\02_PRODUCAO/BOLETINS
G:\Meu Drive\2026 (1)\05 - MAI - 26\27 05 - QUA\BOLETIM_RADIO_TJRN_27_05_2026_B7_TJRN_CONSUMIDORA_INDENIZADA_CANCELAMENTO_VOO.txt,SIM,BOLETIM,H:\Meu Drive\01_ROTEIROS/BOLETINS
G:\Meu Drive\2026 (1)\05 - MAI - 26\27 05 - QUA\BOLETIM_RADIO_TJRN_27_05_2026_B4_TJRN_ACESSIBILIDADE_DIGITAL_.txt,SIM,BOLETIM,H:\Meu Drive\01_ROTEIROS/BOLETINS
G:\Meu Drive\2026 (1)\05 - MAI - 26\27 05 - QUA\BOLETIM_RADIO_TJRN_27_05_2026_B2_TJRN_ESTADO_CONDENADO_OPERACAO_POLICIAL.txt,SIM,BOLETIM,H:\Meu Drive\01_ROTEIROS/BOLETINS
G:\Meu Drive\2026 (1)\05 - MAI - 26\27 05 - QUA\BOLETIM_RADIO_TJRN_27_05_2026_B5_TJRN_LEILAO_85_IMOVEIS_.txt,SIM,BOLETIM,H:\Meu Drive\01_ROTEIROS/BOLETINS
G:\Meu Drive\2026 (1)\05 - MAI - 26\27 05 - QUA\BOLETIM_RADIO_TJRN_27_05_2026_B8_TJRN_BANCO_COMPROVA_USO_CARTAO.txt,SIM,BOLETIM,H:\Meu Drive\01_ROTEIROS/BOLETINS
G:\Meu Drive\2026 (1)\05 - MAI - 26\27 05 - QUA\BOLETIM_RADIO_TJRN_27_05_2026_B10_MPRN_CONDENACAO_BANCO_COBRANCA.mp3,SIM,BOLETIM,H:\Meu Drive\02_PRODUCAO/BOLETINS
G:\Meu Drive\2026 (1)\05 - MAI - 26\27 05 - QUA\BOLETIM_RADIO_TJRN_27_05_2026_B1_TJRN_ESTADO_FORNECER_APARELHO_IDOSA.txt,SIM,BOLETIM,H:\Meu Drive\01_ROTEIROS/BOLETINS
G:\Meu Drive\2026 (1)\05 - MAI - 26\27 05 - QUA\BOLETIM_RADIO_TJRN_27_05_2026_B7_TJRN_CONSUMIDORA_INDENIZADA_CANCELAMENTO_VOO.mp3,SIM,BOLETIM,H:\Meu Drive\02_PRODUCAO/BOLETINS
G:\Meu Drive\2026 (1)\05 - MAI - 26\27 05 - QUA\BOLETIM_RADIO_TJRN_27_05_2026_B9_TJRN_HOMEM_CONDENADO_PORTE_ILEGAL_ARMA_.mp3,SIM,BOLETIM,H:\Meu Drive\02_PRODUCAO/BOLETINS
G:\Meu Drive\2026 (1)\05 - MAI - 26\27 05 - QUA\BOLETIM_RADIO_TJRN_27_05_2026_B5_TJRN_LEILAO_85_IMOVEIS_.mp3,SIM,BOLETIM,H:\Meu Drive\02_PRODUCAO/BOLETINS
G:\Meu Drive\2026 (1)\05 - MAI - 26\27 05 - QUA\BOLETIM_RADIO_TJRN_27_05_2026_B6_TJRN_CORREGEDORIA_APRIMORAMENTO_FUNDIARIA_.txt,SIM,BOLETIM,H:\Meu Drive\01_ROTEIROS/BOLETINS
G:\Meu Drive\2026 (1)\05 - MAI - 26\27 05 - QUA\BOLETIM_RADIO_TJRN_27_05_2026_B10_MPRN_CONDENACAO_BANCO_COBRANCA.txt,SIM,BOLETIM,H:\Meu Drive\01_ROTEIROS/BOLETINS
G:\Meu Drive\2026 (1)\05 - MAI - 26\27 05 - QUA\BOLETIM_RADIO_TJRN_27_05_2026_B3_TJRN_TRIBUNAIS_PLANOS_ACAO_JUNHO.txt,SIM,BOLETIM,H:\Meu Drive\01_ROTEIROS/BOLETINS
G:\Meu Drive\2026 (1)\05 - MAI - 26\27 05 - QUA\BOLETIM_RADIO_TJRN_27_05_2026_B9_TJRN_HOMEM_CONDENADO_PORTE_ILEGAL_ARMA_.txt,SIM,BOLETIM,H:\Meu Drive\01_ROTEIROS/BOLETINS
G:\Meu Drive\2026 (1)\05 - MAI - 26\27 05 - QUA\BOLETIM_RADIO_TJRN_27_05_2026_B6_TJRN_CORREGEDORIA_APRIMORAMENTO_FUNDIARIA_.mp3,SIM,BOLETIM,H:\Meu Drive\02_PRODUCAO/BOLETINS
G:\Meu Drive\2026 (1)\05 - MAI - 26\27 05 - QUA\BOLETIM_RADIO_TJRN_27_05_2026_B3_TJRN_TRIBUNAIS_PLANOS_ACAO_JUNHO.mp3,SIM,BOLETIM,H:\Meu Drive\02_PRODUCAO/BOLETINS
G:\Meu Drive\2026 (1)\05 - MAI - 26\27 05 - QUA\BOLETIM_RADIO_TJRN_27_05_2026_B1_TJRN_ESTADO_FORNECER_APARELHO_IDOSA.mp3,SIM,BOLETIM,H:\Meu Drive\02_PRODUCAO/BOLETINS
G:\Meu Drive\2026 (1)\05 - MAI - 26\27 05 - QUA\BOLETIM_RADIO_TJRN_27_05_2026_B2_TJRN_ESTADO_CONDENADO_OPERACAO_POLICIAL.mp3,SIM,BOLETIM,H:\Meu Drive\02_PRODUCAO/BOLETINS
G:\Meu Drive\2026 (1)\05 - MAI - 26\27 05 - QUA\BOLETIM_RADIO_TJRN_27_05_2026_B4_TJRN_ACESSIBILIDADE_DIGITAL_.mp3,SIM,BOLETIM,H:\Meu Drive\02_PRODUCAO/BOLETINS
G:\Meu Drive\2026 (1)\05 - MAI - 26\27 05 - QUA\B10- MPRN CONDENAÇÃO BANCO COBRANÇA.gdoc,SIM,DESCONHECIDO,H:\Meu Drive\01_ROTEIROS/DESCONHECIDOS
G:\Meu Drive\2026 (1)\05 - MAI - 26\27 05 - QUA\B1- TJRN ESTADO FORNECER APARELHO IDOSA.gdoc,SIM,DESCONHECIDO,H:\Meu Drive\01_ROTEIROS/DESCONHECIDOS
G:\Meu Drive\2026 (1)\05 - MAI - 26\27 05 - QUA\B8- TJRN BANCO COMPROVA USO CARTÃO.gdoc,SIM,DESCONHECIDO,H:\Meu Drive\01_ROTEIROS/DESCONHECIDOS
G:\Meu Drive\2026 (1)\05 - MAI - 26\27 05 - QUA\B7- TJRN CONSUMIDORA INDENIZADA CANCELAMENTO VOO.gdoc,SIM,DESCONHECIDO,H:\Meu Drive\01_ROTEIROS/DESCONHECIDOS
G:\Meu Drive\2026 (1)\05 - MAI - 26\27 05 - QUA\B3- TJRN TRIBUNAIS PLANOS AÇÃO JUNHO.gdoc,SIM,DESCONHECIDO,H:\Meu Drive\01_ROTEIROS/DESCONHECIDOS
G:\Meu Drive\2026 (1)\05 - MAI - 26\27 05 - QUA\B4- TJRN ACESSIBILIDADE DIGITAL .gdoc,SIM,DESCONHECIDO,H:\Meu Drive\01_ROTEIROS/DESCONHECIDOS
G:\Meu Drive\2026 (1)\05 - MAI - 26\27 05 - QUA\B6- TJRN CORREGEDORIA APRIMORAMENTO FUNDIÁRIA .gdoc,SIM,DESCONHECIDO,H:\Meu Drive\01_ROTEIROS/DESCONHECIDOS
G:\Meu Drive\2026 (1)\05 - MAI - 26\27 05 - QUA\B2- TJRN ESTADO CONDENADO OPERAÇÃO POLICIAL.gdoc,SIM,DESCONHECIDO,H:\Meu Drive\01_ROTEIROS/DESCONHECIDOS
G:\Meu Drive\2026 (1)\05 - MAI - 26\27 05 - QUA\B9- TJRN HOMEM CONDENADO PORTE ILEGAL ARMA .gdoc,SIM,DESCONHECIDO,H:\Meu Drive\01_ROTEIROS/DESCONHECIDOS
G:\Meu Drive\2026 (1)\05 - MAI - 26\27 05 - QUA\desktop.ini,NÃO,-,G:\Meu Drive\Arquivos_Pessoais_Para_Verificacao\Outros
G:\Meu Drive\2026 (1)\05 - MAI - 26\28 05 - QUI\BOLETIM_RADIO_TJRN_28_05_2026_B10_TRTRN_SEMANA_MEIO_AMBIENTE_.txt,SIM,BOLETIM,H:\Meu Drive\01_ROTEIROS/BOLETINS
G:\Meu Drive\2026 (1)\05 - MAI - 26\28 05 - QUI\BOLETIM_RADIO_TJRN_28_05_2026_B7_TJRN_PLATAFORMA_PAGAMENTOS_BLOQUEIA_VALORES.txt,SIM,BOLETIM,H:\Meu Drive\01_ROTEIROS/BOLETINS
G:\Meu Drive\2026 (1)\05 - MAI - 26\28 05 - QUI\BOLETIM_RADIO_TJRN_28_05_2026_B6_ESMARN_INSCRICOES_PLANILHAS_ELETRONICAS_.txt,SIM,BOLETIM,H:\Meu Drive\01_ROTEIROS/BOLETINS
G:\Meu Drive\2026 (1)\05 - MAI - 26\28 05 - QUI\BOLETIM_RADIO_TJRN_28_05_2026_B6_TJRN_COOPERACAO_TECNICA.txt,SIM,BOLETIM,H:\Meu Drive\01_ROTEIROS/BOLETINS
G:\Meu Drive\2026 (1)\05 - MAI - 26\28 05 - QUI\BOLETIM_RADIO_TJRN_28_05_2026_B4_TJRN_DEFINE_SULAMITA_MEMBRO_TRE_RN.mp3,SIM,BOLETIM,H:\Meu Drive\02_PRODUCAO/BOLETINS
G:\Meu Drive\2026 (1)\05 - MAI - 26\28 05 - QUI\BOLETIM_RADIO_TJRN_28_05_2026_B5_TJRN_PROJETO_PREMIO_INNOVARE.mp3,SIM,BOLETIM,H:\Meu Drive\02_PRODUCAO/BOLETINS
G:\Meu Drive\2026 (1)\05 - MAI - 26\28 05 - QUI\BOLETIM_RADIO_TJRN_28_05_2026_B3_TJRN_NOVA_VERSAO_PJE.mp3,SIM,BOLETIM,H:\Meu Drive\02_PRODUCAO/BOLETINS
G:\Meu Drive\2026 (1)\05 - MAI - 26\28 05 - QUI\BOLETIM_RADIO_TJRN_28_05_2026_B5_TJRN_PROJETO_PREMIO_INNOVARE.txt,SIM,BOLETIM,H:\Meu Drive\01_ROTEIROS/BOLETINS
G:\Meu Drive\2026 (1)\05 - MAI - 26\28 05 - QUI\BOLETIM_RADIO_TJRN_28_05_2026_B1_TJRN_MANTEM_NEGATIVA_CADASTRO.txt,SIM,BOLETIM,H:\Meu Drive\01_ROTEIROS/BOLETINS
G:\Meu Drive\2026 (1)\05 - MAI - 26\28 05 - QUI\BOLETIM_RADIO_TJRN_28_05_2026_B2_TJRN_VARA_ASSU_INTERINO.txt,SIM,BOLETIM,H:\Meu Drive\01_ROTEIROS/BOLETINS
G:\Meu Drive\2026 (1)\05 - MAI - 26\28 05 - QUI\BOLETIM_RADIO_TJRN_28_05_2026_B2_TJRN_VARA_ASSU_INTERINO.mp3,SIM,BOLETIM,H:\Meu Drive\02_PRODUCAO/BOLETINS
G:\Meu Drive\2026 (1)\05 - MAI - 26\28 05 - QUI\BOLETIM_RADIO_TJRN_28_05_2026_B3_TJRN_NOVA_VERSAO_PJE.txt,SIM,BOLETIM,H:\Meu Drive\01_ROTEIROS/BOLETINS
G:\Meu Drive\2026 (1)\05 - MAI - 26\28 05 - QUI\BOLETIM_RADIO_TJRN_28_05_2026_B4_TJRN_DEFINE_SULAMITA_MEMBRO_TRE_RN.txt,SIM,BOLETIM,H:\Meu Drive\01_ROTEIROS/BOLETINS
G:\Meu Drive\2026 (1)\05 - MAI - 26\28 05 - QUI\BOLETIM_RADIO_TJRN_28_05_2026_B1_TJRN_MANTEM_NEGATIVA_CADASTRO.mp3,SIM,BOLETIM,H:\Meu Drive\02_PRODUCAO/BOLETINS
G:\Meu Drive\2026 (1)\05 - MAI - 26\28 05 - QUI\BOLETIM_RADIO_TJRN_28_05_2026_B7_TJRN_PLATAFORMA_PAGAMENTOS_BLOQUEIA_VALORES.mp3,SIM,BOLETIM,H:\Meu Drive\02_PRODUCAO/BOLETINS
G:\Meu Drive\2026 (1)\05 - MAI - 26\28 05 - QUI\BOLETIM_RADIO_TJRN_28_05_2026_B6_TJRN_COOPERACAO_TECNICA.mp3,SIM,BOLETIM,H:\Meu Drive\02_PRODUCAO/BOLETINS
G:\Meu Drive\2026 (1)\05 - MAI - 26\28 05 - QUI\BOLETIM_RADIO_TJRN_28_05_2026_B8_TJRN_MUNICIPIO_GARANTIR_CONSULTAS_.txt,SIM,BOLETIM,H:\Meu Drive\01_ROTEIROS/BOLETINS
G:\Meu Drive\2026 (1)\05 - MAI - 26\28 05 - QUI\BOLETIM_RADIO_TJRN_28_05_2026_B10_TRTRN_SEMANA_MEIO_AMBIENTE_.mp3,SIM,BOLETIM,H:\Meu Drive\02_PRODUCAO/BOLETINS
G:\Meu Drive\2026 (1)\05 - MAI - 26\28 05 - QUI\BOLETIM_RADIO_TJRN_28_05_2026_B8_TJRN_MUNICIPIO_GARANTIR_CONSULTAS_.mp3,SIM,BOLETIM,H:\Meu Drive\02_PRODUCAO/BOLETINS
G:\Meu Drive\2026 (1)\05 - MAI - 26\28 05 - QUI\BOLETIM_RADIO_TJRN_28_05_2026_B9_TJRN_PLATAFORMA_APOSTA_CONDENADA_.txt,SIM,BOLETIM,H:\Meu Drive\01_ROTEIROS/BOLETINS
G:\Meu Drive\2026 (1)\05 - MAI - 26\28 05 - QUI\BOLETIM_RADIO_TJRN_28_05_2026_B6_ESMARN_INSCRICOES_PLANILHAS_ELETRONICAS_.mp3,SIM,BOLETIM,H:\Meu Drive\02_PRODUCAO/BOLETINS
G:\Meu Drive\2026 (1)\05 - MAI - 26\28 05 - QUI\BOLETIM_RADIO_TJRN_28_05_2026_B9_TJRN_PLATAFORMA_APOSTA_CONDENADA_.mp3,SIM,BOLETIM,H:\Meu Drive\02_PRODUCAO/BOLETINS
G:\Meu Drive\2026 (1)\05 - MAI - 26\28 05 - QUI\B7- TJRN PLATAFORMA PAGAMENTOS BLOQUEIA VALORES.gdoc,SIM,DESCONHECIDO,H:\Meu Drive\01_ROTEIROS/DESCONHECIDOS
G:\Meu Drive\2026 (1)\05 - MAI - 26\28 05 - QUI\B3- TJRN NOVA VERSÃO PJE.gdoc,SIM,DESCONHECIDO,H:\Meu Drive\01_ROTEIROS/DESCONHECIDOS
G:\Meu Drive\2026 (1)\05 - MAI - 26\28 05 - QUI\B2- TJRN VARA ASSÚ INTERINO.gdoc,SIM,DESCONHECIDO,H:\Meu Drive\01_ROTEIROS/DESCONHECIDOS
G:\Meu Drive\2026 (1)\05 - MAI - 26\28 05 - QUI\B9- TJRN PLATAFORMA APOSTA CONDENADA .gdoc,SIM,DESCONHECIDO,H:\Meu Drive\01_ROTEIROS/DESCONHECIDOS
G:\Meu Drive\2026 (1)\05 - MAI - 26\28 05 - QUI\B10- TRT RN SEMANA MEIO AMBIENTE .gdoc,SIM,DESCONHECIDO,H:\Meu Drive\01_ROTEIROS/DESCONHECIDOS
G:\Meu Drive\2026 (1)\05 - MAI - 26\28 05 - QUI\B6 - ESMARN INSCRIÇÕES PLANILHAS ELETRÔNICAS .gdoc,SIM,DESCONHECIDO,H:\Meu Drive\01_ROTEIROS/DESCONHECIDOS
G:\Meu Drive\2026 (1)\05 - MAI - 26\28 05 - QUI\B5- TJRN PROJETO PRÊMIO INNOVARE.gdoc,SIM,DESCONHECIDO,H:\Meu Drive\01_ROTEIROS/DESCONHECIDOS
G:\Meu Drive\2026 (1)\05 - MAI - 26\28 05 - QUI\B8- TJRN MUNICÍPIO GARANTIR CONSULTAS .gdoc,SIM,DESCONHECIDO,H:\Meu Drive\01_ROTEIROS/DESCONHECIDOS
G:\Meu Drive\2026 (1)\05 - MAI - 26\28 05 - QUI\B1- TJRN MANTÉM NEGATIVA CADASTRO.gdoc,SIM,DESCONHECIDO,H:\Meu Drive\01_ROTEIROS/DESCONHECIDOS
G:\Meu Drive\2026 (1)\05 - MAI - 26\28 05 - QUI\B4- TJRN DEFINE SULAMITA MEMBRO TRE-RN.gdoc,SIM,DESCONHECIDO,H:\Meu Drive\01_ROTEIROS/DESCONHECIDOS
G:\Meu Drive\2026 (1)\05 - MAI - 26\28 05 - QUI\desktop.ini,NÃO,-,G:\Meu Drive\Arquivos_Pessoais_Para_Verificacao\Outros
G:\Meu Drive\2026 (1)\05 - MAI - 26\20 05\BOLETIM_RADIO_TJRN_20_05_2026_B6_CONDENACAO_VENDEDOR_CARRO.mp3,SIM,BOLETIM,H:\Meu Drive\02_PRODUCAO/BOLETINS
G:\Meu Drive\2026 (1)\05 - MAI - 26\20 05\BOLETIM_RADIO_TJRN_20_05_2026_B7_MPRN_MEDIDAS_PRESERVACAO_PATRIMONIO.mp3,SIM,BOLETIM,H:\Meu Drive\02_PRODUCAO/BOLETINS
G:\Meu Drive\2026 (1)\05 - MAI - 26\20 05\BOLETIM_RADIO_TJRN_20_05_2026_B8_MPRN_VISITAS_MATERNIDADES.mp3,SIM,BOLETIM,H:\Meu Drive\02_PRODUCAO/BOLETINS
G:\Meu Drive\2026 (1)\05 - MAI - 26\20 05\BOLETIM_RADIO_TJRN_20_05_2026_B9_TRTRN_SEMANA_NACIONAL_CONCILIACAO_.mp3,SIM,BOLETIM,H:\Meu Drive\02_PRODUCAO/BOLETINS
G:\Meu Drive\2026 (1)\05 - MAI - 26\20 05\BOLETIM_RADIO_TJRN_20_05_2026_B10_ESMARN_CAPACITACAO_GESTAO_RISCO.mp3,SIM,BOLETIM,H:\Meu Drive\02_PRODUCAO/BOLETINS
G:\Meu Drive\2026 (1)\05 - MAI - 26\20 05\BOLETIM_RADIO_TJRN_20_05_2026_B2_INDENIZACAO_GELADEIRA_DEFEITUOSA.mp3,SIM,BOLETIM,H:\Meu Drive\02_PRODUCAO/BOLETINS
G:\Meu Drive\2026 (1)\05 - MAI - 26\20 05\BOLETIM_RADIO_TJRN_20_05_2026_B3_MEDICAMENTO_DOMICILIAR_PLANO_SAUDE.mp3,SIM,BOLETIM,H:\Meu Drive\02_PRODUCAO/BOLETINS
G:\Meu Drive\2026 (1)\05 - MAI - 26\20 05\BOLETIM_RADIO_TJRN_20_05_2026_B1_ABERTURA_SEMANA_ESTADUAL_ADOCAO.mp3,SIM,BOLETIM,H:\Meu Drive\02_PRODUCAO/BOLETINS
G:\Meu Drive\2026 (1)\05 - MAI - 26\20 05\BOLETIM_RADIO_TJRN_20_05_2026_B4_COMERCIO_ILEGAL_ARMAS_JULGAMENTO.mp3,SIM,BOLETIM,H:\Meu Drive\02_PRODUCAO/BOLETINS
G:\Meu Drive\2026 (1)\05 - MAI - 26\20 05\BOLETIM_RADIO_TJRN_20_05_2026_B5_RESPONSAVEL_INTERINO_SAO_BENTO_NORTE.mp3,SIM,BOLETIM,H:\Meu Drive\02_PRODUCAO/BOLETINS
G:\Meu Drive\2026 (1)\05 - MAI - 26\20 05\desktop.ini,NÃO,-,G:\Meu Drive\Arquivos_Pessoais_Para_Verificacao\Outros
G:\Meu Drive\2026 (1)\05 - MAI - 26\29 05 - SEX\B9- TJRN ÁREAS DE GESTÃO .gdoc,SIM,DESCONHECIDO,H:\Meu Drive\01_ROTEIROS/DESCONHECIDOS
G:\Meu Drive\2026 (1)\05 - MAI - 26\29 05 - SEX\B10- MPRN FISCALIZAÇÃO CAPS.gdoc,SIM,DESCONHECIDO,H:\Meu Drive\01_ROTEIROS/DESCONHECIDOS
G:\Meu Drive\2026 (1)\05 - MAI - 26\29 05 - SEX\BOLETIM_RADIO_TJRN_29_05_2026_B4_TJRN_COMISSAO_SOLUCOES_FUNDIARIAS_.mp3,SIM,BOLETIM,H:\Meu Drive\02_PRODUCAO/BOLETINS
G:\Meu Drive\2026 (1)\05 - MAI - 26\29 05 - SEX\BOLETIM_RADIO_TJRN_29_05_2026_B2_TJRN_SESSAO_HIBRIDA_CAMARA_CRIMINAL_.txt,SIM,BOLETIM,H:\Meu Drive\01_ROTEIROS/BOLETINS
G:\Meu Drive\2026 (1)\05 - MAI - 26\29 05 - SEX\BOLETIM_RADIO_TJRN_29_05_2026_B6_TJRN_MAGISTRADOS_FONAJE_TRANSNACIONAL_.mp3,SIM,BOLETIM,H:\Meu Drive\02_PRODUCAO/BOLETINS
G:\Meu Drive\2026 (1)\05 - MAI - 26\29 05 - SEX\BOLETIM_RADIO_TJRN_29_05_2026_B5_TJRN_RESULTADO_RECURSOS_HETEROIDENTIFICACAO_.mp3,SIM,BOLETIM,H:\Meu Drive\02_PRODUCAO/BOLETINS
G:\Meu Drive\2026 (1)\05 - MAI - 26\29 05 - SEX\BOLETIM_RADIO_TJRN_29_05_2026_B7_OABRN_ALERTA_USO_INDEVIDO_ENTIDADE.txt,SIM,BOLETIM,H:\Meu Drive\01_ROTEIROS/BOLETINS
G:\Meu Drive\2026 (1)\05 - MAI - 26\29 05 - SEX\BOLETIM_RADIO_TJRN_29_05_2026_B3_TJRN_PRORROGA_VALIDADE_CONCURSO_.txt,SIM,BOLETIM,H:\Meu Drive\01_ROTEIROS/BOLETINS
G:\Meu Drive\2026 (1)\05 - MAI - 26\29 05 - SEX\BOLETIM_RADIO_TJRN_29_05_2026_B5_TJRN_RESULTADO_RECURSOS_HETEROIDENTIFICACAO_.txt,SIM,BOLETIM,H:\Meu Drive\01_ROTEIROS/BOLETINS
G:\Meu Drive\2026 (1)\05 - MAI - 26\29 05 - SEX\BOLETIM_RADIO_TJRN_29_05_2026_B8_TJRN_EVENTO_CHATJURIS.mp3,SIM,BOLETIM,H:\Meu Drive\02_PRODUCAO/BOLETINS
G:\Meu Drive\2026 (1)\05 - MAI - 26\29 05 - SEX\BOLETIM_RADIO_TJRN_29_05_2026_B1_TJRN_ALMINO_AFONSO_SELECAO_TABELIAO_.txt,SIM,BOLETIM,H:\Meu Drive\01_ROTEIROS/BOLETINS
G:\Meu Drive\2026 (1)\05 - MAI - 26\29 05 - SEX\BOLETIM_RADIO_TJRN_29_05_2026_B6_TJRN_MAGISTRADOS_FONAJE_TRANSNACIONAL_.txt,SIM,BOLETIM,H:\Meu Drive\01_ROTEIROS/BOLETINS
G:\Meu Drive\2026 (1)\05 - MAI - 26\29 05 - SEX\BOLETIM_RADIO_TJRN_29_05_2026_B8_TJRN_EVENTO_CHATJURIS.txt,SIM,BOLETIM,H:\Meu Drive\01_ROTEIROS/BOLETINS
G:\Meu Drive\2026 (1)\05 - MAI - 26\29 05 - SEX\BOLETIM_RADIO_TJRN_29_05_2026_B4_TJRN_COMISSAO_SOLUCOES_FUNDIARIAS_.txt,SIM,BOLETIM,H:\Meu Drive\01_ROTEIROS/BOLETINS
G:\Meu Drive\2026 (1)\05 - MAI - 26\29 05 - SEX\BOLETIM_RADIO_TJRN_29_05_2026_B1_TJRN_ALMINO_AFONSO_SELECAO_TABELIAO_.mp3,SIM,BOLETIM,H:\Meu Drive\02_PRODUCAO/BOLETINS
G:\Meu Drive\2026 (1)\05 - MAI - 26\29 05 - SEX\BOLETIM_RADIO_TJRN_29_05_2026_B7_OABRN_ALERTA_USO_INDEVIDO_ENTIDADE.mp3,SIM,BOLETIM,H:\Meu Drive\02_PRODUCAO/BOLETINS
G:\Meu Drive\2026 (1)\05 - MAI - 26\29 05 - SEX\BOLETIM_RADIO_TJRN_29_05_2026_B3_TJRN_PRORROGA_VALIDADE_CONCURSO_.mp3,SIM,BOLETIM,H:\Meu Drive\02_PRODUCAO/BOLETINS
G:\Meu Drive\2026 (1)\05 - MAI - 26\29 05 - SEX\BOLETIM_RADIO_TJRN_29_05_2026_B2_TJRN_SESSAO_HIBRIDA_CAMARA_CRIMINAL_.mp3,SIM,BOLETIM,H:\Meu Drive\02_PRODUCAO/BOLETINS
G:\Meu Drive\2026 (1)\05 - MAI - 26\29 05 - SEX\B4- TJRN COMISSÃO SOLUÇÕES FUNDIÁRIAS .gdoc,SIM,DESCONHECIDO,H:\Meu Drive\01_ROTEIROS/DESCONHECIDOS
G:\Meu Drive\2026 (1)\05 - MAI - 26\29 05 - SEX\29 MAIO B1-B10.mp3,SIM,DESCONHECIDO,H:\Meu Drive\02_PRODUCAO/DESCONHECIDOS
G:\Meu Drive\2026 (1)\05 - MAI - 26\29 05 - SEX\B5- TJRN RESULTADO RECURSOS HETEROIDENTIFICAÇÃO .gdoc,SIM,DESCONHECIDO,H:\Meu Drive\01_ROTEIROS/DESCONHECIDOS
G:\Meu Drive\2026 (1)\05 - MAI - 26\29 05 - SEX\B7- OAB RN ALERTA USO INDEVIDO ENTIDADE.gdoc,SIM,DESCONHECIDO,H:\Meu Drive\01_ROTEIROS/DESCONHECIDOS
G:\Meu Drive\2026 (1)\05 - MAI - 26\29 05 - SEX\B1- TJRN ALMINO AFONSO SELEÇÃO TABELIÃO .gdoc,SIM,DESCONHECIDO,H:\Meu Drive\01_ROTEIROS/DESCONHECIDOS
G:\Meu Drive\2026 (1)\05 - MAI - 26\29 05 - SEX\B6- TJRN MAGISTRADOS FONAJE TRANSNACIONAL .gdoc,SIM,DESCONHECIDO,H:\Meu Drive\01_ROTEIROS/DESCONHECIDOS
G:\Meu Drive\2026 (1)\05 - MAI - 26\29 05 - SEX\B8- TJRN EVENTO CHATJURIS.gdoc,SIM,DESCONHECIDO,H:\Meu Drive\01_ROTEIROS/DESCONHECIDOS
G:\Meu Drive\2026 (1)\05 - MAI - 26\29 05 - SEX\B2- TJRN SESSÃO HÍBRIDA CAMARA CRIMINAL .gdoc,SIM,DESCONHECIDO,H:\Meu Drive\01_ROTEIROS/DESCONHECIDOS
G:\Meu Drive\2026 (1)\05 - MAI - 26\29 05 - SEX\B3- TJRN PRORROGA VALIDADE CONCURSO .gdoc,SIM,DESCONHECIDO,H:\Meu Drive\01_ROTEIROS/DESCONHECIDOS
G:\Meu Drive\2026 (1)\05 - MAI - 26\29 05 - SEX\desktop.ini,NÃO,-,G:\Meu Drive\Arquivos_Pessoais_Para_Verificacao\Outros
G:\Meu Drive\2026 (1)\05 - MAI - 26\26 05\BOLETIM_RADIO_TJRN_26_05_2026_B8_ESMARN_INSCRICOES_CURSO_COMPLIANCE_.mp3,SIM,BOLETIM,H:\Meu Drive\02_PRODUCAO/BOLETINS
G:\Meu Drive\2026 (1)\05 - MAI - 26\26 05\BOLETIM_RADIO_TJRN_26_05_2026_B7_TJRN_PLANO_SAUDE_INDENIZA_GESTANTE_.mp3,SIM,BOLETIM,H:\Meu Drive\02_PRODUCAO/BOLETINS
G:\Meu Drive\2026 (1)\05 - MAI - 26\26 05\BOLETIM_RADIO_TJRN_26_05_2026_B2_TJRN_EMPRESAS_RESPONSABILIZADAS_CARGA_.mp3,SIM,BOLETIM,H:\Meu Drive\02_PRODUCAO/BOLETINS
G:\Meu Drive\2026 (1)\05 - MAI - 26\26 05\BOLETIM_RADIO_TJRN_26_05_2026_B9_OABRN_PANFLETAGEM_FALSO_ADVOGADO_.mp3,SIM,BOLETIM,H:\Meu Drive\02_PRODUCAO/BOLETINS
G:\Meu Drive\2026 (1)\05 - MAI - 26\26 05\BOLETIM_RADIO_TJRN_26_05_2026_B6_TJRN_PODCAST_IA_CIBERSEGURANCA_.mp3,SIM,BOLETIM,H:\Meu Drive\02_PRODUCAO/BOLETINS
G:\Meu Drive\2026 (1)\05 - MAI - 26\26 05\BOLETIM_RADIO_TJRN_26_05_2026_B4_TJRN_VARA_FAMILIA_SELECAO_.mp3,SIM,BOLETIM,H:\Meu Drive\02_PRODUCAO/BOLETINS
G:\Meu Drive\2026 (1)\05 - MAI - 26\26 05\BOLETIM_RADIO_TJRN_26_05_2026_B10_DPERN_REGULAMENTACAO_CANNABIS_.mp3,SIM,BOLETIM,H:\Meu Drive\02_PRODUCAO/BOLETINS
G:\Meu Drive\2026 (1)\05 - MAI - 26\26 05\BOLETIM_RADIO_TJRN_26_05_2026_B5_TJRN_CURSO_ADOCAO_.mp3,SIM,BOLETIM,H:\Meu Drive\02_PRODUCAO/BOLETINS
G:\Meu Drive\2026 (1)\05 - MAI - 26\26 05\BOLETIM_RADIO_TJRN_26_05_2026_B1_TJRN_ENCERRAMENTO_SEMANA_ADOCAO_.mp3,SIM,BOLETIM,H:\Meu Drive\02_PRODUCAO/BOLETINS
G:\Meu Drive\2026 (1)\05 - MAI - 26\26 05\BOLETIM_RADIO_TJRN_26_05_2026_B3_TJRN_CONSUMIDORA_VENCE_ACAO_.mp3,SIM,BOLETIM,H:\Meu Drive\02_PRODUCAO/BOLETINS
G:\Meu Drive\2026 (1)\05 - MAI - 26\26 05\desktop.ini,NÃO,-,G:\Meu Drive\Arquivos_Pessoais_Para_Verificacao\Outros
G:\Meu Drive\2026 (1)\05 - MAI - 26\27 05\BOLETIM_RADIO_TJRN_27_05_2026_B2_TJRN_ESTADO_CONDENADO_OPERACAO_POLICIAL.mp3,SIM,BOLETIM,H:\Meu Drive\02_PRODUCAO/BOLETINS
G:\Meu Drive\2026 (1)\05 - MAI - 26\27 05\BOLETIM_RADIO_TJRN_27_05_2026_B9_TJRN_HOMEM_CONDENADO_PORTE_ILEGAL_ARMA_.mp3,SIM,BOLETIM,H:\Meu Drive\02_PRODUCAO/BOLETINS
G:\Meu Drive\2026 (1)\05 - MAI - 26\27 05\BOLETIM_RADIO_TJRN_27_05_2026_B1_TJRN_ESTADO_FORNECER_APARELHO_IDOSA.mp3,SIM,BOLETIM,H:\Meu Drive\02_PRODUCAO/BOLETINS
G:\Meu Drive\2026 (1)\05 - MAI - 26\27 05\BOLETIM_RADIO_TJRN_27_05_2026_B3_TJRN_TRIBUNAIS_PLANOS_ACAO_JUNHO.mp3,SIM,BOLETIM,H:\Meu Drive\02_PRODUCAO/BOLETINS
G:\Meu Drive\2026 (1)\05 - MAI - 26\27 05\BOLETIM_RADIO_TJRN_27_05_2026_B4_TJRN_ACESSIBILIDADE_DIGITAL_.mp3,SIM,BOLETIM,H:\Meu Drive\02_PRODUCAO/BOLETINS
G:\Meu Drive\2026 (1)\05 - MAI - 26\27 05\BOLETIM_RADIO_TJRN_27_05_2026_B8_TJRN_BANCO_COMPROVA_USO_CARTAO.mp3,SIM,BOLETIM,H:\Meu Drive\02_PRODUCAO/BOLETINS
G:\Meu Drive\2026 (1)\05 - MAI - 26\27 05\BOLETIM_RADIO_TJRN_27_05_2026_B7_TJRN_CONSUMIDORA_INDENIZADA_CANCELAMENTO_VOO.mp3,SIM,BOLETIM,H:\Meu Drive\02_PRODUCAO/BOLETINS
G:\Meu Drive\2026 (1)\05 - MAI - 26\27 05\BOLETIM_RADIO_TJRN_27_05_2026_B10_MPRN_CONDENACAO_BANCO_COBRANCA.mp3,SIM,BOLETIM,H:\Meu Drive\02_PRODUCAO/BOLETINS
G:\Meu Drive\2026 (1)\05 - MAI - 26\27 05\BOLETIM_RADIO_TJRN_27_05_2026_B5_TJRN_LEILAO_85_IMOVEIS_.mp3,SIM,BOLETIM,H:\Meu Drive\02_PRODUCAO/BOLETINS
G:\Meu Drive\2026 (1)\05 - MAI - 26\27 05\BOLETIM_RADIO_TJRN_27_05_2026_B6_TJRN_CORREGEDORIA_APRIMORAMENTO_FUNDIARIA_.mp3,SIM,BOLETIM,H:\Meu Drive\02_PRODUCAO/BOLETINS
G:\Meu Drive\2026 (1)\05 - MAI - 26\27 05\desktop.ini,NÃO,-,G:\Meu Drive\Arquivos_Pessoais_Para_Verificacao\Outros
G:\Meu Drive\2026 (1)\05 - MAI - 26\29 05\BOLETIM_RADIO_TJRN_29_05_2026_B6_TJRN_MAGISTRADOS_FONAJE_TRANSNACIONAL_.mp3,SIM,BOLETIM,H:\Meu Drive\02_PRODUCAO/BOLETINS
G:\Meu Drive\2026 (1)\05 - MAI - 26\29 05\BOLETIM_RADIO_TJRN_29_05_2026_B4_TJRN_COMISSAO_SOLUCOES_FUNDIARIAS_.mp3,SIM,BOLETIM,H:\Meu Drive\02_PRODUCAO/BOLETINS
G:\Meu Drive\2026 (1)\05 - MAI - 26\29 05\BOLETIM_RADIO_TJRN_29_05_2026_B8_TJRN_EVENTO_CHATJURIS.mp3,SIM,BOLETIM,H:\Meu Drive\02_PRODUCAO/BOLETINS
G:\Meu Drive\2026 (1)\05 - MAI - 26\29 05\BOLETIM_RADIO_TJRN_29_05_2026_B2_TJRN_SESSAO_HIBRIDA_CAMARA_CRIMINAL_.mp3,SIM,BOLETIM,H:\Meu Drive\02_PRODUCAO/BOLETINS
G:\Meu Drive\2026 (1)\05 - MAI - 26\29 05\BOLETIM_RADIO_TJRN_29_05_2026_B3_TJRN_PRORROGA_VALIDADE_CONCURSO_.mp3,SIM,BOLETIM,H:\Meu Drive\02_PRODUCAO/BOLETINS
G:\Meu Drive\2026 (1)\05 - MAI - 26\29 05\BOLETIM_RADIO_TJRN_29_05_2026_B7_OABRN_ALERTA_USO_INDEVIDO_ENTIDADE.mp3,SIM,BOLETIM,H:\Meu Drive\02_PRODUCAO/BOLETINS
G:\Meu Drive\2026 (1)\05 - MAI - 26\29 05\BOLETIM_RADIO_TJRN_29_05_2026_B5_TJRN_RESULTADO_RECURSOS_HETEROIDENTIFICACAO_.mp3,SIM,BOLETIM,H:\Meu Drive\02_PRODUCAO/BOLETINS
G:\Meu Drive\2026 (1)\05 - MAI - 26\29 05\BOLETIM_RADIO_TJRN_29_05_2026_B1_TJRN_ALMINO_AFONSO_SELECAO_TABELIAO_.mp3,SIM,BOLETIM,H:\Meu Drive\02_PRODUCAO/BOLETINS
G:\Meu Drive\2026 (1)\05 - MAI - 26\29 05\BOLETIM_RADIO_TJRN_29_05_2026_B10_MPRN_FISCALIZACAO_CAPS.mp3,SIM,BOLETIM,H:\Meu Drive\02_PRODUCAO/BOLETINS
G:\Meu Drive\2026 (1)\05 - MAI - 26\29 05\BOLETIM_RADIO_TJRN_29_05_2026_B9_TJRN_AREAS_DE_GESTAO_.mp3,SIM,BOLETIM,H:\Meu Drive\02_PRODUCAO/BOLETINS
G:\Meu Drive\2026 (1)\05 - MAI - 26\29 05\desktop.ini,NÃO,-,G:\Meu Drive\Arquivos_Pessoais_Para_Verificacao\Outros
G:\Meu Drive\2026 (1)\05 - MAI - 26\28 05\BOLETIM_RADIO_TJRN_28_05_2026_B3_TJRN_NOVA_VERSAO_PJE.mp3,SIM,BOLETIM,H:\Meu Drive\02_PRODUCAO/BOLETINS
G:\Meu Drive\2026 (1)\05 - MAI - 26\28 05\BOLETIM_RADIO_TJRN_28_05_2026_B7_TJRN_PLATAFORMA_PAGAMENTOS_BLOQUEIA_VALORES.mp3,SIM,BOLETIM,H:\Meu Drive\02_PRODUCAO/BOLETINS
G:\Meu Drive\2026 (1)\05 - MAI - 26\28 05\BOLETIM_RADIO_TJRN_28_05_2026_B9_TJRN_PLATAFORMA_APOSTA_CONDENADA_.mp3,SIM,BOLETIM,H:\Meu Drive\02_PRODUCAO/BOLETINS
G:\Meu Drive\2026 (1)\05 - MAI - 26\28 05\BOLETIM_RADIO_TJRN_28_05_2026_B4_TJRN_DEFINE_SULAMITA_MEMBRO_TRE_RN.mp3,SIM,BOLETIM,H:\Meu Drive\02_PRODUCAO/BOLETINS
G:\Meu Drive\2026 (1)\05 - MAI - 26\28 05\BOLETIM_RADIO_TJRN_28_05_2026_B6_ESMARN_INSCRICOES_PLANILHAS_ELETRONICAS_.mp3,SIM,BOLETIM,H:\Meu Drive\02_PRODUCAO/BOLETINS
G:\Meu Drive\2026 (1)\05 - MAI - 26\28 05\BOLETIM_RADIO_TJRN_28_05_2026_B5_TJRN_PROJETO_PREMIO_INNOVARE.mp3,SIM,BOLETIM,H:\Meu Drive\02_PRODUCAO/BOLETINS
G:\Meu Drive\2026 (1)\05 - MAI - 26\28 05\BOLETIM_RADIO_TJRN_28_05_2026_B8_TJRN_MUNICIPIO_GARANTIR_CONSULTAS_.mp3,SIM,BOLETIM,H:\Meu Drive\02_PRODUCAO/BOLETINS
G:\Meu Drive\2026 (1)\05 - MAI - 26\28 05\BOLETIM_RADIO_TJRN_28_05_2026_B10_TRTRN_SEMANA_MEIO_AMBIENTE_.mp3,SIM,BOLETIM,H:\Meu Drive\02_PRODUCAO/BOLETINS
G:\Meu Drive\2026 (1)\05 - MAI - 26\28 05\BOLETIM_RADIO_TJRN_28_05_2026_B1_TJRN_MANTEM_NEGATIVA_CADASTRO.mp3,SIM,BOLETIM,H:\Meu Drive\02_PRODUCAO/BOLETINS
G:\Meu Drive\2026 (1)\05 - MAI - 26\28 05\BOLETIM_RADIO_TJRN_28_05_2026_B2_TJRN_VARA_ASSU_INTERINO.mp3,SIM,BOLETIM,H:\Meu Drive\02_PRODUCAO/BOLETINS
G:\Meu Drive\2026 (1)\05 - MAI - 26\28 05\desktop.ini,NÃO,-,G:\Meu Drive\Arquivos_Pessoais_Para_Verificacao\Outros
G:\Meu Drive\2026 (1)\05 - MAI - 26\30 05\desktop.ini,NÃO,-,G:\Meu Drive\Arquivos_Pessoais_Para_Verificacao\Outros
G:\Meu Drive\2026 (1)\05 - MAI - 26\25 05\BOLETIM_RADIO_TJRN_25_05_2026_B8_TJRN_CURSO_ADOCAO_.mp3,SIM,BOLETIM,H:\Meu Drive\02_PRODUCAO/BOLETINS
G:\Meu Drive\2026 (1)\05 - MAI - 26\25 05\BOLETIM_RADIO_TJRN_25_05_2026_B1_SEMANA_ADOCAO_ASSEMBLEIA.mp3,SIM,BOLETIM,H:\Meu Drive\02_PRODUCAO/BOLETINS
G:\Meu Drive\2026 (1)\05 - MAI - 26\25 05\BOLETIM_RADIO_TJRN_25_05_2026_B6_ESTAGIO_DIREITO_MOSSORO.mp3,SIM,BOLETIM,H:\Meu Drive\02_PRODUCAO/BOLETINS
G:\Meu Drive\2026 (1)\05 - MAI - 26\25 05\BOLETIM_RADIO_TJRN_25_05_2026_B10_DPERN_GARANTE_LIMITE_COPARTICIPACAO_.mp3,SIM,BOLETIM,H:\Meu Drive\02_PRODUCAO/BOLETINS
G:\Meu Drive\2026 (1)\05 - MAI - 26\25 05\BOLETIM_RADIO_TJRN_25_05_2026_B2_CONDENACAO_MARCENEIRO.mp3,SIM,BOLETIM,H:\Meu Drive\02_PRODUCAO/BOLETINS
G:\Meu Drive\2026 (1)\05 - MAI - 26\25 05\BOLETIM_RADIO_TJRN_25_05_2026_B9_TRTRN_EMPRESA_PAGARA_INDENIZACAO_.mp3,SIM,BOLETIM,H:\Meu Drive\02_PRODUCAO/BOLETINS
G:\Meu Drive\2026 (1)\05 - MAI - 26\25 05\BOLETIM_RADIO_TJRN_25_05_2026_B5_CONSUMIDORA_VENCE_CAUSA_COSERN.mp3,SIM,BOLETIM,H:\Meu Drive\02_PRODUCAO/BOLETINS
G:\Meu Drive\2026 (1)\05 - MAI - 26\25 05\BOLETIM_RADIO_TJRN_25_05_2026_B4_RESPONSABILIDADE_EMPRESA_TRANSPORTE_ACIDENTE.mp3,SIM,BOLETIM,H:\Meu Drive\02_PRODUCAO/BOLETINS
G:\Meu Drive\2026 (1)\05 - MAI - 26\25 05\BOLETIM_RADIO_TJRN_25_05_2026_B3_COPARTICIPACAO_LIMITADA_TEA.mp3,SIM,BOLETIM,H:\Meu Drive\02_PRODUCAO/BOLETINS
G:\Meu Drive\2026 (1)\05 - MAI - 26\25 05\BOLETIM_RADIO_TJRN_25_05_2026_B7_TJRN_NOVA_BIBLIOTECA_TJRN_.mp3,SIM,BOLETIM,H:\Meu Drive\02_PRODUCAO/BOLETINS
G:\Meu Drive\2026 (1)\05 - MAI - 26\25 05\desktop.ini,NÃO,-,G:\Meu Drive\Arquivos_Pessoais_Para_Verificacao\Outros
G:\Meu Drive\2026 (1)\05 - MAI - 26\22 05\BOLETIM_RADIO_TJRN_22_05_2026_B7_TJRN_MANTIDA_SEPARACAO_VALORES_INDENIZATORIOS_.mp3,SIM,BOLETIM,H:\Meu Drive\02_PRODUCAO/BOLETINS
G:\Meu Drive\2026 (1)\05 - MAI - 26\22 05\BOLETIM_RADIO_TJRN_22_05_2026_B1_TJRN_INDISPONIBILIDADE_SABADO_.mp3,SIM,BOLETIM,H:\Meu Drive\02_PRODUCAO/BOLETINS
G:\Meu Drive\2026 (1)\05 - MAI - 26\22 05\BOLETIM_RADIO_TJRN_22_05_2026_B9_TJRN_COSERN_CONDENADA_OSCILACOES_.mp3,SIM,BOLETIM,H:\Meu Drive\02_PRODUCAO/BOLETINS
G:\Meu Drive\2026 (1)\05 - MAI - 26\22 05\BOLETIM_RADIO_TJRN_22_05_2026_B8_TJRN_MORTE_FETO_DEFICIENCIA_.mp3,SIM,BOLETIM,H:\Meu Drive\02_PRODUCAO/BOLETINS
G:\Meu Drive\2026 (1)\05 - MAI - 26\22 05\BOLETIM_RADIO_TJRN_22_05_2026_B10_TJRN_CAMARA_CRIMINAL_ANTECIPADA_.mp3,SIM,BOLETIM,H:\Meu Drive\02_PRODUCAO/BOLETINS
G:\Meu Drive\2026 (1)\05 - MAI - 26\22 05\BOLETIM_RADIO_TJRN_22_05_2026_B2_TJRN_SUSPENDE_LICITACAO_SAMU.mp3,SIM,BOLETIM,H:\Meu Drive\02_PRODUCAO/BOLETINS
G:\Meu Drive\2026 (1)\05 - MAI - 26\22 05\BOLETIM_RADIO_TJRN_22_05_2026_B6_TJRN_FEMINICIDIO_JURI_POPULAR_.mp3,SIM,BOLETIM,H:\Meu Drive\02_PRODUCAO/BOLETINS
G:\Meu Drive\2026 (1)\05 - MAI - 26\22 05\BOLETIM_RADIO_TJRN_22_05_2026_B3_TJRN_DESTACA_FORTALECIMENTO_REDE_PROTECAO.mp3,SIM,BOLETIM,H:\Meu Drive\02_PRODUCAO/BOLETINS
G:\Meu Drive\2026 (1)\05 - MAI - 26\22 05\BOLETIM_RADIO_TJRN_22_05_2026_B5_TJRN_OBITO_CRIANCA_MOSSORO.mp3,SIM,BOLETIM,H:\Meu Drive\02_PRODUCAO/BOLETINS
G:\Meu Drive\2026 (1)\05 - MAI - 26\22 05\BOLETIM_RADIO_TJRN_22_05_2026_B4_TJRN_FIXA_PRAZO_60_DIAS_IDEMA.mp3,SIM,BOLETIM,H:\Meu Drive\02_PRODUCAO/BOLETINS
G:\Meu Drive\2026 (1)\05 - MAI - 26\22 05\desktop.ini,NÃO,-,G:\Meu Drive\Arquivos_Pessoais_Para_Verificacao\Outros
G:\Meu Drive\2026 (1)\05 - MAI - 26\22 05 - SEX\BOLETIM_RADIO_TJRN_22_05_2026_B10_TJRN_CAMARA_CRIMINAL_ANTECIPADA_.mp3,SIM,BOLETIM,H:\Meu Drive\02_PRODUCAO/BOLETINS
G:\Meu Drive\2026 (1)\05 - MAI - 26\22 05 - SEX\BOLETIM_RADIO_TJRN_22_05_2026_B10_TJRN_CAMARA_CRIMINAL_ANTECIPADA_.txt,SIM,BOLETIM,H:\Meu Drive\01_ROTEIROS/BOLETINS
G:\Meu Drive\2026 (1)\05 - MAI - 26\22 05 - SEX\BOLETIM_RADIO_TJRN_22_05_2026_B7_TJRN_MANTIDA_SEPARACAO_VALORES_INDENIZATORIOS_.txt,SIM,BOLETIM,H:\Meu Drive\01_ROTEIROS/BOLETINS
G:\Meu Drive\2026 (1)\05 - MAI - 26\22 05 - SEX\BOLETIM_RADIO_TJRN_22_05_2026_B8_TJRN_MORTE_FETO_DEFICIENCIA_.txt,SIM,BOLETIM,H:\Meu Drive\01_ROTEIROS/BOLETINS
G:\Meu Drive\2026 (1)\05 - MAI - 26\22 05 - SEX\BOLETIM_RADIO_TJRN_22_05_2026_B9_TJRN_COSERN_CONDENADA_OSCILACOES_.txt,SIM,BOLETIM,H:\Meu Drive\01_ROTEIROS/BOLETINS
G:\Meu Drive\2026 (1)\05 - MAI - 26\22 05 - SEX\BOLETIM_RADIO_TJRN_22_05_2026_B6_TJRN_FEMINICIDIO_JURI_POPULAR_.txt,SIM,BOLETIM,H:\Meu Drive\01_ROTEIROS/BOLETINS
G:\Meu Drive\2026 (1)\05 - MAI - 26\22 05 - SEX\BOLETIM_RADIO_TJRN_22_05_2026_B3_TJRN_DESTACA_FORTALECIMENTO_REDE_PROTECAO.txt,SIM,BOLETIM,H:\Meu Drive\01_ROTEIROS/BOLETINS
G:\Meu Drive\2026 (1)\05 - MAI - 26\22 05 - SEX\BOLETIM_RADIO_TJRN_22_05_2026_B2_TJRN_SUSPENDE_LICITACAO_SAMU.mp3,SIM,BOLETIM,H:\Meu Drive\02_PRODUCAO/BOLETINS
G:\Meu Drive\2026 (1)\05 - MAI - 26\22 05 - SEX\BOLETIM_RADIO_TJRN_22_05_2026_B7_TJRN_MANTIDA_SEPARACAO_VALORES_INDENIZATORIOS_.mp3,SIM,BOLETIM,H:\Meu Drive\02_PRODUCAO/BOLETINS
G:\Meu Drive\2026 (1)\05 - MAI - 26\22 05 - SEX\BOLETIM_RADIO_TJRN_22_05_2026_B8_TJRN_MORTE_FETO_DEFICIENCIA_.mp3,SIM,BOLETIM,H:\Meu Drive\02_PRODUCAO/BOLETINS
G:\Meu Drive\2026 (1)\05 - MAI - 26\22 05 - SEX\BOLETIM_RADIO_TJRN_22_05_2026_B5_TJRN_OBITO_CRIANCA_MOSSORO.mp3,SIM,BOLETIM,H:\Meu Drive\02_PRODUCAO/BOLETINS
G:\Meu Drive\2026 (1)\05 - MAI - 26\22 05 - SEX\BOLETIM_RADIO_TJRN_22_05_2026_B4_TJRN_FIXA_PRAZO_60_DIAS_IDEMA.mp3,SIM,BOLETIM,H:\Meu Drive\02_PRODUCAO/BOLETINS
G:\Meu Drive\2026 (1)\05 - MAI - 26\22 05 - SEX\BOLETIM_RADIO_TJRN_22_05_2026_B3_TJRN_DESTACA_FORTALECIMENTO_REDE_PROTECAO.mp3,SIM,BOLETIM,H:\Meu Drive\02_PRODUCAO/BOLETINS
G:\Meu Drive\2026 (1)\05 - MAI - 26\22 05 - SEX\BOLETIM_RADIO_TJRN_22_05_2026_B4_TJRN_FIXA_PRAZO_60_DIAS_IDEMA.txt,SIM,BOLETIM,H:\Meu Drive\01_ROTEIROS/BOLETINS
G:\Meu Drive\2026 (1)\05 - MAI - 26\22 05 - SEX\BOLETIM_RADIO_TJRN_22_05_2026_B1_TJRN_INDISPONIBILIDADE_SABADO_.txt,SIM,BOLETIM,H:\Meu Drive\01_ROTEIROS/BOLETINS
G:\Meu Drive\2026 (1)\05 - MAI - 26\22 05 - SEX\BOLETIM_RADIO_TJRN_22_05_2026_B1_TJRN_INDISPONIBILIDADE_SABADO_.mp3,SIM,BOLETIM,H:\Meu Drive\02_PRODUCAO/BOLETINS
G:\Meu Drive\2026 (1)\05 - MAI - 26\22 05 - SEX\BOLETIM_RADIO_TJRN_22_05_2026_B5_TJRN_OBITO_CRIANCA_MOSSORO.txt,SIM,BOLETIM,H:\Meu Drive\01_ROTEIROS/BOLETINS
G:\Meu Drive\2026 (1)\05 - MAI - 26\22 05 - SEX\BOLETIM_RADIO_TJRN_22_05_2026_B2_TJRN_SUSPENDE_LICITACAO_SAMU.txt,SIM,BOLETIM,H:\Meu Drive\01_ROTEIROS/BOLETINS
G:\Meu Drive\2026 (1)\05 - MAI - 26\22 05 - SEX\BOLETIM_RADIO_TJRN_22_05_2026_B6_TJRN_FEMINICIDIO_JURI_POPULAR_.mp3,SIM,BOLETIM,H:\Meu Drive\02_PRODUCAO/BOLETINS
G:\Meu Drive\2026 (1)\05 - MAI - 26\22 05 - SEX\BOLETIM_RADIO_TJRN_22_05_2026_B9_TJRN_COSERN_CONDENADA_OSCILACOES_.mp3,SIM,BOLETIM,H:\Meu Drive\02_PRODUCAO/BOLETINS
G:\Meu Drive\2026 (1)\05 - MAI - 26\22 05 - SEX\B6- TJRN FEMINICÍDIO JÚRI POPULAR .gdoc,SIM,DESCONHECIDO,H:\Meu Drive\01_ROTEIROS/DESCONHECIDOS
G:\Meu Drive\2026 (1)\05 - MAI - 26\22 05 - SEX\B8- TJRN MORTE FETO DEFICIÊNCIA .gdoc,SIM,DESCONHECIDO,H:\Meu Drive\01_ROTEIROS/DESCONHECIDOS
G:\Meu Drive\2026 (1)\05 - MAI - 26\22 05 - SEX\B4- TJRN FIXA PRAZO 60 DIAS IDEMA.gdoc,SIM,DESCONHECIDO,H:\Meu Drive\01_ROTEIROS/DESCONHECIDOS
G:\Meu Drive\2026 (1)\05 - MAI - 26\22 05 - SEX\B5- TJRN ÓBITO CRIANÇA MOSSORÓ.gdoc,SIM,DESCONHECIDO,H:\Meu Drive\01_ROTEIROS/DESCONHECIDOS
G:\Meu Drive\2026 (1)\05 - MAI - 26\22 05 - SEX\B2- TJRN SUSPENDE LICITAÇÃO SAMU.gdoc,SIM,DESCONHECIDO,H:\Meu Drive\01_ROTEIROS/DESCONHECIDOS
G:\Meu Drive\2026 (1)\05 - MAI - 26\22 05 - SEX\B10- TJRN CÂMARA CRIMINAL ANTECIPADA .gdoc,SIM,DESCONHECIDO,H:\Meu Drive\01_ROTEIROS/DESCONHECIDOS
G:\Meu Drive\2026 (1)\05 - MAI - 26\22 05 - SEX\B1- TJRN INDISPONIBILIDADE SÁBADO .gdoc,SIM,DESCONHECIDO,H:\Meu Drive\01_ROTEIROS/DESCONHECIDOS
G:\Meu Drive\2026 (1)\05 - MAI - 26\22 05 - SEX\B7- TJRN MANTIDA SEPARAÇÃO VALORES INDENIZATÓRIOS .gdoc,SIM,DESCONHECIDO,H:\Meu Drive\01_ROTEIROS/DESCONHECIDOS
G:\Meu Drive\2026 (1)\05 - MAI - 26\22 05 - SEX\B9- TJRN COSERN CONDENADA OSCILAÇÕES .gdoc,SIM,DESCONHECIDO,H:\Meu Drive\01_ROTEIROS/DESCONHECIDOS
G:\Meu Drive\2026 (1)\05 - MAI - 26\22 05 - SEX\B3- TJRN DESTACA FORTALECIMENTO REDE PROTEÇÃO.gdoc,SIM,DESCONHECIDO,H:\Meu Drive\01_ROTEIROS/DESCONHECIDOS
G:\Meu Drive\2026 (1)\05 - MAI - 26\22 05 - SEX\desktop.ini,NÃO,-,G:\Meu Drive\Arquivos_Pessoais_Para_Verificacao\Outros
G:\Meu Drive\2026 (1)\05 - MAI - 26\20 05 - QUA\BOLETIM_RADIO_TJRN_20_05_2026_B6_CONDENACAO_VENDEDOR_CARRO.txt,SIM,BOLETIM,H:\Meu Drive\01_ROTEIROS/BOLETINS
G:\Meu Drive\2026 (1)\05 - MAI - 26\20 05 - QUA\BOLETIM_RADIO_TJRN_20_05_2026_B9_TRTRN_SEMANA_NACIONAL_CONCILIACAO_.txt,SIM,BOLETIM,H:\Meu Drive\01_ROTEIROS/BOLETINS
G:\Meu Drive\2026 (1)\05 - MAI - 26\20 05 - QUA\BOLETIM_RADIO_TJRN_20_05_2026_B10_ESMARN_CAPACITACAO_GESTAO_RISCO.txt,SIM,BOLETIM,H:\Meu Drive\01_ROTEIROS/BOLETINS
G:\Meu Drive\2026 (1)\05 - MAI - 26\20 05 - QUA\BOLETIM_RADIO_TJRN_20_05_2026_B8_MPRN_VISITAS_MATERNIDADES.txt,SIM,BOLETIM,H:\Meu Drive\01_ROTEIROS/BOLETINS
G:\Meu Drive\2026 (1)\05 - MAI - 26\20 05 - QUA\BOLETIM_RADIO_TJRN_20_05_2026_B7_MPRN_MEDIDAS_PRESERVACAO_PATRIMONIO.txt,SIM,BOLETIM,H:\Meu Drive\01_ROTEIROS/BOLETINS
G:\Meu Drive\2026 (1)\05 - MAI - 26\20 05 - QUA\BOLETIM_RADIO_TJRN_20_05_2026_B6_CONDENACAO_VENDEDOR_CARRO.mp3,SIM,BOLETIM,H:\Meu Drive\02_PRODUCAO/BOLETINS
G:\Meu Drive\2026 (1)\05 - MAI - 26\20 05 - QUA\BOLETIM_RADIO_TJRN_20_05_2026_B7_MPRN_MEDIDAS_PRESERVACAO_PATRIMONIO.mp3,SIM,BOLETIM,H:\Meu Drive\02_PRODUCAO/BOLETINS
G:\Meu Drive\2026 (1)\05 - MAI - 26\20 05 - QUA\BOLETIM_RADIO_TJRN_20_05_2026_B10_ESMARN_CAPACITACAO_GESTAO_RISCO.mp3,SIM,BOLETIM,H:\Meu Drive\02_PRODUCAO/BOLETINS
G:\Meu Drive\2026 (1)\05 - MAI - 26\20 05 - QUA\BOLETIM_RADIO_TJRN_20_05_2026_B9_TRTRN_SEMANA_NACIONAL_CONCILIACAO_.mp3,SIM,BOLETIM,H:\Meu Drive\02_PRODUCAO/BOLETINS
G:\Meu Drive\2026 (1)\05 - MAI - 26\20 05 - QUA\BOLETIM_RADIO_TJRN_20_05_2026_B8_MPRN_VISITAS_MATERNIDADES.mp3,SIM,BOLETIM,H:\Meu Drive\02_PRODUCAO/BOLETINS
G:\Meu Drive\2026 (1)\05 - MAI - 26\20 05 - QUA\B10 - ESMARN CAPACITAÇÃO GESTÃO RISCO.gdoc,SIM,DESCONHECIDO,H:\Meu Drive\01_ROTEIROS/DESCONHECIDOS
G:\Meu Drive\2026 (1)\05 - MAI - 26\20 05 - QUA\B7- MPRN MEDIDAS PRESERVAÇÃO PATRIMÔNIO.gdoc,SIM,DESCONHECIDO,H:\Meu Drive\01_ROTEIROS/DESCONHECIDOS
G:\Meu Drive\2026 (1)\05 - MAI - 26\20 05 - QUA\B8- MPRN VISITAS MATERNIDADES.gdoc,SIM,DESCONHECIDO,H:\Meu Drive\01_ROTEIROS/DESCONHECIDOS
G:\Meu Drive\2026 (1)\05 - MAI - 26\20 05 - QUA\B9- TRT RN SEMANA NACIONAL CONCILIAÇÃO .gdoc,SIM,DESCONHECIDO,H:\Meu Drive\01_ROTEIROS/DESCONHECIDOS
G:\Meu Drive\2026 (1)\05 - MAI - 26\20 05 - QUA\B5- RESPONSÁVEL INTERINO SÃO BENTO NORTE.gdoc,SIM,DESCONHECIDO,H:\Meu Drive\01_ROTEIROS/DESCONHECIDOS
G:\Meu Drive\2026 (1)\05 - MAI - 26\20 05 - QUA\B3- MEDICAMENTO DOMICILIAR PLANO SAÚDE.gdoc,SIM,DESCONHECIDO,H:\Meu Drive\01_ROTEIROS/DESCONHECIDOS
G:\Meu Drive\2026 (1)\05 - MAI - 26\20 05 - QUA\B6- CONDENAÇÃO VENDEDOR CARRO.gdoc,SIM,DESCONHECIDO,H:\Meu Drive\01_ROTEIROS/DESCONHECIDOS
G:\Meu Drive\2026 (1)\05 - MAI - 26\20 05 - QUA\B4- COMÉRCIO ILEGAL ARMAS JULGAMENTO.gdoc,SIM,DESCONHECIDO,H:\Meu Drive\01_ROTEIROS/DESCONHECIDOS
G:\Meu Drive\2026 (1)\05 - MAI - 26\20 05 - QUA\B2- INDENIZAÇÃO GELADEIRA DEFEITUOSA.gdoc,SIM,DESCONHECIDO,H:\Meu Drive\01_ROTEIROS/DESCONHECIDOS
G:\Meu Drive\2026 (1)\05 - MAI - 26\20 05 - QUA\B1- ABERTURA SEMANA ESTADUAL ADOÇÃO.gdoc,SIM,DESCONHECIDO,H:\Meu Drive\01_ROTEIROS/DESCONHECIDOS
G:\Meu Drive\2026 (1)\05 - MAI - 26\20 05 - QUA\desktop.ini,NÃO,-,G:\Meu Drive\Arquivos_Pessoais_Para_Verificacao\Outros
G:\Meu Drive\2026 (1)\05 - MAI - 26\21 05\BOLETIM_RADIO_TJRN_21_05_2026_B9_OABRN_OBSERVATORIO_PUBLICIDADE.mp3,SIM,BOLETIM,H:\Meu Drive\02_PRODUCAO/BOLETINS
G:\Meu Drive\2026 (1)\05 - MAI - 26\21 05\BOLETIM_RADIO_TJRN_21_05_2026_B10_TRTRN_CARTILHA_RESPEITO_ASSEDIO_MORAL_.mp3,SIM,BOLETIM,H:\Meu Drive\02_PRODUCAO/BOLETINS
G:\Meu Drive\2026 (1)\05 - MAI - 26\21 05\BOLETIM_RADIO_TJRN_21_05_2026_B6_TJRN_FALHA_PRESTACAO_SERVICOS_TELECOMUNICACOES.mp3,SIM,BOLETIM,H:\Meu Drive\02_PRODUCAO/BOLETINS
G:\Meu Drive\2026 (1)\05 - MAI - 26\21 05\BOLETIM_RADIO_TJRN_21_05_2026_B8_TJRN_LANCA_BIBLIOTECA_DIGITAL_.mp3,SIM,BOLETIM,H:\Meu Drive\02_PRODUCAO/BOLETINS
G:\Meu Drive\2026 (1)\05 - MAI - 26\21 05\BOLETIM_RADIO_TJRN_21_05_2026_B7_TJRN_ESTAGIO_ESMARN_.mp3,SIM,BOLETIM,H:\Meu Drive\02_PRODUCAO/BOLETINS
G:\Meu Drive\2026 (1)\05 - MAI - 26\21 05\BOLETIM_RADIO_TJRN_21_05_2026_B4_TJRN_CONTRATACOES_NAO_GERAM_NOMEACOES_.mp3,SIM,BOLETIM,H:\Meu Drive\02_PRODUCAO/BOLETINS
G:\Meu Drive\2026 (1)\05 - MAI - 26\21 05\BOLETIM_RADIO_TJRN_21_05_2026_B1_TJRN_PM_ESQUIZOFRENIA_.mp3,SIM,BOLETIM,H:\Meu Drive\02_PRODUCAO/BOLETINS
G:\Meu Drive\2026 (1)\05 - MAI - 26\21 05\BOLETIM_RADIO_TJRN_21_05_2026_B2_TJRN_DESCIMPRIMENTO_CONRATO_VERBAL.mp3,SIM,BOLETIM,H:\Meu Drive\02_PRODUCAO/BOLETINS
G:\Meu Drive\2026 (1)\05 - MAI - 26\21 05\BOLETIM_RADIO_TJRN_21_05_2026_B5_TJRN_DETERMINA_RESTITUICAO_CONSUMIDORES.mp3,SIM,BOLETIM,H:\Meu Drive\02_PRODUCAO/BOLETINS
G:\Meu Drive\2026 (1)\05 - MAI - 26\21 05\BOLETIM_RADIO_TJRN_21_05_2026_B3_TJRN_REDE_SOCIAL_BLOQUEIA_PERFIL.mp3,SIM,BOLETIM,H:\Meu Drive\02_PRODUCAO/BOLETINS
G:\Meu Drive\2026 (1)\05 - MAI - 26\21 05\desktop.ini,NÃO,-,G:\Meu Drive\Arquivos_Pessoais_Para_Verificacao\Outros
G:\Meu Drive\2026 (1)\05 - MAI - 26\21 05 - QUI\BOLETIM_RADIO_TJRN_21_05_2026_B8_TJRN_LANCA_BIBLIOTECA_DIGITAL_.mp3,SIM,BOLETIM,H:\Meu Drive\02_PRODUCAO/BOLETINS
G:\Meu Drive\2026 (1)\05 - MAI - 26\21 05 - QUI\BOLETIM_RADIO_TJRN_21_05_2026_B7_TJRN_ESTAGIO_ESMARN_.txt,SIM,BOLETIM,H:\Meu Drive\01_ROTEIROS/BOLETINS
G:\Meu Drive\2026 (1)\05 - MAI - 26\21 05 - QUI\BOLETIM_RADIO_TJRN_21_05_2026_B8_TJRN_LANCA_BIBLIOTECA_DIGITAL_.txt,SIM,BOLETIM,H:\Meu Drive\01_ROTEIROS/BOLETINS
G:\Meu Drive\2026 (1)\05 - MAI - 26\21 05 - QUI\BOLETIM_RADIO_TJRN_21_05_2026_B9_OABRN_OBSERVATORIO_PUBLICIDADE.txt,SIM,BOLETIM,H:\Meu Drive\01_ROTEIROS/BOLETINS
G:\Meu Drive\2026 (1)\05 - MAI - 26\21 05 - QUI\BOLETIM_RADIO_TJRN_21_05_2026_B9_OABRN_OBSERVATORIO_PUBLICIDADE.mp3,SIM,BOLETIM,H:\Meu Drive\02_PRODUCAO/BOLETINS
G:\Meu Drive\2026 (1)\05 - MAI - 26\21 05 - QUI\BOLETIM_RADIO_TJRN_21_05_2026_B10_TRTRN_CARTILHA_RESPEITO_ASSEDIO_MORAL_.txt,SIM,BOLETIM,H:\Meu Drive\01_ROTEIROS/BOLETINS
G:\Meu Drive\2026 (1)\05 - MAI - 26\21 05 - QUI\BOLETIM_RADIO_TJRN_21_05_2026_B7_TJRN_ESTAGIO_ESMARN_.mp3,SIM,BOLETIM,H:\Meu Drive\02_PRODUCAO/BOLETINS
G:\Meu Drive\2026 (1)\05 - MAI - 26\21 05 - QUI\BOLETIM_RADIO_TJRN_21_05_2026_B10_TRTRN_CARTILHA_RESPEITO_ASSEDIO_MORAL_.mp3,SIM,BOLETIM,H:\Meu Drive\02_PRODUCAO/BOLETINS
G:\Meu Drive\2026 (1)\05 - MAI - 26\21 05 - QUI\BOLETIM_RADIO_TJRN_21_05_2026_B6_TJRN_FALHA_PRESTACAO_SERVICOS_TELECOMUNICACOES.mp3,SIM,BOLETIM,H:\Meu Drive\02_PRODUCAO/BOLETINS
G:\Meu Drive\2026 (1)\05 - MAI - 26\21 05 - QUI\BOLETIM_RADIO_TJRN_21_05_2026_B6_TJRN_FALHA_PRESTACAO_SERVICOS_TELECOMUNICACOES.txt,SIM,BOLETIM,H:\Meu Drive\01_ROTEIROS/BOLETINS
G:\Meu Drive\2026 (1)\05 - MAI - 26\21 05 - QUI\B3- TJRN REDE SOCIAL BLOQUEIA PERFIL.gdoc,SIM,DESCONHECIDO,H:\Meu Drive\01_ROTEIROS/DESCONHECIDOS
G:\Meu Drive\2026 (1)\05 - MAI - 26\21 05 - QUI\B4- TJRN CONTRATAÇÕES NÃO GERAM NOMEAÇÕES .gdoc,SIM,DESCONHECIDO,H:\Meu Drive\01_ROTEIROS/DESCONHECIDOS
G:\Meu Drive\2026 (1)\05 - MAI - 26\21 05 - QUI\B10- TRT RN CARTILHA RESPEITO ASSÉDIO MORAL .gdoc,SIM,DESCONHECIDO,H:\Meu Drive\01_ROTEIROS/DESCONHECIDOS
G:\Meu Drive\2026 (1)\05 - MAI - 26\21 05 - QUI\B1- TJRN PM ESQUIZOFRENIA .gdoc,SIM,DESCONHECIDO,H:\Meu Drive\01_ROTEIROS/DESCONHECIDOS
G:\Meu Drive\2026 (1)\05 - MAI - 26\21 05 - QUI\B5- TJRN DETERMINA RESTITUIÇÃO CONSUMIDORES.gdoc,SIM,DESCONHECIDO,H:\Meu Drive\01_ROTEIROS/DESCONHECIDOS
G:\Meu Drive\2026 (1)\05 - MAI - 26\21 05 - QUI\B8- TJRN LANÇA BIBLIOTECA DIGITAL .gdoc,SIM,DESCONHECIDO,H:\Meu Drive\01_ROTEIROS/DESCONHECIDOS
G:\Meu Drive\2026 (1)\05 - MAI - 26\21 05 - QUI\B2- TJRN DESCIMPRIMENTO CONRATO VERBAL.gdoc,SIM,DESCONHECIDO,H:\Meu Drive\01_ROTEIROS/DESCONHECIDOS
G:\Meu Drive\2026 (1)\05 - MAI - 26\21 05 - QUI\B9- OAB RN OBSERVATÓRIO PUBLICIDADE.gdoc,SIM,DESCONHECIDO,H:\Meu Drive\01_ROTEIROS/DESCONHECIDOS
G:\Meu Drive\2026 (1)\05 - MAI - 26\21 05 - QUI\B6- TJRN FALHA PRESTAÇÃO SERVIÇOS TELECOMUNICAÇÕES.gdoc,SIM,DESCONHECIDO,H:\Meu Drive\01_ROTEIROS/DESCONHECIDOS
G:\Meu Drive\2026 (1)\05 - MAI - 26\21 05 - QUI\B7- TJRN ESTÁGIO ESMARN .gdoc,SIM,DESCONHECIDO,H:\Meu Drive\01_ROTEIROS/DESCONHECIDOS
G:\Meu Drive\2026 (1)\05 - MAI - 26\21 05 - QUI\desktop.ini,NÃO,-,G:\Meu Drive\Arquivos_Pessoais_Para_Verificacao\Outros
G:\Meu Drive\2026 (1)\05 - MAI - 26\15 05\BOLETIM_RADIO_TJRN_15_05_2026_B9_TRT_DENUNCIAS_ASSEDIO_MORAL.mp3,SIM,BOLETIM,H:\Meu Drive\02_PRODUCAO/BOLETINS
G:\Meu Drive\2026 (1)\05 - MAI - 26\15 05\BOLETIM_RADIO_TJRN_15_05_2026_B2_CANDIDATO_APTO_HETEROIDENTIFICACAO.mp3,SIM,BOLETIM,H:\Meu Drive\02_PRODUCAO/BOLETINS
G:\Meu Drive\2026 (1)\05 - MAI - 26\15 05\BOLETIM_RADIO_TJRN_15_05_2026_B10_TRT_SEMANA_COMBATE_ASSEDIO.mp3,SIM,BOLETIM,H:\Meu Drive\02_PRODUCAO/BOLETINS
G:\Meu Drive\2026 (1)\05 - MAI - 26\15 05\BOLETIM_RADIO_TJRN_15_05_2026_B5_AUDIENCIA_MEDIACAO_EXTREMOZ.mp3,SIM,BOLETIM,H:\Meu Drive\02_PRODUCAO/BOLETINS
G:\Meu Drive\2026 (1)\05 - MAI - 26\15 05\BOLETIM_RADIO_TJRN_15_05_2026_B8_MPRN_GESTORES_SAUDE_PUBLICA.mp3,SIM,BOLETIM,H:\Meu Drive\02_PRODUCAO/BOLETINS
G:\Meu Drive\2026 (1)\05 - MAI - 26\15 05\textos 15 05.gdoc,SIM,DESCONHECIDO,H:\Meu Drive\01_ROTEIROS/DESCONHECIDOS
G:\Meu Drive\2026 (1)\05 - MAI - 26\15 05\BOLETIM_RADIO_TJRN_15_05_2026_B6_RESULTADO_HETEROIDENTIFICACAO_ENAC.mp3,SIM,BOLETIM,H:\Meu Drive\02_PRODUCAO/BOLETINS
G:\Meu Drive\2026 (1)\05 - MAI - 26\15 05\BOLETIM_RADIO_TJRN_15_05_2026_B7_MPRN_COMBATE_VIOLENCIA_SEXUAL_INAFNTIL.mp3,SIM,BOLETIM,H:\Meu Drive\02_PRODUCAO/BOLETINS
G:\Meu Drive\2026 (1)\05 - MAI - 26\15 05\BOLETIM_RADIO_TJRN_15_05_2026_B4_NOVA_VERSAO_NUPERJ.mp3,SIM,BOLETIM,H:\Meu Drive\02_PRODUCAO/BOLETINS
G:\Meu Drive\2026 (1)\05 - MAI - 26\15 05\BOLETIM_RADIO_TJRN_15_05_2026_B1_FALHA_PROCEDIMENTO_MEDICO.mp3,SIM,BOLETIM,H:\Meu Drive\02_PRODUCAO/BOLETINS
G:\Meu Drive\2026 (1)\05 - MAI - 26\15 05\BOLETIM_RADIO_TJRN_15_05_2026_B3_GOLPE_VAZAMENTO_DADOS.mp3,SIM,BOLETIM,H:\Meu Drive\02_PRODUCAO/BOLETINS
G:\Meu Drive\2026 (1)\05 - MAI - 26\15 05\desktop.ini,NÃO,-,G:\Meu Drive\Arquivos_Pessoais_Para_Verificacao\Outros
G:\Meu Drive\2026 (1)\05 - MAI - 26\12 05\BOLETIM_RADIO_TJRN_12_05_2026_B6_TJRN_SERVIDOR_SOFRE_ASSEDIO.mp3,SIM,BOLETIM,H:\Meu Drive\02_PRODUCAO/BOLETINS
G:\Meu Drive\2026 (1)\05 - MAI - 26\12 05\BOLETIM_RADIO_TJRN_12_05_2026_B4_TJRN_VARA_EXECUCAO_FISCAL_RESULTADO_ESTAGIO_.mp3,SIM,BOLETIM,H:\Meu Drive\02_PRODUCAO/BOLETINS
G:\Meu Drive\2026 (1)\05 - MAI - 26\12 05\BOLETIM_RADIO_TJRN_12_05_2026_B5_TJRN_FALHA_SERVICO_RASTREAMENTO.mp3,SIM,BOLETIM,H:\Meu Drive\02_PRODUCAO/BOLETINS
G:\Meu Drive\2026 (1)\05 - MAI - 26\12 05\BOLETIM_RADIO_TJRN_12_05_2026_B2_TJRN_EMPRESA_RESTABELECE_AGUA_.mp3,SIM,BOLETIM,H:\Meu Drive\02_PRODUCAO/BOLETINS
G:\Meu Drive\2026 (1)\05 - MAI - 26\12 05\BOLETIM_RADIO_TJRN_12_05_2026_B1_TJRN_NUCLEO_APOIO_ESTAGIO.mp3,SIM,BOLETIM,H:\Meu Drive\02_PRODUCAO/BOLETINS
G:\Meu Drive\2026 (1)\05 - MAI - 26\12 05\BOLETIM_RADIO_TJRN_12_05_2026_B9_TJRN_PLANO_SAUDE_CONDENADO.mp3,SIM,BOLETIM,H:\Meu Drive\02_PRODUCAO/BOLETINS
G:\Meu Drive\2026 (1)\05 - MAI - 26\12 05\textos 12 05.gdoc,SIM,DESCONHECIDO,H:\Meu Drive\01_ROTEIROS/DESCONHECIDOS
G:\Meu Drive\2026 (1)\05 - MAI - 26\12 05\BOLETIM_RADIO_TJRN_12_05_2026_B10_TJRN_RESULTADO_PRELIMINAR_ENAM_.mp3,SIM,BOLETIM,H:\Meu Drive\02_PRODUCAO/BOLETINS
G:\Meu Drive\2026 (1)\05 - MAI - 26\12 05\BOLETIM_RADIO_TJRN_12_05_2026_B8_TJRN_DETERMINA_INDISPONIBILIDADE_LOTES.mp3,SIM,BOLETIM,H:\Meu Drive\02_PRODUCAO/BOLETINS
G:\Meu Drive\2026 (1)\05 - MAI - 26\12 05\BOLETIM_RADIO_TJRN_12_05_2026_B7_TJRN_PARELHAS_INDENIZACAO_PACIENTE_.mp3,SIM,BOLETIM,H:\Meu Drive\02_PRODUCAO/BOLETINS
G:\Meu Drive\2026 (1)\05 - MAI - 26\12 05\BOLETIM_RADIO_TJRN_12_05_2026_B3_TJRN_PLATAFORMA_COLABORATIVA_PROMPTS.mp3,SIM,BOLETIM,H:\Meu Drive\02_PRODUCAO/BOLETINS
G:\Meu Drive\2026 (1)\05 - MAI - 26\12 05\desktop.ini,NÃO,-,G:\Meu Drive\Arquivos_Pessoais_Para_Verificacao\Outros
G:\Meu Drive\2026 (1)\05 - MAI - 26\05 05\BOLETIM_RADIO_TJRN_05_05_2026_B2_POLICIAL_MILITAR_CONDENADO_TRIBUNAL_JURI.mp3,SIM,BOLETIM,H:\Meu Drive\02_PRODUCAO/BOLETINS
G:\Meu Drive\2026 (1)\05 - MAI - 26\05 05\BOLETIM_RADIO_TJRN_05_05_2026_B3_INDENIZACAO_ALAGAMENTO_CHUVAS.mp3,SIM,BOLETIM,H:\Meu Drive\02_PRODUCAO/BOLETINS
G:\Meu Drive\2026 (1)\05 - MAI - 26\05 05\BOLETIM_RADIO_TJRN_05_05_2026_B4_CONDENACAO_ENTREGA_ERRADA.mp3,SIM,BOLETIM,H:\Meu Drive\02_PRODUCAO/BOLETINS
G:\Meu Drive\2026 (1)\05 - MAI - 26\05 05\BOLETIM_RADIO_TJRN_05_05_2026_B6_DADOS_PORTAL_TRANSPARENCIA.mp3,SIM,BOLETIM,H:\Meu Drive\02_PRODUCAO/BOLETINS
G:\Meu Drive\2026 (1)\05 - MAI - 26\05 05\BOLETIM_RADIO_TJRN_05_05_2026_B5_CONDENACAO_NEGATIVACAO_INDEVIDA.mp3,SIM,BOLETIM,H:\Meu Drive\02_PRODUCAO/BOLETINS
G:\Meu Drive\2026 (1)\05 - MAI - 26\05 05\textos 05 05.gdoc,SIM,DESCONHECIDO,H:\Meu Drive\01_ROTEIROS/DESCONHECIDOS
G:\Meu Drive\2026 (1)\05 - MAI - 26\05 05\BOLETIM_RADIO_TJRN_05_05_2026_B1_ETAPA_HETEROIDENTIFICACAO_ENAM.mp3,SIM,BOLETIM,H:\Meu Drive\02_PRODUCAO/BOLETINS
G:\Meu Drive\2026 (1)\05 - MAI - 26\05 05\BOLETIM_RADIO_TJRN_05_05_2026_B8_MES_INFANCIA_PROTEGIDA.mp3,SIM,BOLETIM,H:\Meu Drive\02_PRODUCAO/BOLETINS
G:\Meu Drive\2026 (1)\05 - MAI - 26\05 05\BOLETIM_RADIO_TJRN_05_05_2026_B7_LITIGANCIA_MA_FE.mp3,SIM,BOLETIM,H:\Meu Drive\02_PRODUCAO/BOLETINS
G:\Meu Drive\2026 (1)\05 - MAI - 26\05 05\BOLETIM_RADIO_TJRN_05_05_2026_B9_BATE_PAPO_RACISMO_ASSU.mp3,SIM,BOLETIM,H:\Meu Drive\02_PRODUCAO/BOLETINS
G:\Meu Drive\2026 (1)\05 - MAI - 26\05 05\BOLETIM_RADIO_TJRN_05_05_2026_B10_VISITA_UNIVERSITARIOS_TJRN.mp3,SIM,BOLETIM,H:\Meu Drive\02_PRODUCAO/BOLETINS
G:\Meu Drive\2026 (1)\05 - MAI - 26\05 05\desktop.ini,NÃO,-,G:\Meu Drive\Arquivos_Pessoais_Para_Verificacao\Outros
G:\Meu Drive\2026 (1)\05 - MAI - 26\07 05\BOLETIM_RADIO_TJRN_07_05_2026_B7_EBOOK_SOCIOEDUCACAO.mp3,SIM,BOLETIM,H:\Meu Drive\02_PRODUCAO/BOLETINS
G:\Meu Drive\2026 (1)\05 - MAI - 26\07 05\BOLETIM_RADIO_TJRN_07_05_2026_B2_JURI_ACUSADO_DISPARO_BRIGAS.mp3,SIM,BOLETIM,H:\Meu Drive\02_PRODUCAO/BOLETINS
G:\Meu Drive\2026 (1)\05 - MAI - 26\07 05\BOLETIM_RADIO_TJRN_07_05_2026_B9_MPRN_RECOMENDACAO_CORRECAO_PRISIONAL_FEMININO_.mp3,SIM,BOLETIM,H:\Meu Drive\02_PRODUCAO/BOLETINS
G:\Meu Drive\2026 (1)\05 - MAI - 26\07 05\BOLETIM_RADIO_TJRN_07_05_2026_B1_INDENIZACAO_PROFESSORA_REMUNERACAO.mp3,SIM,BOLETIM,H:\Meu Drive\02_PRODUCAO/BOLETINS
G:\Meu Drive\2026 (1)\05 - MAI - 26\07 05\BOLETIM_RADIO_TJRN_07_05_2026_B3_ENFERMIDADE_ADVOGADO.mp3,SIM,BOLETIM,H:\Meu Drive\02_PRODUCAO/BOLETINS
G:\Meu Drive\2026 (1)\05 - MAI - 26\07 05\textos 07 05.gdoc,SIM,DESCONHECIDO,H:\Meu Drive\01_ROTEIROS/DESCONHECIDOS
G:\Meu Drive\2026 (1)\05 - MAI - 26\07 05\BOLETIM_RADIO_TJRN_07_05_2026_B6_IRREGULARIDADES_MATADOURO.mp3,SIM,BOLETIM,H:\Meu Drive\02_PRODUCAO/BOLETINS
G:\Meu Drive\2026 (1)\05 - MAI - 26\07 05\BOLETIM_RADIO_TJRN_07_05_2026_B4_INDENIZACAO_DEFEITO_CELULAR.mp3,SIM,BOLETIM,H:\Meu Drive\02_PRODUCAO/BOLETINS
G:\Meu Drive\2026 (1)\05 - MAI - 26\07 05\BOLETIM_RADIO_TJRN_07_05_2026_B10_MPRN_ACOES_CONTROLE_ANIMAIS_.mp3,SIM,BOLETIM,H:\Meu Drive\02_PRODUCAO/BOLETINS
G:\Meu Drive\2026 (1)\05 - MAI - 26\07 05\BOLETIM_RADIO_TJRN_07_05_2026_B5_CONDENACAO_TRAFICO_E_ARMAS.mp3,SIM,BOLETIM,H:\Meu Drive\02_PRODUCAO/BOLETINS
G:\Meu Drive\2026 (1)\05 - MAI - 26\07 05\BOLETIM_RADIO_TJRN_07_05_2026_B8_ASSEDIO_AMBIENTE_TRABALHO.mp3,SIM,BOLETIM,H:\Meu Drive\02_PRODUCAO/BOLETINS
G:\Meu Drive\2026 (1)\05 - MAI - 26\07 05\desktop.ini,NÃO,-,G:\Meu Drive\Arquivos_Pessoais_Para_Verificacao\Outros
G:\Meu Drive\2026 (1)\05 - MAI - 26\11 05\BOLETIM_RADIO_TJRN_11_05_2026_B2_TJRN_FORTALECE_PRESERVACAO_JUSTICA_.mp3,SIM,BOLETIM,H:\Meu Drive\02_PRODUCAO/BOLETINS
G:\Meu Drive\2026 (1)\05 - MAI - 26\11 05\textos 11 05.gdoc,SIM,DESCONHECIDO,H:\Meu Drive\01_ROTEIROS/DESCONHECIDOS
G:\Meu Drive\2026 (1)\05 - MAI - 26\11 05\BOLETIM_RADIO_TJRN_11_05_2026_B3_TJRN_CEARA_MIRIM_ESTAGIO.mp3,SIM,BOLETIM,H:\Meu Drive\02_PRODUCAO/BOLETINS
G:\Meu Drive\2026 (1)\05 - MAI - 26\11 05\BOLETIM_RADIO_TJRN_11_05_2026_B7_TJRN_CANGUARETAMA_ESTAGIO_POS.mp3,SIM,BOLETIM,H:\Meu Drive\02_PRODUCAO/BOLETINS
G:\Meu Drive\2026 (1)\05 - MAI - 26\11 05\BOLETIM_RADIO_TJRN_11_05_2026_B4_TJRN_RECONHECE_FRAUDE_TRANSACOES_DIGITAIS.mp3,SIM,BOLETIM,H:\Meu Drive\02_PRODUCAO/BOLETINS
G:\Meu Drive\2026 (1)\05 - MAI - 26\11 05\BOLETIM_RADIO_TJRN_11_05_2026_B5_TJRN_AREIA_BRANCA_SELECAO_PROJETOS_.mp3,SIM,BOLETIM,H:\Meu Drive\02_PRODUCAO/BOLETINS
G:\Meu Drive\2026 (1)\05 - MAI - 26\11 05\BOLETIM_RADIO_TJRN_11_05_2026_B6_TJRN_COSERN_INDENIZADA_.mp3,SIM,BOLETIM,H:\Meu Drive\02_PRODUCAO/BOLETINS
G:\Meu Drive\2026 (1)\05 - MAI - 26\11 05\BOLETIM_RADIO_TJRN_11_05_2026_B10_MPRN_RECOMENDA_CONTRATACAO_AMBULATORIO_.mp3,SIM,BOLETIM,H:\Meu Drive\02_PRODUCAO/BOLETINS
G:\Meu Drive\2026 (1)\05 - MAI - 26\11 05\BOLETIM_RADIO_TJRN_11_05_2026_B9_OABRN_EXCLUSAO_ADVOGADA_.mp3,SIM,BOLETIM,H:\Meu Drive\02_PRODUCAO/BOLETINS
G:\Meu Drive\2026 (1)\05 - MAI - 26\11 05\BOLETIM_RADIO_TJRN_11_05_2026_B1_TRE_RN_ATENDIMENTOS_AGENDADOS_.mp3,SIM,BOLETIM,H:\Meu Drive\02_PRODUCAO/BOLETINS
G:\Meu Drive\2026 (1)\05 - MAI - 26\11 05\BOLETIM_RADIO_TJRN_11_05_2026_B8_TJRN_CONDENA_EMPRESA_ONIBUS_.mp3,SIM,BOLETIM,H:\Meu Drive\02_PRODUCAO/BOLETINS
G:\Meu Drive\2026 (1)\05 - MAI - 26\11 05\desktop.ini,NÃO,-,G:\Meu Drive\Arquivos_Pessoais_Para_Verificacao\Outros
G:\Meu Drive\2026 (1)\05 - MAI - 26\04 05\BOLETIM_RADIO_TJRN_04_05_2026_B6_MAIO_TECNOLOGICO.mp3,SIM,BOLETIM,H:\Meu Drive\02_PRODUCAO/BOLETINS
G:\Meu Drive\2026 (1)\05 - MAI - 26\04 05\BOLETIM_RADIO_TJRN_04_05_2026_B7_IPTU_NATAL_TAXA_SELIC.mp3,SIM,BOLETIM,H:\Meu Drive\02_PRODUCAO/BOLETINS
G:\Meu Drive\2026 (1)\05 - MAI - 26\04 05\BOLETIM_RADIO_TJRN_04_05_2026_B1_TJRN_VISITA_ALUNOS_UFRN_.mp3,SIM,BOLETIM,H:\Meu Drive\02_PRODUCAO/BOLETINS
G:\Meu Drive\2026 (1)\05 - MAI - 26\04 05\BOLETIM_RADIO_TJRN_04_05_2026_B5_RESTITUICAO_FALHA_PRODUTO.mp3,SIM,BOLETIM,H:\Meu Drive\02_PRODUCAO/BOLETINS
G:\Meu Drive\2026 (1)\05 - MAI - 26\04 05\BOLETIM_RADIO_TJRN_04_05_2026_B9_SEMANA_COMBATE_ASSEDIO.mp3,SIM,BOLETIM,H:\Meu Drive\02_PRODUCAO/BOLETINS
G:\Meu Drive\2026 (1)\05 - MAI - 26\04 05\BOLETIM_RADIO_TJRN_04_05_2026_B8_CONCENTRACAO_EXECUCAO_PENAL_RN.mp3,SIM,BOLETIM,H:\Meu Drive\02_PRODUCAO/BOLETINS
G:\Meu Drive\2026 (1)\05 - MAI - 26\04 05\BOLETIM_RADIO_TJRN_04_05_2026_B10_ESTAGIO_POS_VICE_PRESIDENCIA.mp3,SIM,BOLETIM,H:\Meu Drive\02_PRODUCAO/BOLETINS
G:\Meu Drive\2026 (1)\05 - MAI - 26\04 05\BOLETIM_RADIO_TJRN_04_05_2026_B3_TJRN_INVESTE_GOVERNANCA.mp3,SIM,BOLETIM,H:\Meu Drive\02_PRODUCAO/BOLETINS
G:\Meu Drive\2026 (1)\05 - MAI - 26\04 05\BOLETIM_RADIO_TJRN_04_05_2026_B2_TJRN_JURI_ACUSADO_MATAR_PERSONAL_.mp3,SIM,BOLETIM,H:\Meu Drive\02_PRODUCAO/BOLETINS
G:\Meu Drive\2026 (1)\05 - MAI - 26\04 05\textos 04 05.gdoc,SIM,DESCONHECIDO,H:\Meu Drive\01_ROTEIROS/DESCONHECIDOS
G:\Meu Drive\2026 (1)\05 - MAI - 26\04 05\BOLETIM_RADIO_TJRN_04_05_2026_B4_TJRN_CONDUZ_MEDIACAO_.mp3,SIM,BOLETIM,H:\Meu Drive\02_PRODUCAO/BOLETINS
G:\Meu Drive\2026 (1)\05 - MAI - 26\04 05\desktop.ini,NÃO,-,G:\Meu Drive\Arquivos_Pessoais_Para_Verificacao\Outros
G:\Meu Drive\2026 (1)\05 - MAI - 26\13 05\BOLETIM_RADIO_TJRN_13_05_2026_B1_INDENIZACAO_DEBITO_IPTU.mp3,SIM,BOLETIM,H:\Meu Drive\02_PRODUCAO/BOLETINS
G:\Meu Drive\2026 (1)\05 - MAI - 26\13 05\BOLETIM_RADIO_TJRN_13_05_2026_B9_TJ_ACADEMICO.mp3,SIM,BOLETIM,H:\Meu Drive\02_PRODUCAO/BOLETINS
G:\Meu Drive\2026 (1)\05 - MAI - 26\13 05\BOLETIM_RADIO_TJRN_13_05_2026_B6_PESQUISA_VIOLENCIA_DOMESTICA_RN.mp3,SIM,BOLETIM,H:\Meu Drive\02_PRODUCAO/BOLETINS
G:\Meu Drive\2026 (1)\05 - MAI - 26\13 05\BOLETIM_RADIO_TJRN_13_05_2026_B2_FATURAMENTO_CONTA_ENERGIA.mp3,SIM,BOLETIM,H:\Meu Drive\02_PRODUCAO/BOLETINS
G:\Meu Drive\2026 (1)\05 - MAI - 26\13 05\BOLETIM_RADIO_TJRN_13_05_2026_B3_EMPRESA_TRANSPORTE_CONDENADA_QUEDA_IDOSA.mp3,SIM,BOLETIM,H:\Meu Drive\02_PRODUCAO/BOLETINS
G:\Meu Drive\2026 (1)\05 - MAI - 26\13 05\BOLETIM_RADIO_TJRN_13_05_2026_B5_SEMANA_ESTADUAL_ADOCAO.mp3,SIM,BOLETIM,H:\Meu Drive\02_PRODUCAO/BOLETINS
G:\Meu Drive\2026 (1)\05 - MAI - 26\13 05\BOLETIM_RADIO_TJRN_13_05_2026_B7_PROJETO_EXPRESSO_MOSSORO.mp3,SIM,BOLETIM,H:\Meu Drive\02_PRODUCAO/BOLETINS
G:\Meu Drive\2026 (1)\05 - MAI - 26\13 05\BOLETIM_RADIO_TJRN_13_05_2026_B8_ENCONTRO_NACIONAL_PECUNIARIAS.mp3,SIM,BOLETIM,H:\Meu Drive\02_PRODUCAO/BOLETINS
G:\Meu Drive\2026 (1)\05 - MAI - 26\13 05\BOLETIM_RADIO_TJRN_13_05_2026_B10_FRAUDE_FAST_FOOD.mp3,SIM,BOLETIM,H:\Meu Drive\02_PRODUCAO/BOLETINS
G:\Meu Drive\2026 (1)\05 - MAI - 26\13 05\BOLETIM_RADIO_TJRN_13_05_2026_B4_ISENCAO_IPVA_DEFICIENCIA_VISUAL.mp3,SIM,BOLETIM,H:\Meu Drive\02_PRODUCAO/BOLETINS
G:\Meu Drive\2026 (1)\05 - MAI - 26\13 05\desktop.ini,NÃO,-,G:\Meu Drive\Arquivos_Pessoais_Para_Verificacao\Outros
G:\Meu Drive\2026 (1)\05 - MAI - 26\06 05\BOLETIM_RADIO_TJRN_06_05_2026_B5_TEMPO_MINIMO_CARTEIRA_ESTUDANTES.mp3,SIM,BOLETIM,H:\Meu Drive\02_PRODUCAO/BOLETINS
G:\Meu Drive\2026 (1)\05 - MAI - 26\06 05\BOLETIM_RADIO_TJRN_06_05_2026_B8_PROCURADORIA_MULHER_PARNAMIRIM.mp3,SIM,BOLETIM,H:\Meu Drive\02_PRODUCAO/BOLETINS
G:\Meu Drive\2026 (1)\05 - MAI - 26\06 05\BOLETIM_RADIO_TJRN_06_05_2026_B1_RESTRICAO_MATERIAL_CIRURGICO.mp3,SIM,BOLETIM,H:\Meu Drive\02_PRODUCAO/BOLETINS
G:\Meu Drive\2026 (1)\05 - MAI - 26\06 05\BOLETIM_RADIO_TJRN_06_05_2026_B9_MPRN_RECOMENDA_RECONSTRUCAO_RUAS.mp3,SIM,BOLETIM,H:\Meu Drive\02_PRODUCAO/BOLETINS
G:\Meu Drive\2026 (1)\05 - MAI - 26\06 05\BOLETIM_RADIO_TJRN_06_05_2026_B2_AGRESSAO_SEGURANCA_DUPLA_SERTANEJA.mp3,SIM,BOLETIM,H:\Meu Drive\02_PRODUCAO/BOLETINS
G:\Meu Drive\2026 (1)\05 - MAI - 26\06 05\BOLETIM_RADIO_TJRN_06_05_2026_B6_ENCONTRO_NACIONAL_SERIDO.mp3,SIM,BOLETIM,H:\Meu Drive\02_PRODUCAO/BOLETINS
G:\Meu Drive\2026 (1)\05 - MAI - 26\06 05\BOLETIM_RADIO_TJRN_06_05_2026_B7_TABELIAO_ALMINO_AFONSO.mp3,SIM,BOLETIM,H:\Meu Drive\02_PRODUCAO/BOLETINS
G:\Meu Drive\2026 (1)\05 - MAI - 26\06 05\BOLETIM_RADIO_TJRN_06_05_2026_B3_PENA_REDEFINIDA_TRAFICO.mp3,SIM,BOLETIM,H:\Meu Drive\02_PRODUCAO/BOLETINS
G:\Meu Drive\2026 (1)\05 - MAI - 26\06 05\textos 06 05.gdoc,SIM,DESCONHECIDO,H:\Meu Drive\01_ROTEIROS/DESCONHECIDOS
G:\Meu Drive\2026 (1)\05 - MAI - 26\06 05\BOLETIM_RADIO_TJRN_06_05_2026_B4_CONDENACAO_REDE_SOCIAL_DESATIVADA.mp3,SIM,BOLETIM,H:\Meu Drive\02_PRODUCAO/BOLETINS
G:\Meu Drive\2026 (1)\05 - MAI - 26\06 05\BOLETIM_RADIO_TJRN_06_05_2026_B10_DPERN_IDOSA_DEFICIENCIA_VISUAL_.mp3,SIM,BOLETIM,H:\Meu Drive\02_PRODUCAO/BOLETINS
G:\Meu Drive\2026 (1)\05 - MAI - 26\06 05\desktop.ini,NÃO,-,G:\Meu Drive\Arquivos_Pessoais_Para_Verificacao\Outros
G:\Meu Drive\2026 (1)\05 - MAI - 26\14 05 - QUI\B3-  RESSARCIMENTO CONSERTO VEÍCULO.gdoc,SIM,DESCONHECIDO,H:\Meu Drive\01_ROTEIROS/DESCONHECIDOS
G:\Meu Drive\2026 (1)\05 - MAI - 26\14 05 - QUI\B10- TRT RN RECEBEU 600 MIL CASOS.gdoc,SIM,DESCONHECIDO,H:\Meu Drive\01_ROTEIROS/DESCONHECIDOS
G:\Meu Drive\2026 (1)\05 - MAI - 26\14 05 - QUI\B7-  ESTÁGIO EXECUÇÃO TRIBUTÁRIA.gdoc,SIM,DESCONHECIDO,H:\Meu Drive\01_ROTEIROS/DESCONHECIDOS
G:\Meu Drive\2026 (1)\05 - MAI - 26\14 05 - QUI\B6-  RESPONSÁVEL INTERINO MESSIAS TARGINO.gdoc,SIM,DESCONHECIDO,H:\Meu Drive\01_ROTEIROS/DESCONHECIDOS
G:\Meu Drive\2026 (1)\05 - MAI - 26\14 05 - QUI\B1-  LINHA TRANSMISSÃO CEARÁ-MIRIM.gdoc,SIM,DESCONHECIDO,H:\Meu Drive\01_ROTEIROS/DESCONHECIDOS
G:\Meu Drive\2026 (1)\05 - MAI - 26\14 05 - QUI\B8-  MPRN MUDANÇAS CONCURSO EXTREMOZ.gdoc,SIM,DESCONHECIDO,H:\Meu Drive\01_ROTEIROS/DESCONHECIDOS
G:\Meu Drive\2026 (1)\05 - MAI - 26\14 05 - QUI\B9-  ACORDO DADOS CRIMINAIS.gdoc,SIM,DESCONHECIDO,H:\Meu Drive\01_ROTEIROS/DESCONHECIDOS
G:\Meu Drive\2026 (1)\05 - MAI - 26\14 05 - QUI\B5-  INDENIZAÇÃO PERDA VOO.gdoc,SIM,DESCONHECIDO,H:\Meu Drive\01_ROTEIROS/DESCONHECIDOS
G:\Meu Drive\2026 (1)\05 - MAI - 26\14 05 - QUI\B4-  MUTIRÃO PROCESSOS ASSÉDIO.gdoc,SIM,DESCONHECIDO,H:\Meu Drive\01_ROTEIROS/DESCONHECIDOS
G:\Meu Drive\2026 (1)\05 - MAI - 26\14 05 - QUI\B2-  FRAUDE VENDA CELULAR.gdoc,SIM,DESCONHECIDO,H:\Meu Drive\01_ROTEIROS/DESCONHECIDOS
G:\Meu Drive\2026 (1)\05 - MAI - 26\14 05 - QUI\desktop.ini,NÃO,-,G:\Meu Drive\Arquivos_Pessoais_Para_Verificacao\Outros
G:\Meu Drive\2026 (1)\05 - MAI - 26\18 05 - SEG\B10- DPERN PROCESSO SELETIVO EXTREMOZ.gdoc,SIM,DESCONHECIDO,H:\Meu Drive\01_ROTEIROS/DESCONHECIDOS
G:\Meu Drive\2026 (1)\05 - MAI - 26\18 05 - SEG\B9- TRE RN ELEIÇÕES PREFEITOS.gdoc,SIM,DESCONHECIDO,H:\Meu Drive\01_ROTEIROS/DESCONHECIDOS
G:\Meu Drive\2026 (1)\05 - MAI - 26\18 05 - SEG\B6- FALHA COBERTURA OFTALMOLÓGICA.gdoc,SIM,DESCONHECIDO,H:\Meu Drive\01_ROTEIROS/DESCONHECIDOS
G:\Meu Drive\2026 (1)\05 - MAI - 26\18 05 - SEG\B7- ALUNO AGREDIDO INDENIZAÇÃO.gdoc,SIM,DESCONHECIDO,H:\Meu Drive\01_ROTEIROS/DESCONHECIDOS
G:\Meu Drive\2026 (1)\05 - MAI - 26\18 05 - SEG\B4- INDENIZAÇÃO FURTO MOTOCICLETA.gdoc,SIM,DESCONHECIDO,H:\Meu Drive\01_ROTEIROS/DESCONHECIDOS
G:\Meu Drive\2026 (1)\05 - MAI - 26\18 05 - SEG\B5- CUSTEIO CIRURGIA PRÓTESE MAMÁRIA.gdoc,SIM,DESCONHECIDO,H:\Meu Drive\01_ROTEIROS/DESCONHECIDOS
G:\Meu Drive\2026 (1)\05 - MAI - 26\18 05 - SEG\B1- OBRIGATORIEDADE AUTENTICAÇÃO MULTIFATOR.gdoc,SIM,DESCONHECIDO,H:\Meu Drive\01_ROTEIROS/DESCONHECIDOS
G:\Meu Drive\2026 (1)\05 - MAI - 26\18 05 - SEG\B8- MODERNIZAÇÃO REDE CORPORATIVA.gdoc,SIM,DESCONHECIDO,H:\Meu Drive\01_ROTEIROS/DESCONHECIDOS
G:\Meu Drive\2026 (1)\05 - MAI - 26\18 05 - SEG\B2- MEMBRO SUPLENTE JURISTA.gdoc,SIM,DESCONHECIDO,H:\Meu Drive\01_ROTEIROS/DESCONHECIDOS
G:\Meu Drive\2026 (1)\05 - MAI - 26\18 05 - SEG\B3- CONDENAÇÃO COMPANHIA AÉREA ATRASO.gdoc,SIM,DESCONHECIDO,H:\Meu Drive\01_ROTEIROS/DESCONHECIDOS
G:\Meu Drive\2026 (1)\05 - MAI - 26\18 05 - SEG\desktop.ini,NÃO,-,G:\Meu Drive\Arquivos_Pessoais_Para_Verificacao\Outros
G:\Meu Drive\2026 (1)\05 - MAI - 26\19 05 - TER\B5- TJRN RECONHECE FALHA REDE SOCIAL .gdoc,SIM,DESCONHECIDO,H:\Meu Drive\01_ROTEIROS/DESCONHECIDOS
G:\Meu Drive\2026 (1)\05 - MAI - 26\19 05 - TER\B8- TJRN IDOSO INDENIZADO DISPOSITIVO COM DEFEITO .gdoc,SIM,DESCONHECIDO,H:\Meu Drive\01_ROTEIROS/DESCONHECIDOS
G:\Meu Drive\2026 (1)\05 - MAI - 26\19 05 - TER\B7- TJRN JULGADO RECURSO ACUSADO ESTELIONATO .gdoc,SIM,DESCONHECIDO,H:\Meu Drive\01_ROTEIROS/DESCONHECIDOS
G:\Meu Drive\2026 (1)\05 - MAI - 26\19 05 - TER\B6- TJRN MANTIDO JÚRI ACUSADO HOMICÍDIO .gdoc,SIM,DESCONHECIDO,H:\Meu Drive\01_ROTEIROS/DESCONHECIDOS
G:\Meu Drive\2026 (1)\05 - MAI - 26\19 05 - TER\B3- TJRN JUSTIÇ@RN.gdoc,SIM,DESCONHECIDO,H:\Meu Drive\01_ROTEIROS/DESCONHECIDOS
G:\Meu Drive\2026 (1)\05 - MAI - 26\19 05 - TER\B4- TJRN NEGA AÇÃO POPULAR VEREADOR .gdoc,SIM,DESCONHECIDO,H:\Meu Drive\01_ROTEIROS/DESCONHECIDOS
G:\Meu Drive\2026 (1)\05 - MAI - 26\19 05 - TER\B10- TJRN PROJETO GERENCIAMENTO EVIDÊNCIA DIGITAIS .gdoc,SIM,DESCONHECIDO,H:\Meu Drive\01_ROTEIROS/DESCONHECIDOS
G:\Meu Drive\2026 (1)\05 - MAI - 26\19 05 - TER\B2- TJRN ETAPA PRESENCIAL HETEROIDENTIFICAÇÃO .gdoc,SIM,DESCONHECIDO,H:\Meu Drive\01_ROTEIROS/DESCONHECIDOS
G:\Meu Drive\2026 (1)\05 - MAI - 26\19 05 - TER\B9- TJRN VARA CIVEL PARNAMIRIM SELEÇÃO .gdoc,SIM,DESCONHECIDO,H:\Meu Drive\01_ROTEIROS/DESCONHECIDOS
G:\Meu Drive\2026 (1)\05 - MAI - 26\19 05 - TER\B1- TJRN COMISSÃO RESULTADO FINAL ENAM .gdoc,SIM,DESCONHECIDO,H:\Meu Drive\01_ROTEIROS/DESCONHECIDOS
G:\Meu Drive\2026 (1)\05 - MAI - 26\19 05 - TER\desktop.ini,NÃO,-,G:\Meu Drive\Arquivos_Pessoais_Para_Verificacao\Outros
G:\Meu Drive\2026 (1)\05 - MAI - 26\07 05 - QUI\B10- MPRN AÇÕES CONTROLE ANIMAIS .gdoc,SIM,DESCONHECIDO,H:\Meu Drive\01_ROTEIROS/DESCONHECIDOS
G:\Meu Drive\2026 (1)\05 - MAI - 26\07 05 - QUI\B9- MPRN RECOMENDAÇÃO CORREÇÃO PRISIONAL FEMININO .gdoc,SIM,DESCONHECIDO,H:\Meu Drive\01_ROTEIROS/DESCONHECIDOS
G:\Meu Drive\2026 (1)\05 - MAI - 26\07 05 - QUI\B6- IRREGULARIDADES MATADOURO.gdoc,SIM,DESCONHECIDO,H:\Meu Drive\01_ROTEIROS/DESCONHECIDOS
G:\Meu Drive\2026 (1)\05 - MAI - 26\07 05 - QUI\B3- ENFERMIDADE ADVOGADO.gdoc,SIM,DESCONHECIDO,H:\Meu Drive\01_ROTEIROS/DESCONHECIDOS
G:\Meu Drive\2026 (1)\05 - MAI - 26\07 05 - QUI\B2- JURI ACUSADO DISPARO BRIGAS.gdoc,SIM,DESCONHECIDO,H:\Meu Drive\01_ROTEIROS/DESCONHECIDOS
G:\Meu Drive\2026 (1)\05 - MAI - 26\07 05 - QUI\B7- EBOOK SOCIOEDUCAÇÃO.gdoc,SIM,DESCONHECIDO,H:\Meu Drive\01_ROTEIROS/DESCONHECIDOS
G:\Meu Drive\2026 (1)\05 - MAI - 26\07 05 - QUI\B8- ASSÉDIO AMBIENTE TRABALHO.gdoc,SIM,DESCONHECIDO,H:\Meu Drive\01_ROTEIROS/DESCONHECIDOS
G:\Meu Drive\2026 (1)\05 - MAI - 26\07 05 - QUI\B4- INDENIZAÇÃO DEFEITO CELULAR.gdoc,SIM,DESCONHECIDO,H:\Meu Drive\01_ROTEIROS/DESCONHECIDOS
G:\Meu Drive\2026 (1)\05 - MAI - 26\07 05 - QUI\B5- CONDENAÇÃO TRÁFICO E ARMAS.gdoc,SIM,DESCONHECIDO,H:\Meu Drive\01_ROTEIROS/DESCONHECIDOS
G:\Meu Drive\2026 (1)\05 - MAI - 26\07 05 - QUI\B1-INDENIZAÇÃO PROFESSORA REMUNERAÇÃO.gdoc,SIM,DESCONHECIDO,H:\Meu Drive\01_ROTEIROS/DESCONHECIDOS
G:\Meu Drive\2026 (1)\05 - MAI - 26\07 05 - QUI\desktop.ini,NÃO,-,G:\Meu Drive\Arquivos_Pessoais_Para_Verificacao\Outros
G:\Meu Drive\2026 (1)\05 - MAI - 26\08 05\BOLETIM_RADIO_TJRN_08_05_2026_B1_INDENIZACAO_TAXAS_INDEVIDAS.mp3,SIM,BOLETIM,H:\Meu Drive\02_PRODUCAO/BOLETINS
G:\Meu Drive\2026 (1)\05 - MAI - 26\08 05\BOLETIM_RADIO_TJRN_08_05_2026_B5_FISCALIZACAO_CONDOMINIO.mp3,SIM,BOLETIM,H:\Meu Drive\02_PRODUCAO/BOLETINS
G:\Meu Drive\2026 (1)\05 - MAI - 26\08 05\BOLETIM_RADIO_TJRN_08_05_2026_B2_USO_INDEVIDO_JAZIGO.mp3,SIM,BOLETIM,H:\Meu Drive\02_PRODUCAO/BOLETINS
G:\Meu Drive\2026 (1)\05 - MAI - 26\08 05\BOLETIM_RADIO_TJRN_08_05_2026_B10_TRTRN_REGISTRO_POSTO_SAUDE.mp3,SIM,BOLETIM,H:\Meu Drive\02_PRODUCAO/BOLETINS
G:\Meu Drive\2026 (1)\05 - MAI - 26\08 05\BOLETIM_RADIO_TJRN_08_05_2026_B8_TJRN_LANCA_NOVO_SISTEMA_.mp3,SIM,BOLETIM,H:\Meu Drive\02_PRODUCAO/BOLETINS
G:\Meu Drive\2026 (1)\05 - MAI - 26\08 05\BOLETIM_RADIO_TJRN_08_05_2026_B9_TJRN_CURSO_INEDITO_GESTAO_RISCOS_.mp3,SIM,BOLETIM,H:\Meu Drive\02_PRODUCAO/BOLETINS
G:\Meu Drive\2026 (1)\05 - MAI - 26\08 05\BOLETIM_RADIO_TJRN_08_05_2026_B3_COBRANCA_INDEVIDA_EMPLACAMENTO.mp3,SIM,BOLETIM,H:\Meu Drive\02_PRODUCAO/BOLETINS
G:\Meu Drive\2026 (1)\05 - MAI - 26\08 05\BOLETIM_RADIO_TJRN_08_05_2026_B7_COBRANCA_IPTU_TAXA_LIMPEZA.mp3,SIM,BOLETIM,H:\Meu Drive\02_PRODUCAO/BOLETINS
G:\Meu Drive\2026 (1)\05 - MAI - 26\08 05\textos 08 05.gdoc,SIM,DESCONHECIDO,H:\Meu Drive\01_ROTEIROS/DESCONHECIDOS
G:\Meu Drive\2026 (1)\05 - MAI - 26\08 05\BOLETIM_RADIO_TJRN_08_05_2026_B6_VIOLENCIA_DOMESTICA_MANTIDA_PRISAO.mp3,SIM,BOLETIM,H:\Meu Drive\02_PRODUCAO/BOLETINS
G:\Meu Drive\2026 (1)\05 - MAI - 26\08 05\BOLETIM_RADIO_TJRN_08_05_2026_B4_CONDENACAO_DEMORA_EXAME_URGENTE.mp3,SIM,BOLETIM,H:\Meu Drive\02_PRODUCAO/BOLETINS
G:\Meu Drive\2026 (1)\05 - MAI - 26\08 05\desktop.ini,NÃO,-,G:\Meu Drive\Arquivos_Pessoais_Para_Verificacao\Outros
G:\Meu Drive\2026 (1)\05 - MAI - 26\08 05 - SEX\B3- COBRANÇA INDEVIDA EMPLACAMENTO.gdoc,SIM,DESCONHECIDO,H:\Meu Drive\01_ROTEIROS/DESCONHECIDOS
G:\Meu Drive\2026 (1)\05 - MAI - 26\08 05 - SEX\B2- USO INDEVIDO JAZIGO.gdoc,SIM,DESCONHECIDO,H:\Meu Drive\01_ROTEIROS/DESCONHECIDOS
G:\Meu Drive\2026 (1)\05 - MAI - 26\08 05 - SEX\B10- TRT RN REGISTRO POSTO SAÚDE.gdoc,SIM,DESCONHECIDO,H:\Meu Drive\01_ROTEIROS/DESCONHECIDOS
G:\Meu Drive\2026 (1)\05 - MAI - 26\08 05 - SEX\B9- TJRN CURSO INÉDITO GESTÃO RISCOS .gdoc,SIM,DESCONHECIDO,H:\Meu Drive\01_ROTEIROS/DESCONHECIDOS
G:\Meu Drive\2026 (1)\05 - MAI - 26\08 05 - SEX\B8- TJRN LANÇA NOVO SISTEMA .gdoc,SIM,DESCONHECIDO,H:\Meu Drive\01_ROTEIROS/DESCONHECIDOS
G:\Meu Drive\2026 (1)\05 - MAI - 26\08 05 - SEX\B7- COBRANÇA IPTU TAXA LIMPEZA.gdoc,SIM,DESCONHECIDO,H:\Meu Drive\01_ROTEIROS/DESCONHECIDOS
G:\Meu Drive\2026 (1)\05 - MAI - 26\08 05 - SEX\B5- FISCALIZAÇÃO CONDOMÍNIO.gdoc,SIM,DESCONHECIDO,H:\Meu Drive\01_ROTEIROS/DESCONHECIDOS
G:\Meu Drive\2026 (1)\05 - MAI - 26\08 05 - SEX\B6- VIOLÊNCIA DOMÉSTICA MANTIDA PRISÃO.gdoc,SIM,DESCONHECIDO,H:\Meu Drive\01_ROTEIROS/DESCONHECIDOS
G:\Meu Drive\2026 (1)\05 - MAI - 26\08 05 - SEX\B1- INDENIZAÇÃO TAXAS INDEVIDAS.gdoc,SIM,DESCONHECIDO,H:\Meu Drive\01_ROTEIROS/DESCONHECIDOS
G:\Meu Drive\2026 (1)\05 - MAI - 26\08 05 - SEX\B4- CONDENAÇÃO DEMORA EXAME URGENTE.gdoc,SIM,DESCONHECIDO,H:\Meu Drive\01_ROTEIROS/DESCONHECIDOS
G:\Meu Drive\2026 (1)\05 - MAI - 26\08 05 - SEX\desktop.ini,NÃO,-,G:\Meu Drive\Arquivos_Pessoais_Para_Verificacao\Outros
G:\Meu Drive\2026 (1)\05 - MAI - 26\05 05 - TER\B3- INDENIZAÇÃO ALAGAMENTO CHUVAS.gdoc,SIM,DESCONHECIDO,H:\Meu Drive\01_ROTEIROS/DESCONHECIDOS
G:\Meu Drive\2026 (1)\05 - MAI - 26\05 05 - TER\B5- CONDENAÇÃO NEGATIVAÇÃO INDEVIDA.gdoc,SIM,DESCONHECIDO,H:\Meu Drive\01_ROTEIROS/DESCONHECIDOS
G:\Meu Drive\2026 (1)\05 - MAI - 26\05 05 - TER\B9- BATE-PAPO RACISMO ASSÚ.gdoc,SIM,DESCONHECIDO,H:\Meu Drive\01_ROTEIROS/DESCONHECIDOS
G:\Meu Drive\2026 (1)\05 - MAI - 26\05 05 - TER\B6- DADOS PORTAL TRANSPARÊNCIA.gdoc,SIM,DESCONHECIDO,H:\Meu Drive\01_ROTEIROS/DESCONHECIDOS
G:\Meu Drive\2026 (1)\05 - MAI - 26\05 05 - TER\B8- MÊS INFÂNCIA PROTEGIDA.gdoc,SIM,DESCONHECIDO,H:\Meu Drive\01_ROTEIROS/DESCONHECIDOS
G:\Meu Drive\2026 (1)\05 - MAI - 26\05 05 - TER\B10- VISITA UNIVERSITÁRIOS TJRN.gdoc,SIM,DESCONHECIDO,H:\Meu Drive\01_ROTEIROS/DESCONHECIDOS
G:\Meu Drive\2026 (1)\05 - MAI - 26\05 05 - TER\B7- LITIGÂNCIA MÁ FÉ.gdoc,SIM,DESCONHECIDO,H:\Meu Drive\01_ROTEIROS/DESCONHECIDOS
G:\Meu Drive\2026 (1)\05 - MAI - 26\05 05 - TER\B2- POLICIAL MILITAR CONDENADO TRIBUNAL JÚRI.gdoc,SIM,DESCONHECIDO,H:\Meu Drive\01_ROTEIROS/DESCONHECIDOS
G:\Meu Drive\2026 (1)\05 - MAI - 26\05 05 - TER\B1- ETAPA HETEROIDENTIFICAÇÃO ENAM.gdoc,SIM,DESCONHECIDO,H:\Meu Drive\01_ROTEIROS/DESCONHECIDOS
G:\Meu Drive\2026 (1)\05 - MAI - 26\05 05 - TER\B4- CONDENAÇÃO ENTREGA ERRADA.gdoc,SIM,DESCONHECIDO,H:\Meu Drive\01_ROTEIROS/DESCONHECIDOS
G:\Meu Drive\2026 (1)\05 - MAI - 26\05 05 - TER\desktop.ini,NÃO,-,G:\Meu Drive\Arquivos_Pessoais_Para_Verificacao\Outros
G:\Meu Drive\2026 (1)\05 - MAI - 26\13 05 - QUA\B8-  ENCONTRO NACIONAL PECUNIÁRIAS.gdoc,SIM,DESCONHECIDO,H:\Meu Drive\01_ROTEIROS/DESCONHECIDOS
G:\Meu Drive\2026 (1)\05 - MAI - 26\13 05 - QUA\B5-  SEMANA ESTADUAL ADOÇÃO.gdoc,SIM,DESCONHECIDO,H:\Meu Drive\01_ROTEIROS/DESCONHECIDOS
G:\Meu Drive\2026 (1)\05 - MAI - 26\13 05 - QUA\B7-  PROJETO EXPRESSO MOSSORÓ.gdoc,SIM,DESCONHECIDO,H:\Meu Drive\01_ROTEIROS/DESCONHECIDOS
G:\Meu Drive\2026 (1)\05 - MAI - 26\13 05 - QUA\B6-  PESQUISA VIOLÊNCIA DOMÉSTICA RN.gdoc,SIM,DESCONHECIDO,H:\Meu Drive\01_ROTEIROS/DESCONHECIDOS
G:\Meu Drive\2026 (1)\05 - MAI - 26\13 05 - QUA\B4-  ISENÇÃO IPVA DEFICIÊNCIA VISUAL.gdoc,SIM,DESCONHECIDO,H:\Meu Drive\01_ROTEIROS/DESCONHECIDOS
G:\Meu Drive\2026 (1)\05 - MAI - 26\13 05 - QUA\B3-  EMPRESA TRANSPORTE CONDENADA QUEDA IDOSA.gdoc,SIM,DESCONHECIDO,H:\Meu Drive\01_ROTEIROS/DESCONHECIDOS
G:\Meu Drive\2026 (1)\05 - MAI - 26\13 05 - QUA\B10-  FRAUDE FAST FOOD.gdoc,SIM,DESCONHECIDO,H:\Meu Drive\01_ROTEIROS/DESCONHECIDOS
G:\Meu Drive\2026 (1)\05 - MAI - 26\13 05 - QUA\B2-  FATURAMENTO CONTA ENERGIA.gdoc,SIM,DESCONHECIDO,H:\Meu Drive\01_ROTEIROS/DESCONHECIDOS
G:\Meu Drive\2026 (1)\05 - MAI - 26\13 05 - QUA\B1-  INDENIZAÇÃO DÉBITO IPTU.gdoc,SIM,DESCONHECIDO,H:\Meu Drive\01_ROTEIROS/DESCONHECIDOS
G:\Meu Drive\2026 (1)\05 - MAI - 26\13 05 - QUA\B9-  TJ ACADÊMICO.gdoc,SIM,DESCONHECIDO,H:\Meu Drive\01_ROTEIROS/DESCONHECIDOS
G:\Meu Drive\2026 (1)\05 - MAI - 26\13 05 - QUA\desktop.ini,NÃO,-,G:\Meu Drive\Arquivos_Pessoais_Para_Verificacao\Outros
G:\Meu Drive\2026 (1)\05 - MAI - 26\15 05 - SEX\B5-  AUDIÊNCIA MEDIAÇÃO EXTREMOZ.gdoc,SIM,DESCONHECIDO,H:\Meu Drive\01_ROTEIROS/DESCONHECIDOS
G:\Meu Drive\2026 (1)\05 - MAI - 26\15 05 - SEX\B3-  GOLPE VAZAMENTO DADOS.gdoc,SIM,DESCONHECIDO,H:\Meu Drive\01_ROTEIROS/DESCONHECIDOS
G:\Meu Drive\2026 (1)\05 - MAI - 26\15 05 - SEX\B1-  FALHA PROCEDIMENTO MÉDICO.gdoc,SIM,DESCONHECIDO,H:\Meu Drive\01_ROTEIROS/DESCONHECIDOS
G:\Meu Drive\2026 (1)\05 - MAI - 26\15 05 - SEX\B6-  RESULTADO HETEROIDENTIFICAÇÃO ENAC.gdoc,SIM,DESCONHECIDO,H:\Meu Drive\01_ROTEIROS/DESCONHECIDOS
G:\Meu Drive\2026 (1)\05 - MAI - 26\15 05 - SEX\B2-  CANDIDATO APTO HETEROIDENTIFICAÇÃO.gdoc,SIM,DESCONHECIDO,H:\Meu Drive\01_ROTEIROS/DESCONHECIDOS
G:\Meu Drive\2026 (1)\05 - MAI - 26\15 05 - SEX\B8- MPRN GESTORES SAÚDE PÚBLICA.gdoc,SIM,DESCONHECIDO,H:\Meu Drive\01_ROTEIROS/DESCONHECIDOS
G:\Meu Drive\2026 (1)\05 - MAI - 26\15 05 - SEX\B10- TRT SEMANA COMBATE ASSÉDIO.gdoc,SIM,DESCONHECIDO,H:\Meu Drive\01_ROTEIROS/DESCONHECIDOS
G:\Meu Drive\2026 (1)\05 - MAI - 26\15 05 - SEX\B7-  MPRN COMBATE VIOLÊNCIA SEXUAL INAFNTIL.gdoc,SIM,DESCONHECIDO,H:\Meu Drive\01_ROTEIROS/DESCONHECIDOS
G:\Meu Drive\2026 (1)\05 - MAI - 26\15 05 - SEX\B4-  NOVA VERSÃO NUPERJ.gdoc,SIM,DESCONHECIDO,H:\Meu Drive\01_ROTEIROS/DESCONHECIDOS
G:\Meu Drive\2026 (1)\05 - MAI - 26\15 05 - SEX\B9- TRT DENÚNCIAS ASSÉDIO MORAL.gdoc,SIM,DESCONHECIDO,H:\Meu Drive\01_ROTEIROS/DESCONHECIDOS
G:\Meu Drive\2026 (1)\05 - MAI - 26\15 05 - SEX\desktop.ini,NÃO,-,G:\Meu Drive\Arquivos_Pessoais_Para_Verificacao\Outros
G:\Meu Drive\2026 (1)\05 - MAI - 26\12 05 - TER\B5 - TJRN FALHA SERVIÇO RASTREAMENTO.gdoc,SIM,DESCONHECIDO,H:\Meu Drive\01_ROTEIROS/DESCONHECIDOS
G:\Meu Drive\2026 (1)\05 - MAI - 26\12 05 - TER\B3- TJRN PLATAFORMA COLABORATIVA PROMPTS.gdoc,SIM,DESCONHECIDO,H:\Meu Drive\01_ROTEIROS/DESCONHECIDOS
G:\Meu Drive\2026 (1)\05 - MAI - 26\12 05 - TER\B9- TJRN PLANO SAÚDE CONDENADO.gdoc,SIM,DESCONHECIDO,H:\Meu Drive\01_ROTEIROS/DESCONHECIDOS
G:\Meu Drive\2026 (1)\05 - MAI - 26\12 05 - TER\B6- TJRN SERVIDOR SOFRE ASSÉDIO.gdoc,SIM,DESCONHECIDO,H:\Meu Drive\01_ROTEIROS/DESCONHECIDOS
G:\Meu Drive\2026 (1)\05 - MAI - 26\12 05 - TER\B4- TJRN VARA EXECUÇÃO FISCAL RESULTADO ESTÁGIO .gdoc,SIM,DESCONHECIDO,H:\Meu Drive\01_ROTEIROS/DESCONHECIDOS
G:\Meu Drive\2026 (1)\05 - MAI - 26\12 05 - TER\B1- TJRN NÚCLEO APOIO ESTÁGIO.gdoc,SIM,DESCONHECIDO,H:\Meu Drive\01_ROTEIROS/DESCONHECIDOS
G:\Meu Drive\2026 (1)\05 - MAI - 26\12 05 - TER\B2- TJRN EMPRESA RESTABELECE ÁGUA .gdoc,SIM,DESCONHECIDO,H:\Meu Drive\01_ROTEIROS/DESCONHECIDOS
G:\Meu Drive\2026 (1)\05 - MAI - 26\12 05 - TER\B10-  TJRN RESULTADO PRELIMINAR ENAM .gdoc,SIM,DESCONHECIDO,H:\Meu Drive\01_ROTEIROS/DESCONHECIDOS
G:\Meu Drive\2026 (1)\05 - MAI - 26\12 05 - TER\B7- TJRN PARELHAS INDENIZAÇÃO PACIENTE .gdoc,SIM,DESCONHECIDO,H:\Meu Drive\01_ROTEIROS/DESCONHECIDOS
G:\Meu Drive\2026 (1)\05 - MAI - 26\12 05 - TER\B8- TJRN DETERMINA INDISPONIBILIDADE LOTES.gdoc,SIM,DESCONHECIDO,H:\Meu Drive\01_ROTEIROS/DESCONHECIDOS
G:\Meu Drive\2026 (1)\05 - MAI - 26\12 05 - TER\desktop.ini,NÃO,-,G:\Meu Drive\Arquivos_Pessoais_Para_Verificacao\Outros
G:\Meu Drive\2026 (1)\05 - MAI - 26\04 05 - SEG\B8- CONCENTRAÇÃO EXECUÇÃO PENAL RN.gdoc,SIM,DESCONHECIDO,H:\Meu Drive\01_ROTEIROS/DESCONHECIDOS
G:\Meu Drive\2026 (1)\05 - MAI - 26\04 05 - SEG\B1- TJRN VISITA ALUNOS UFRN .gdoc,SIM,DESCONHECIDO,H:\Meu Drive\01_ROTEIROS/DESCONHECIDOS
G:\Meu Drive\2026 (1)\05 - MAI - 26\04 05 - SEG\B10- ESTÁGIO PÓS VICE PRESIDÊNCIA.gdoc,SIM,DESCONHECIDO,H:\Meu Drive\01_ROTEIROS/DESCONHECIDOS
G:\Meu Drive\2026 (1)\05 - MAI - 26\04 05 - SEG\B7- IPTU NATAL TAXA SELIC.gdoc,SIM,DESCONHECIDO,H:\Meu Drive\01_ROTEIROS/DESCONHECIDOS
G:\Meu Drive\2026 (1)\05 - MAI - 26\04 05 - SEG\B4- TJRN CONDUZ MEDIAÇÃO .gdoc,SIM,DESCONHECIDO,H:\Meu Drive\01_ROTEIROS/DESCONHECIDOS
G:\Meu Drive\2026 (1)\05 - MAI - 26\04 05 - SEG\B3- TJRN INVESTE GOVERNANÇA.gdoc,SIM,DESCONHECIDO,H:\Meu Drive\01_ROTEIROS/DESCONHECIDOS
G:\Meu Drive\2026 (1)\05 - MAI - 26\04 05 - SEG\B5- RESTITUIÇÃO FALHA PRODUTO.gdoc,SIM,DESCONHECIDO,H:\Meu Drive\01_ROTEIROS/DESCONHECIDOS
G:\Meu Drive\2026 (1)\05 - MAI - 26\04 05 - SEG\B2- TJRN JÚRI ACUSADO MATAR PERSONAL .gdoc,SIM,DESCONHECIDO,H:\Meu Drive\01_ROTEIROS/DESCONHECIDOS
G:\Meu Drive\2026 (1)\05 - MAI - 26\04 05 - SEG\B9- SEMANA COMBATE ASSÉDIO.gdoc,SIM,DESCONHECIDO,H:\Meu Drive\01_ROTEIROS/DESCONHECIDOS
G:\Meu Drive\2026 (1)\05 - MAI - 26\04 05 - SEG\B6- MAIO TECNOLÓGICO.gdoc,SIM,DESCONHECIDO,H:\Meu Drive\01_ROTEIROS/DESCONHECIDOS
G:\Meu Drive\2026 (1)\05 - MAI - 26\04 05 - SEG\desktop.ini,NÃO,-,G:\Meu Drive\Arquivos_Pessoais_Para_Verificacao\Outros
G:\Meu Drive\2026 (1)\05 - MAI - 26\18 05\BOLETIM_RADIO_TJRN_18_05_2026_B4_INDENIZACAO_FURTO_MOTOCICLETA.mp3,SIM,BOLETIM,H:\Meu Drive\02_PRODUCAO/BOLETINS
G:\Meu Drive\2026 (1)\05 - MAI - 26\18 05\BOLETIM_RADIO_TJRN_18_05_2026_B2_MEMBRO_SUPLENTE_JURISTA.mp3,SIM,BOLETIM,H:\Meu Drive\02_PRODUCAO/BOLETINS
G:\Meu Drive\2026 (1)\05 - MAI - 26\18 05\BOLETIM_RADIO_TJRN_18_05_2026_B10_DPERN_PROCESSO_SELETIVO_EXTREMOZ.mp3,SIM,BOLETIM,H:\Meu Drive\02_PRODUCAO/BOLETINS
G:\Meu Drive\2026 (1)\05 - MAI - 26\18 05\BOLETIM_RADIO_TJRN_18_05_2026_B1_OBRIGATORIEDADE_AUTENTICACAO_MULTIFATOR.mp3,SIM,BOLETIM,H:\Meu Drive\02_PRODUCAO/BOLETINS
G:\Meu Drive\2026 (1)\05 - MAI - 26\18 05\BOLETIM_RADIO_TJRN_18_05_2026_B9_TRERN_ELEICOES_PREFEITOS.mp3,SIM,BOLETIM,H:\Meu Drive\02_PRODUCAO/BOLETINS
G:\Meu Drive\2026 (1)\05 - MAI - 26\18 05\BOLETIM_RADIO_TJRN_18_05_2026_B7_ALUNO_AGREDIDO_INDENIZACAO.mp3,SIM,BOLETIM,H:\Meu Drive\02_PRODUCAO/BOLETINS
G:\Meu Drive\2026 (1)\05 - MAI - 26\18 05\BOLETIM_RADIO_TJRN_18_05_2026_B5_CUSTEIO_CIRURGIA_PROTESE_MAMARIA.mp3,SIM,BOLETIM,H:\Meu Drive\02_PRODUCAO/BOLETINS
G:\Meu Drive\2026 (1)\05 - MAI - 26\18 05\BOLETIM_RADIO_TJRN_18_05_2026_B3_CONDENACAO_COMPANHIA_AEREA_ATRASO.mp3,SIM,BOLETIM,H:\Meu Drive\02_PRODUCAO/BOLETINS
G:\Meu Drive\2026 (1)\05 - MAI - 26\18 05\BOLETIM_RADIO_TJRN_18_05_2026_B8_MODERNIZACAO_REDE_CORPORATIVA.mp3,SIM,BOLETIM,H:\Meu Drive\02_PRODUCAO/BOLETINS
G:\Meu Drive\2026 (1)\05 - MAI - 26\18 05\BOLETIM_RADIO_TJRN_18_05_2026_B6_FALHA_COBERTURA_OFTALMOLOGICA.mp3,SIM,BOLETIM,H:\Meu Drive\02_PRODUCAO/BOLETINS
G:\Meu Drive\2026 (1)\05 - MAI - 26\18 05\desktop.ini,NÃO,-,G:\Meu Drive\Arquivos_Pessoais_Para_Verificacao\Outros
G:\Meu Drive\2026 (1)\05 - MAI - 26\11 05 - SEG\B1- TRE-RN ATENDIMENTOS AGENDADOS .gdoc,SIM,DESCONHECIDO,H:\Meu Drive\01_ROTEIROS/DESCONHECIDOS
G:\Meu Drive\2026 (1)\05 - MAI - 26\11 05 - SEG\B5- TJRN AREIA BRANCA SELEÇÃO PROJETOS .gdoc,SIM,DESCONHECIDO,H:\Meu Drive\01_ROTEIROS/DESCONHECIDOS
G:\Meu Drive\2026 (1)\05 - MAI - 26\11 05 - SEG\B7- TJRN CANGUARETAMA ESTÁGIO PÓS.gdoc,SIM,DESCONHECIDO,H:\Meu Drive\01_ROTEIROS/DESCONHECIDOS
G:\Meu Drive\2026 (1)\05 - MAI - 26\11 05 - SEG\B6- TJRN COSERN INDENIZADA .gdoc,SIM,DESCONHECIDO,H:\Meu Drive\01_ROTEIROS/DESCONHECIDOS
G:\Meu Drive\2026 (1)\05 - MAI - 26\11 05 - SEG\B10- MPRN RECOMENDA CONTRATAÇÃO AMBULATÓRIO .gdoc,SIM,DESCONHECIDO,H:\Meu Drive\01_ROTEIROS/DESCONHECIDOS
G:\Meu Drive\2026 (1)\05 - MAI - 26\11 05 - SEG\B3- TJRN CEARÁ-MIRIM ESTÁGIO.gdoc,SIM,DESCONHECIDO,H:\Meu Drive\01_ROTEIROS/DESCONHECIDOS
G:\Meu Drive\2026 (1)\05 - MAI - 26\11 05 - SEG\B9- OAB RN EXCLUSÃO ADVOGADA .gdoc,SIM,DESCONHECIDO,H:\Meu Drive\01_ROTEIROS/DESCONHECIDOS
G:\Meu Drive\2026 (1)\05 - MAI - 26\11 05 - SEG\B2- TJRN FORTALECE PRESERVAÇÃO JUSTIÇA .gdoc,SIM,DESCONHECIDO,H:\Meu Drive\01_ROTEIROS/DESCONHECIDOS
G:\Meu Drive\2026 (1)\05 - MAI - 26\11 05 - SEG\B8- TJRN CONDENA EMPRESA ÔNIBUS .gdoc,SIM,DESCONHECIDO,H:\Meu Drive\01_ROTEIROS/DESCONHECIDOS
G:\Meu Drive\2026 (1)\05 - MAI - 26\11 05 - SEG\B4- TJRN RECONHECE FRAUDE TRANSAÇÕES DIGITAIS.gdoc,SIM,DESCONHECIDO,H:\Meu Drive\01_ROTEIROS/DESCONHECIDOS
G:\Meu Drive\2026 (1)\05 - MAI - 26\11 05 - SEG\desktop.ini,NÃO,-,G:\Meu Drive\Arquivos_Pessoais_Para_Verificacao\Outros
G:\Meu Drive\2026 (1)\05 - MAI - 26\06 05 - QUA\B4- CONDENAÇÃO REDE SOCIAL DESATIVADA.gdoc,SIM,DESCONHECIDO,H:\Meu Drive\01_ROTEIROS/DESCONHECIDOS
G:\Meu Drive\2026 (1)\05 - MAI - 26\06 05 - QUA\B10- DPERN IDOSA DEFICIÊNCIA VISUAL .gdoc,SIM,DESCONHECIDO,H:\Meu Drive\01_ROTEIROS/DESCONHECIDOS
G:\Meu Drive\2026 (1)\05 - MAI - 26\06 05 - QUA\B9- MPRN RECOMENDA RECONSTRUÇÃO RUAS.gdoc,SIM,DESCONHECIDO,H:\Meu Drive\01_ROTEIROS/DESCONHECIDOS
G:\Meu Drive\2026 (1)\05 - MAI - 26\06 05 - QUA\B6- ENCONTRO NACIONAL SERIDÓ.gdoc,SIM,DESCONHECIDO,H:\Meu Drive\01_ROTEIROS/DESCONHECIDOS
G:\Meu Drive\2026 (1)\05 - MAI - 26\06 05 - QUA\B3- PENA REDEFINIDA TRÁFICO.gdoc,SIM,DESCONHECIDO,H:\Meu Drive\01_ROTEIROS/DESCONHECIDOS
G:\Meu Drive\2026 (1)\05 - MAI - 26\06 05 - QUA\B5- TEMPO MÍNIMO CARTEIRA ESTUDANTES.gdoc,SIM,DESCONHECIDO,H:\Meu Drive\01_ROTEIROS/DESCONHECIDOS
G:\Meu Drive\2026 (1)\05 - MAI - 26\06 05 - QUA\B8- PROCURADORIA MULHER PARNAMIRIM.gdoc,SIM,DESCONHECIDO,H:\Meu Drive\01_ROTEIROS/DESCONHECIDOS
G:\Meu Drive\2026 (1)\05 - MAI - 26\06 05 - QUA\B1- RESTRIÇÃO MATERIAL CIRÚRGICO.gdoc,SIM,DESCONHECIDO,H:\Meu Drive\01_ROTEIROS/DESCONHECIDOS
G:\Meu Drive\2026 (1)\05 - MAI - 26\06 05 - QUA\B2- AGRESSÃO SEGURANÇA DUPLA SERTANEJA.gdoc,SIM,DESCONHECIDO,H:\Meu Drive\01_ROTEIROS/DESCONHECIDOS
G:\Meu Drive\2026 (1)\05 - MAI - 26\06 05 - QUA\B7- TABELIÃO ALMINO AFONSO.gdoc,SIM,DESCONHECIDO,H:\Meu Drive\01_ROTEIROS/DESCONHECIDOS
G:\Meu Drive\2026 (1)\05 - MAI - 26\06 05 - QUA\desktop.ini,NÃO,-,G:\Meu Drive\Arquivos_Pessoais_Para_Verificacao\Outros
G:\Meu Drive\2026 (1)\05 - MAI - 26\14 05\textos 14 05.gdoc,SIM,DESCONHECIDO,H:\Meu Drive\01_ROTEIROS/DESCONHECIDOS
G:\Meu Drive\2026 (1)\05 - MAI - 26\14 05\BOLETIM_RADIO_TJRN_14_05_2026_B7_ESTAGIO_EXECUCAO_TRIBUTARIA.mp3,SIM,BOLETIM,H:\Meu Drive\02_PRODUCAO/BOLETINS
G:\Meu Drive\2026 (1)\05 - MAI - 26\14 05\BOLETIM_RADIO_TJRN_14_05_2026_B3_RESSARCIMENTO_CONSERTO_VEICULO.mp3,SIM,BOLETIM,H:\Meu Drive\02_PRODUCAO/BOLETINS
G:\Meu Drive\2026 (1)\05 - MAI - 26\14 05\BOLETIM_RADIO_TJRN_14_05_2026_B6_RESPONSAVEL_INTERINO_MESSIAS_TARGINO.mp3,SIM,BOLETIM,H:\Meu Drive\02_PRODUCAO/BOLETINS
G:\Meu Drive\2026 (1)\05 - MAI - 26\14 05\BOLETIM_RADIO_TJRN_14_05_2026_B5_INDENIZACAO_PERDA_VOO.mp3,SIM,BOLETIM,H:\Meu Drive\02_PRODUCAO/BOLETINS
G:\Meu Drive\2026 (1)\05 - MAI - 26\14 05\BOLETIM_RADIO_TJRN_14_05_2026_B2_FRAUDE_VENDA_CELULAR.mp3,SIM,BOLETIM,H:\Meu Drive\02_PRODUCAO/BOLETINS
G:\Meu Drive\2026 (1)\05 - MAI - 26\14 05\BOLETIM_RADIO_TJRN_14_05_2026_B8_MPRN_MUDANCAS_CONCURSO_EXTREMOZ.mp3,SIM,BOLETIM,H:\Meu Drive\02_PRODUCAO/BOLETINS
G:\Meu Drive\2026 (1)\05 - MAI - 26\14 05\BOLETIM_RADIO_TJRN_14_05_2026_B9_ACORDO_DADOS_CRIMINAIS.mp3,SIM,BOLETIM,H:\Meu Drive\02_PRODUCAO/BOLETINS
G:\Meu Drive\2026 (1)\05 - MAI - 26\14 05\BOLETIM_RADIO_TJRN_14_05_2026_B10_TRTRN_RECEBEU_600_MIL_CASOS.mp3,SIM,BOLETIM,H:\Meu Drive\02_PRODUCAO/BOLETINS
G:\Meu Drive\2026 (1)\05 - MAI - 26\14 05\BOLETIM_RADIO_TJRN_14_05_2026_B4_MUTIRAO_PROCESSOS_ASSEDIO.mp3,SIM,BOLETIM,H:\Meu Drive\02_PRODUCAO/BOLETINS
G:\Meu Drive\2026 (1)\05 - MAI - 26\14 05\BOLETIM_RADIO_TJRN_14_05_2026_B1_LINHA_TRANSMISSAO_CEARA_MIRIM.mp3,SIM,BOLETIM,H:\Meu Drive\02_PRODUCAO/BOLETINS
G:\Meu Drive\2026 (1)\05 - MAI - 26\14 05\desktop.ini,NÃO,-,G:\Meu Drive\Arquivos_Pessoais_Para_Verificacao\Outros
G:\Meu Drive\2026 (1)\05 - MAI - 26\19 05\BOLETIM_RADIO_TJRN_19_05_2026_B1_TJRN_COMISSAO_RESULTADO_FINAL_ENAM_.mp3,SIM,BOLETIM,H:\Meu Drive\02_PRODUCAO/BOLETINS
G:\Meu Drive\2026 (1)\05 - MAI - 26\19 05\BOLETIM_RADIO_TJRN_19_05_2026_B8_TJRN_IDOSO_INDENIZADO_DISPOSITIVO_COM_DEFEITO_.mp3,SIM,BOLETIM,H:\Meu Drive\02_PRODUCAO/BOLETINS
G:\Meu Drive\2026 (1)\05 - MAI - 26\19 05\BOLETIM_RADIO_TJRN_19_05_2026_B3_TJRN_JUSTICRN.mp3,SIM,BOLETIM,H:\Meu Drive\02_PRODUCAO/BOLETINS
G:\Meu Drive\2026 (1)\05 - MAI - 26\19 05\BOLETIM_RADIO_TJRN_19_05_2026_B5_TJRN_RECONHECE_FALHA_REDE_SOCIAL_.mp3,SIM,BOLETIM,H:\Meu Drive\02_PRODUCAO/BOLETINS
G:\Meu Drive\2026 (1)\05 - MAI - 26\19 05\BOLETIM_RADIO_TJRN_19_05_2026_B2_TJRN_ETAPA_PRESENCIAL_HETEROIDENTIFICACAO_.mp3,SIM,BOLETIM,H:\Meu Drive\02_PRODUCAO/BOLETINS
G:\Meu Drive\2026 (1)\05 - MAI - 26\19 05\BOLETIM_RADIO_TJRN_19_05_2026_B10_TJRN_PROJETO_GERENCIAMENTO_EVIDENCIA_DIGITAIS_.mp3,SIM,BOLETIM,H:\Meu Drive\02_PRODUCAO/BOLETINS
G:\Meu Drive\2026 (1)\05 - MAI - 26\19 05\BOLETIM_RADIO_TJRN_19_05_2026_B6_TJRN_MANTIDO_JURI_ACUSADO_HOMICIDIO_.mp3,SIM,BOLETIM,H:\Meu Drive\02_PRODUCAO/BOLETINS
G:\Meu Drive\2026 (1)\05 - MAI - 26\19 05\BOLETIM_RADIO_TJRN_19_05_2026_B4_TJRN_NEGA_ACAO_POPULAR_VEREADOR_.mp3,SIM,BOLETIM,H:\Meu Drive\02_PRODUCAO/BOLETINS
G:\Meu Drive\2026 (1)\05 - MAI - 26\19 05\BOLETIM_RADIO_TJRN_19_05_2026_B7_TJRN_JULGADO_RECURSO_ACUSADO_ESTELIONATO_.mp3,SIM,BOLETIM,H:\Meu Drive\02_PRODUCAO/BOLETINS
G:\Meu Drive\2026 (1)\05 - MAI - 26\19 05\BOLETIM_RADIO_TJRN_19_05_2026_B9_TJRN_VARA_CIVEL_PARNAMIRIM_SELECAO_.mp3,SIM,BOLETIM,H:\Meu Drive\02_PRODUCAO/BOLETINS
G:\Meu Drive\2026 (1)\05 - MAI - 26\19 05\desktop.ini,NÃO,-,G:\Meu Drive\Arquivos_Pessoais_Para_Verificacao\Outros
G:\Meu Drive\2026 (1)\04 - ABR - 26\desktop.ini,NÃO,-,G:\Meu Drive\Arquivos_Pessoais_Para_Verificacao\Outros
G:\Meu Drive\2026 (1)\04 - ABR - 26\08 04 - QUA\BOLETIM_RADIO_TJRN_08_04_2026_B6_TJRN_VIGILANTE_AUXILIAR_CONDENADOS_.txt,SIM,BOLETIM,H:\Meu Drive\01_ROTEIROS/BOLETINS
G:\Meu Drive\2026 (1)\04 - ABR - 26\08 04 - QUA\BOLETIM_RADIO_TJRN_08_04_2026_B6_TJRN_VIGILANTE_AUXILIAR_CONDENADOS_.mp3,SIM,BOLETIM,H:\Meu Drive\02_PRODUCAO/BOLETINS
G:\Meu Drive\2026 (1)\04 - ABR - 26\08 04 - QUA\B6- TJRN VIGILANTE AUXILIAR CONDENADOS .gdoc,SIM,DESCONHECIDO,H:\Meu Drive\01_ROTEIROS/DESCONHECIDOS
G:\Meu Drive\2026 (1)\04 - ABR - 26\08 04 - QUA\B2- TJRN BANCO CONDENADO VAZAMENTOS DADOS .gdoc,SIM,DESCONHECIDO,H:\Meu Drive\01_ROTEIROS/DESCONHECIDOS
G:\Meu Drive\2026 (1)\04 - ABR - 26\08 04 - QUA\B5- TJRN SENTENÇA EXIGÊNCIA PROCURAÇÃO DETRAN .gdoc,SIM,DESCONHECIDO,H:\Meu Drive\01_ROTEIROS/DESCONHECIDOS
G:\Meu Drive\2026 (1)\04 - ABR - 26\08 04 - QUA\B3- TJRN AÇÃO ALIMENTOS IDOSO ALZHEIMER .gdoc,SIM,DESCONHECIDO,H:\Meu Drive\01_ROTEIROS/DESCONHECIDOS
G:\Meu Drive\2026 (1)\04 - ABR - 26\08 04 - QUA\B1- TJRN SANTA CRUZ PROJETOS SOCIAIS .gdoc,SIM,DESCONHECIDO,H:\Meu Drive\01_ROTEIROS/DESCONHECIDOS
G:\Meu Drive\2026 (1)\04 - ABR - 26\08 04 - QUA\B4- TJRN PLANO SAÚDE CONDENADO CIRURGIA OCULAR .gdoc,SIM,DESCONHECIDO,H:\Meu Drive\01_ROTEIROS/DESCONHECIDOS
G:\Meu Drive\2026 (1)\04 - ABR - 26\08 04 - QUA\B10- TJRN SEMANA NACIONAL SAÚDE.gdoc,SIM,DESCONHECIDO,H:\Meu Drive\01_ROTEIROS/DESCONHECIDOS
G:\Meu Drive\2026 (1)\04 - ABR - 26\08 04 - QUA\B7- TJRN PLATAFORMA NAO EFETIVA RESERVA HOTEL.gdoc,SIM,DESCONHECIDO,H:\Meu Drive\01_ROTEIROS/DESCONHECIDOS
G:\Meu Drive\2026 (1)\04 - ABR - 26\08 04 - QUA\B8- TJRN FALHA DEPÓSITO BANCÁRIO .gdoc,SIM,DESCONHECIDO,H:\Meu Drive\01_ROTEIROS/DESCONHECIDOS
G:\Meu Drive\2026 (1)\04 - ABR - 26\08 04 - QUA\B9- TJRN ANULA CONTRATO ÓTICA .gdoc,SIM,DESCONHECIDO,H:\Meu Drive\01_ROTEIROS/DESCONHECIDOS
G:\Meu Drive\2026 (1)\04 - ABR - 26\08 04 - QUA\desktop.ini,NÃO,-,G:\Meu Drive\Arquivos_Pessoais_Para_Verificacao\Outros
G:\Meu Drive\2026 (1)\04 - ABR - 26\07 04 - TER\BOLETIM_RADIO_TJRN_07_04_2026_B8_MPRN_EX_SECRETARIO_MOSSORO_CONDENADO.txt,SIM,BOLETIM,H:\Meu Drive\01_ROTEIROS/BOLETINS
G:\Meu Drive\2026 (1)\04 - ABR - 26\07 04 - TER\BOLETIM_RADIO_TJRN_07_04_2026_B8_MPRN_EX_SECRETARIO_MOSSORO_CONDENADO.mp3,SIM,BOLETIM,H:\Meu Drive\02_PRODUCAO/BOLETINS
G:\Meu Drive\2026 (1)\04 - ABR - 26\07 04 - TER\B1- TJRN CLIENTES RECEBERAM AGÊNCIA TURISMO .gdoc,SIM,DESCONHECIDO,H:\Meu Drive\01_ROTEIROS/DESCONHECIDOS
G:\Meu Drive\2026 (1)\04 - ABR - 26\07 04 - TER\B3- TJRN OPERADORA CONDENADA .gdoc,SIM,DESCONHECIDO,H:\Meu Drive\01_ROTEIROS/DESCONHECIDOS
G:\Meu Drive\2026 (1)\04 - ABR - 26\07 04 - TER\B2- TJRN CONSOLIDA MEDIAÇÃO CONFLITOS .gdoc,SIM,DESCONHECIDO,H:\Meu Drive\01_ROTEIROS/DESCONHECIDOS
G:\Meu Drive\2026 (1)\04 - ABR - 26\07 04 - TER\B4- TJRN NEGADO ATO IMPROBIDADE SAO MIGUEL .gdoc,SIM,DESCONHECIDO,H:\Meu Drive\01_ROTEIROS/DESCONHECIDOS
G:\Meu Drive\2026 (1)\04 - ABR - 26\07 04 - TER\B5- TJRN CONDENADO ROUBO CARRO .gdoc,SIM,DESCONHECIDO,H:\Meu Drive\01_ROTEIROS/DESCONHECIDOS
G:\Meu Drive\2026 (1)\04 - ABR - 26\07 04 - TER\B6- TJRN ACUSADO SEQUESTRO .gdoc,SIM,DESCONHECIDO,H:\Meu Drive\01_ROTEIROS/DESCONHECIDOS
G:\Meu Drive\2026 (1)\04 - ABR - 26\07 04 - TER\B9- INDENIZAÇÃO FALTA ÁGUA.gdoc,SIM,DESCONHECIDO,H:\Meu Drive\01_ROTEIROS/DESCONHECIDOS
G:\Meu Drive\2026 (1)\04 - ABR - 26\07 04 - TER\B7- FALHA ELETRÔNICA CONCURSO.gdoc,SIM,DESCONHECIDO,H:\Meu Drive\01_ROTEIROS/DESCONHECIDOS
G:\Meu Drive\2026 (1)\04 - ABR - 26\07 04 - TER\B8- MPRN EX-SECRETÁRIO MOSSORÓ CONDENADO.gdoc,SIM,DESCONHECIDO,H:\Meu Drive\01_ROTEIROS/DESCONHECIDOS
G:\Meu Drive\2026 (1)\04 - ABR - 26\07 04 - TER\B10- REPARADORA BARIÁTRICA.gdoc,SIM,DESCONHECIDO,H:\Meu Drive\01_ROTEIROS/DESCONHECIDOS
G:\Meu Drive\2026 (1)\04 - ABR - 26\07 04 - TER\desktop.ini,NÃO,-,G:\Meu Drive\Arquivos_Pessoais_Para_Verificacao\Outros
G:\Meu Drive\2026 (1)\04 - ABR - 26\07 04\BOLETIM_RADIO_TJRN_07_04_2026_B8_MPRN_EX_SECRETARIO_MOSSORO_CONDENADO.mp3,SIM,BOLETIM,H:\Meu Drive\02_PRODUCAO/BOLETINS
G:\Meu Drive\2026 (1)\04 - ABR - 26\07 04\BOLETIM_RADIO_TJRN_07_04_2026_B6_TJRN_ACUSADO_SEQUESTRO_.mp3,SIM,BOLETIM,H:\Meu Drive\02_PRODUCAO/BOLETINS
G:\Meu Drive\2026 (1)\04 - ABR - 26\07 04\BOLETIM_RADIO_TJRN_07_04_2026_B9_INDENIZACAO_FALTA_AGUA.mp3,SIM,BOLETIM,H:\Meu Drive\02_PRODUCAO/BOLETINS
G:\Meu Drive\2026 (1)\04 - ABR - 26\07 04\TEXTOS 07 04.gdoc,SIM,DESCONHECIDO,H:\Meu Drive\01_ROTEIROS/DESCONHECIDOS
G:\Meu Drive\2026 (1)\04 - ABR - 26\07 04\BOLETIM_RADIO_TJRN_07_04_2026_B4_TJRN_NEGADO_ATO_IMPROBIDADE_SAO_MIGUEL_.mp3,SIM,BOLETIM,H:\Meu Drive\02_PRODUCAO/BOLETINS
G:\Meu Drive\2026 (1)\04 - ABR - 26\07 04\BOLETIM_RADIO_TJRN_07_04_2026_B2_TJRN_CONSOLIDA_MEDIACAO_CONFLITOS_.mp3,SIM,BOLETIM,H:\Meu Drive\02_PRODUCAO/BOLETINS
G:\Meu Drive\2026 (1)\04 - ABR - 26\07 04\BOLETIM_RADIO_TJRN_07_04_2026_B5_TJRN_CONDENADO_ROUBO_CARRO_.mp3,SIM,BOLETIM,H:\Meu Drive\02_PRODUCAO/BOLETINS
G:\Meu Drive\2026 (1)\04 - ABR - 26\07 04\BOLETIM_RADIO_TJRN_07_04_2026_B10_REPARADORA_BARIATRICA.mp3,SIM,BOLETIM,H:\Meu Drive\02_PRODUCAO/BOLETINS
G:\Meu Drive\2026 (1)\04 - ABR - 26\07 04\BOLETIM_RADIO_TJRN_07_04_2026_B1_TJRN_CLIENTES_RECEBERAM_AGENCIA_TURISMO_.mp3,SIM,BOLETIM,H:\Meu Drive\02_PRODUCAO/BOLETINS
G:\Meu Drive\2026 (1)\04 - ABR - 26\07 04\BOLETIM_RADIO_TJRN_07_04_2026_B3_TJRN_OPERADORA_CONDENADA_.mp3,SIM,BOLETIM,H:\Meu Drive\02_PRODUCAO/BOLETINS
G:\Meu Drive\2026 (1)\04 - ABR - 26\07 04\BOLETIM_RADIO_TJRN_07_04_2026_B8_ESTAGIO_CIENCIAS_CONTABEIS.mp3,SIM,BOLETIM,H:\Meu Drive\02_PRODUCAO/BOLETINS
G:\Meu Drive\2026 (1)\04 - ABR - 26\07 04\BOLETIM_RADIO_TJRN_07_04_2026_B7_FALHA_ELETRONICA_CONCURSO.mp3,SIM,BOLETIM,H:\Meu Drive\02_PRODUCAO/BOLETINS
G:\Meu Drive\2026 (1)\04 - ABR - 26\07 04\desktop.ini,NÃO,-,G:\Meu Drive\Arquivos_Pessoais_Para_Verificacao\Outros
G:\Meu Drive\2026 (1)\04 - ABR - 26\06 04\TEXTOS 06 04.gdoc,SIM,DESCONHECIDO,H:\Meu Drive\01_ROTEIROS/DESCONHECIDOS
G:\Meu Drive\2026 (1)\04 - ABR - 26\06 04\BOLETIM_RADIO_TJRN_06_04_2026_B1_TJRN_FALHA_ELETRONICA_REGISTRO_DOCUMENTO_.mp3,SIM,BOLETIM,H:\Meu Drive\02_PRODUCAO/BOLETINS
G:\Meu Drive\2026 (1)\04 - ABR - 26\06 04\BOLETIM_RADIO_TJRN_06_04_2026_B6_TJRN_NEGA_RECURSO_ACUSADO_TENTATIVA_FEMINICIDIO_.mp3,SIM,BOLETIM,H:\Meu Drive\02_PRODUCAO/BOLETINS
G:\Meu Drive\2026 (1)\04 - ABR - 26\06 04\BOLETIM_RADIO_TJRN_06_04_2026_B2_TJRN_PROJETO_GMF_REDE_SOCIOEDUCATIVA_.mp3,SIM,BOLETIM,H:\Meu Drive\02_PRODUCAO/BOLETINS
G:\Meu Drive\2026 (1)\04 - ABR - 26\06 04\BOLETIM_RADIO_TJRN_06_04_2026_B7_TJRN_ACORDOS_EXTRAJUDICIAIS_PROSSEGUIMENTOS_.mp3,SIM,BOLETIM,H:\Meu Drive\02_PRODUCAO/BOLETINS
G:\Meu Drive\2026 (1)\04 - ABR - 26\06 04\BOLETIM_RADIO_TJRN_06_04_2026_B10_TJRN_CONDENA_FALSO_ADVOGADO_.mp3,SIM,BOLETIM,H:\Meu Drive\02_PRODUCAO/BOLETINS
G:\Meu Drive\2026 (1)\04 - ABR - 26\06 04\BOLETIM_RADIO_TJRN_06_04_2026_B8_TJRN_DECISAO_REALIZACAO_PERICIA_GRAFOTECNICA_.mp3,SIM,BOLETIM,H:\Meu Drive\02_PRODUCAO/BOLETINS
G:\Meu Drive\2026 (1)\04 - ABR - 26\06 04\BOLETIM_RADIO_TJRN_06_04_2026_B9_TJRN_GARANTE_COBERTURA_PARTO_SEM_CARENCIA_.mp3,SIM,BOLETIM,H:\Meu Drive\02_PRODUCAO/BOLETINS
G:\Meu Drive\2026 (1)\04 - ABR - 26\06 04\BOLETIM_RADIO_TJRN_06_04_2026_B3_TJRN_COJUD_PROCESSO_SELETIVO_.mp3,SIM,BOLETIM,H:\Meu Drive\02_PRODUCAO/BOLETINS
G:\Meu Drive\2026 (1)\04 - ABR - 26\06 04\BOLETIM_RADIO_TJRN_06_04_2026_B4_TJRN_MUNICIPIO_GARANTIR_CONSULTAS_.mp3,SIM,BOLETIM,H:\Meu Drive\02_PRODUCAO/BOLETINS
G:\Meu Drive\2026 (1)\04 - ABR - 26\06 04\BOLETIM_RADIO_TJRN_06_04_2026_B5_TJRN_MANTEM_RESPONSABILIZACAO_DANOS_ENCHENTE_.mp3,SIM,BOLETIM,H:\Meu Drive\02_PRODUCAO/BOLETINS
G:\Meu Drive\2026 (1)\04 - ABR - 26\06 04\desktop.ini,NÃO,-,G:\Meu Drive\Arquivos_Pessoais_Para_Verificacao\Outros
G:\Meu Drive\2026 (1)\04 - ABR - 26\13 04\TEXTOS 13 04.gdoc,SIM,DESCONHECIDO,H:\Meu Drive\01_ROTEIROS/DESCONHECIDOS
G:\Meu Drive\2026 (1)\04 - ABR - 26\13 04\BOLETIM_RADIO_TJRN_13_04_2026_B9_CONTRATACAO_MEDICO_IRREGULAR.mp3,SIM,BOLETIM,H:\Meu Drive\02_PRODUCAO/BOLETINS
G:\Meu Drive\2026 (1)\04 - ABR - 26\13 04\BOLETIM_RADIO_TJRN_13_04_2026_B8_SUSPENSAO_FATURA_ENERGIA_ELETRICA.mp3,SIM,BOLETIM,H:\Meu Drive\02_PRODUCAO/BOLETINS
G:\Meu Drive\2026 (1)\04 - ABR - 26\13 04\BOLETIM_RADIO_TJRN_13_04_2026_B6_TJRN_CONVOCA_45_TECNICOS_.mp3,SIM,BOLETIM,H:\Meu Drive\02_PRODUCAO/BOLETINS
G:\Meu Drive\2026 (1)\04 - ABR - 26\13 04\BOLETIM_RADIO_TJRN_13_04_2026_B1_TJRN_CONDENA_PLATAFORMA_DIGITAL_FALHA_.mp3,SIM,BOLETIM,H:\Meu Drive\02_PRODUCAO/BOLETINS
G:\Meu Drive\2026 (1)\04 - ABR - 26\13 04\BOLETIM_RADIO_TJRN_13_04_2026_B5_TJRN_PASSAGEIRA_RECEBEU_MALA_DANIFICADA_.mp3,SIM,BOLETIM,H:\Meu Drive\02_PRODUCAO/BOLETINS
G:\Meu Drive\2026 (1)\04 - ABR - 26\13 04\BOLETIM_RADIO_TJRN_13_04_2026_B10_SUPLEMENTO_CRIANCA_SELETIVIDADE.mp3,SIM,BOLETIM,H:\Meu Drive\02_PRODUCAO/BOLETINS
G:\Meu Drive\2026 (1)\04 - ABR - 26\13 04\BOLETIM_RADIO_TJRN_13_04_2026_B7_DANOS_MORAIS_MANOBRA_IRREGULAR.mp3,SIM,BOLETIM,H:\Meu Drive\02_PRODUCAO/BOLETINS
G:\Meu Drive\2026 (1)\04 - ABR - 26\13 04\BOLETIM_RADIO_TJRN_13_04_2026_B3_TJRN_IPERN_CONDENADO_INDENIZAR_SERVIDORA_.mp3,SIM,BOLETIM,H:\Meu Drive\02_PRODUCAO/BOLETINS
G:\Meu Drive\2026 (1)\04 - ABR - 26\13 04\BOLETIM_RADIO_TJRN_13_04_2026_B4_TJRN_ACUSADOS_CRIMES_TRAFICO_.mp3,SIM,BOLETIM,H:\Meu Drive\02_PRODUCAO/BOLETINS
G:\Meu Drive\2026 (1)\04 - ABR - 26\13 04\BOLETIM_RADIO_TJRN_13_04_2026_B2_TJRN_PARNAMIRIM_CONDENADO_ACIDENTE_TRANSPORTE_.mp3,SIM,BOLETIM,H:\Meu Drive\02_PRODUCAO/BOLETINS
G:\Meu Drive\2026 (1)\04 - ABR - 26\13 04\desktop.ini,NÃO,-,G:\Meu Drive\Arquivos_Pessoais_Para_Verificacao\Outros
G:\Meu Drive\2026 (1)\04 - ABR - 26\08 04\TEXTOS 08 04.gdoc,SIM,DESCONHECIDO,H:\Meu Drive\01_ROTEIROS/DESCONHECIDOS
G:\Meu Drive\2026 (1)\04 - ABR - 26\08 04\BOLETIM_RADIO_TJRN_08_04_2026_B6_TJRN_VIGILANTE_AUXILIAR_CONDENADOS_.mp3,SIM,BOLETIM,H:\Meu Drive\02_PRODUCAO/BOLETINS
G:\Meu Drive\2026 (1)\04 - ABR - 26\08 04\BOLETIM_RADIO_TJRN_08_04_2026_B4_TJRN_PLANO_SAUDE_CONDENADO_CIRURGIA_OCULAR_.mp3,SIM,BOLETIM,H:\Meu Drive\02_PRODUCAO/BOLETINS
G:\Meu Drive\2026 (1)\04 - ABR - 26\08 04\BOLETIM_RADIO_TJRN_08_04_2026_B2_TJRN_BANCO_CONDENADO_VAZAMENTOS_DADOS_.mp3,SIM,BOLETIM,H:\Meu Drive\02_PRODUCAO/BOLETINS
G:\Meu Drive\2026 (1)\04 - ABR - 26\08 04\BOLETIM_RADIO_TJRN_08_04_2026_B1_TJRN_SANTA_CRUZ_PROJETOS_SOCIAIS_.mp3,SIM,BOLETIM,H:\Meu Drive\02_PRODUCAO/BOLETINS
G:\Meu Drive\2026 (1)\04 - ABR - 26\08 04\BOLETIM_RADIO_TJRN_08_04_2026_B8_TJRN_FALHA_DEPOSITO_BANCARIO_.mp3,SIM,BOLETIM,H:\Meu Drive\02_PRODUCAO/BOLETINS
G:\Meu Drive\2026 (1)\04 - ABR - 26\08 04\BOLETIM_RADIO_TJRN_08_04_2026_B9_TJRN_ANULA_CONTRATO_OTICA_.mp3,SIM,BOLETIM,H:\Meu Drive\02_PRODUCAO/BOLETINS
G:\Meu Drive\2026 (1)\04 - ABR - 26\08 04\BOLETIM_RADIO_TJRN_08_04_2026_B3_TJRN_ACAO_ALIMENTOS_IDOSO_ALZHEIMER_.mp3,SIM,BOLETIM,H:\Meu Drive\02_PRODUCAO/BOLETINS
G:\Meu Drive\2026 (1)\04 - ABR - 26\08 04\BOLETIM_RADIO_TJRN_08_04_2026_B5_TJRN_SENTENCA_EXIGENCIA_PROCURACAO_DETRAN_.mp3,SIM,BOLETIM,H:\Meu Drive\02_PRODUCAO/BOLETINS
G:\Meu Drive\2026 (1)\04 - ABR - 26\08 04\BOLETIM_RADIO_TJRN_08_04_2026_B10_TJRN_SEMANA_NACIONAL_SAUDE.mp3,SIM,BOLETIM,H:\Meu Drive\02_PRODUCAO/BOLETINS
G:\Meu Drive\2026 (1)\04 - ABR - 26\08 04\BOLETIM_RADIO_TJRN_08_04_2026_B7_TJRN_PLATAFORMA_NAO_EFETIVA_RESERVA_HOTEL.mp3,SIM,BOLETIM,H:\Meu Drive\02_PRODUCAO/BOLETINS
G:\Meu Drive\2026 (1)\04 - ABR - 26\08 04\desktop.ini,NÃO,-,G:\Meu Drive\Arquivos_Pessoais_Para_Verificacao\Outros
G:\Meu Drive\2026 (1)\04 - ABR - 26\09 04\TEXTOS 09 04.gdoc,SIM,DESCONHECIDO,H:\Meu Drive\01_ROTEIROS/DESCONHECIDOS
G:\Meu Drive\2026 (1)\04 - ABR - 26\09 04\BOLETIM_RADIO_TJRN_09_04_2026_B3_TJRN_TECNICO_PAGAMENTO_SERVICO_.mp3,SIM,BOLETIM,H:\Meu Drive\02_PRODUCAO/BOLETINS
G:\Meu Drive\2026 (1)\04 - ABR - 26\09 04\BOLETIM_RADIO_TJRN_09_04_2026_B6_TJRN_CAMARA_SESSAO_EXTRAORDINARIA_HIBRIDA_.mp3,SIM,BOLETIM,H:\Meu Drive\02_PRODUCAO/BOLETINS
G:\Meu Drive\2026 (1)\04 - ABR - 26\09 04\BOLETIM_RADIO_TJRN_09_04_2026_B10_TRERN_AUTOATENDIMENTO_ELEITORAL_BIOMETRIA_.mp3,SIM,BOLETIM,H:\Meu Drive\02_PRODUCAO/BOLETINS
G:\Meu Drive\2026 (1)\04 - ABR - 26\09 04\BOLETIM_RADIO_TJRN_09_04_2026_B8_TRTRN_NOVA_SALA_ESPERA_AUDIENCIA_.mp3,SIM,BOLETIM,H:\Meu Drive\02_PRODUCAO/BOLETINS
G:\Meu Drive\2026 (1)\04 - ABR - 26\09 04\BOLETIM_RADIO_TJRN_09_04_2026_B5_TJRN_MANTIDA_CONDENACAO_EMPRESA_AEREA_.mp3,SIM,BOLETIM,H:\Meu Drive\02_PRODUCAO/BOLETINS
G:\Meu Drive\2026 (1)\04 - ABR - 26\09 04\BOLETIM_RADIO_TJRN_09_04_2026_B1_TJRN_COBRANCA_INDEVIDA_BAGAGEM_.mp3,SIM,BOLETIM,H:\Meu Drive\02_PRODUCAO/BOLETINS
G:\Meu Drive\2026 (1)\04 - ABR - 26\09 04\BOLETIM_RADIO_TJRN_09_04_2026_B7_TJRN_SEMANA_NACIONAL_REGISTRO_CIVIL.mp3,SIM,BOLETIM,H:\Meu Drive\02_PRODUCAO/BOLETINS
G:\Meu Drive\2026 (1)\04 - ABR - 26\09 04\BOLETIM_RADIO_TJRN_09_04_2026_B4_TJRN_SUPOSTO_DESVIO_FUNCAO_PM.mp3,SIM,BOLETIM,H:\Meu Drive\02_PRODUCAO/BOLETINS
G:\Meu Drive\2026 (1)\04 - ABR - 26\09 04\BOLETIM_RADIO_TJRN_09_04_2026_B9_TRERN_CAMPANHA_ARRECADACOES_LIVROS_INFANTIS_.mp3,SIM,BOLETIM,H:\Meu Drive\02_PRODUCAO/BOLETINS
G:\Meu Drive\2026 (1)\04 - ABR - 26\09 04\BOLETIM_RADIO_TJRN_09_04_2026_B2_TJRN_MANTEM_CONDENACAO_ACUSADOS_ROUBO.mp3,SIM,BOLETIM,H:\Meu Drive\02_PRODUCAO/BOLETINS
G:\Meu Drive\2026 (1)\04 - ABR - 26\09 04\desktop.ini,NÃO,-,G:\Meu Drive\Arquivos_Pessoais_Para_Verificacao\Outros
G:\Meu Drive\2026 (1)\04 - ABR - 26\16 04\BOLETIM_RADIO_TJRN_16_04_2026_B2_TJRN_ACUSADO_VARIOS_DELITOS_GOIANINHA_.mp3,SIM,BOLETIM,H:\Meu Drive\02_PRODUCAO/BOLETINS
G:\Meu Drive\2026 (1)\04 - ABR - 26\16 04\TEXTOS 15 04.gdoc,SIM,DESCONHECIDO,H:\Meu Drive\01_ROTEIROS/DESCONHECIDOS
G:\Meu Drive\2026 (1)\04 - ABR - 26\16 04\BOLETIM_RADIO_TJRN_16_04_2026_B9_TJRN_ACAO_INTEGRADA_EMISSAO_DOCUMENTOS_.mp3,SIM,BOLETIM,H:\Meu Drive\02_PRODUCAO/BOLETINS
G:\Meu Drive\2026 (1)\04 - ABR - 26\16 04\BOLETIM_RADIO_TJRN_16_04_2026_B10_OABRN_PADRONIZACAO_PROCESSOS_.mp3,SIM,BOLETIM,H:\Meu Drive\02_PRODUCAO/BOLETINS
G:\Meu Drive\2026 (1)\04 - ABR - 26\16 04\BOLETIM_RADIO_TJRN_16_04_2026_B7_MPRN_VERBAS_PECUNIARIAS_.mp3,SIM,BOLETIM,H:\Meu Drive\02_PRODUCAO/BOLETINS
G:\Meu Drive\2026 (1)\04 - ABR - 26\16 04\BOLETIM_RADIO_TJRN_16_04_2026_B5_TJRN_MUNICIPIO_NATAL_CONDENADO_TRANSBORDAMENTO_.mp3,SIM,BOLETIM,H:\Meu Drive\02_PRODUCAO/BOLETINS
G:\Meu Drive\2026 (1)\04 - ABR - 26\16 04\BOLETIM_RADIO_TJRN_16_04_2026_B4_TJRN_CANCELAMENTO_PASSAGENS_AEREAS_COLOMBIA_.mp3,SIM,BOLETIM,H:\Meu Drive\02_PRODUCAO/BOLETINS
G:\Meu Drive\2026 (1)\04 - ABR - 26\16 04\BOLETIM_RADIO_TJRN_16_04_2026_B8_CMN_PACOTE_GRATUIDADE_TRANSPORTE_PUBLICO_.mp3,SIM,BOLETIM,H:\Meu Drive\02_PRODUCAO/BOLETINS
G:\Meu Drive\2026 (1)\04 - ABR - 26\16 04\BOLETIM_RADIO_TJRN_16_04_2026_B3_TJRN_CONDENA_MOTORISTA_ACIDENTE_MOTOCICLISTA_.mp3,SIM,BOLETIM,H:\Meu Drive\02_PRODUCAO/BOLETINS
G:\Meu Drive\2026 (1)\04 - ABR - 26\16 04\BOLETIM_RADIO_TJRN_16_04_2026_B6_TJRN_CONDENA_LOJA_INDENIZACAO_.mp3,SIM,BOLETIM,H:\Meu Drive\02_PRODUCAO/BOLETINS
G:\Meu Drive\2026 (1)\04 - ABR - 26\16 04\BOLETIM_RADIO_TJRN_16_04_2026_B1_TJRN_PACIENTE_INDENIZADO_CICATRIZ_QUEIXO.mp3,SIM,BOLETIM,H:\Meu Drive\02_PRODUCAO/BOLETINS
G:\Meu Drive\2026 (1)\04 - ABR - 26\16 04\desktop.ini,NÃO,-,G:\Meu Drive\Arquivos_Pessoais_Para_Verificacao\Outros
G:\Meu Drive\2026 (1)\04 - ABR - 26\24 04\BOLETIM_RADIO_TJRN_24_04_2026_B5_REGULARIZACAO_EMPREENDIMENTO_PONTA_NEGRA.mp3,SIM,BOLETIM,H:\Meu Drive\02_PRODUCAO/BOLETINS
G:\Meu Drive\2026 (1)\04 - ABR - 26\24 04\BOLETIM_RADIO_TJRN_24_04_2026_B7_TRT_DIALOGO_CONCILIACAO.mp3,SIM,BOLETIM,H:\Meu Drive\02_PRODUCAO/BOLETINS
G:\Meu Drive\2026 (1)\04 - ABR - 26\24 04\BOLETIM_RADIO_TJRN_24_04_2026_B1_ATRASO_TRANSPORTE_INDENIZACAO.mp3,SIM,BOLETIM,H:\Meu Drive\02_PRODUCAO/BOLETINS
G:\Meu Drive\2026 (1)\04 - ABR - 26\24 04\BOLETIM_RADIO_TJRN_24_04_2026_B2_BLOQUEIO_INDEVIDO_APLICATIVO.mp3,SIM,BOLETIM,H:\Meu Drive\02_PRODUCAO/BOLETINS
G:\Meu Drive\2026 (1)\04 - ABR - 26\24 04\BOLETIM_RADIO_TJRN_24_04_2026_B10_PROJETO_LAIS_SAUDE.mp3,SIM,BOLETIM,H:\Meu Drive\02_PRODUCAO/BOLETINS
G:\Meu Drive\2026 (1)\04 - ABR - 26\24 04\BOLETIM_RADIO_TJRN_24_04_2026_B9_CENTRAL_ESTADUAL_LIBRAS.mp3,SIM,BOLETIM,H:\Meu Drive\02_PRODUCAO/BOLETINS
G:\Meu Drive\2026 (1)\04 - ABR - 26\24 04\BOLETIM_RADIO_TJRN_24_04_2026_B4_RETROATIVO_GRATIFICACAO_DENTISTA.mp3,SIM,BOLETIM,H:\Meu Drive\02_PRODUCAO/BOLETINS
G:\Meu Drive\2026 (1)\04 - ABR - 26\24 04\BOLETIM_RADIO_TJRN_24_04_2026_B8_LIBERACAO_1_MILHAO_HENRIQUE_LAJES.mp3,SIM,BOLETIM,H:\Meu Drive\02_PRODUCAO/BOLETINS
G:\Meu Drive\2026 (1)\04 - ABR - 26\24 04\BOLETIM_RADIO_TJRN_24_04_2026_B6_ESTAGIO_DIREITO_VARA_CIVEL.mp3,SIM,BOLETIM,H:\Meu Drive\02_PRODUCAO/BOLETINS
G:\Meu Drive\2026 (1)\04 - ABR - 26\24 04\BOLETIM_RADIO_TJRN_24_04_2026_B3_PERDA_AUDITIVA_MOTORISTA_AMBULANCIA.mp3,SIM,BOLETIM,H:\Meu Drive\02_PRODUCAO/BOLETINS
G:\Meu Drive\2026 (1)\04 - ABR - 26\24 04\desktop.ini,NÃO,-,G:\Meu Drive\Arquivos_Pessoais_Para_Verificacao\Outros
G:\Meu Drive\2026 (1)\04 - ABR - 26\17 04\BOLETIM_RADIO_TJRN_17_04_2026_B2_TJRN_RECONHECE_COMPETENCIA_IELMO_MARINHO_TAXA_.mp3,SIM,BOLETIM,H:\Meu Drive\02_PRODUCAO/BOLETINS
G:\Meu Drive\2026 (1)\04 - ABR - 26\17 04\BOLETIM_RADIO_TJRN_17_04_2026_B5_TRTRN_PROJETO_ACESSIBILIDADE_ATITUDINAL_.mp3,SIM,BOLETIM,H:\Meu Drive\02_PRODUCAO/BOLETINS
G:\Meu Drive\2026 (1)\04 - ABR - 26\17 04\BOLETIM_RADIO_TJRN_17_04_2026_B8_CONDENACAO_PAGAMENTO_FUNCARTE.mp3,SIM,BOLETIM,H:\Meu Drive\02_PRODUCAO/BOLETINS
G:\Meu Drive\2026 (1)\04 - ABR - 26\17 04\BOLETIM_RADIO_TJRN_17_04_2026_B6_MPRN_JURI_CONDENACAO_HOMEM_MORTE.mp3,SIM,BOLETIM,H:\Meu Drive\02_PRODUCAO/BOLETINS
G:\Meu Drive\2026 (1)\04 - ABR - 26\17 04\BOLETIM_RADIO_TJRN_17_04_2026_B9_CONDENACAO_COSERN_INDENIZACAO.mp3,SIM,BOLETIM,H:\Meu Drive\02_PRODUCAO/BOLETINS
G:\Meu Drive\2026 (1)\04 - ABR - 26\17 04\BOLETIM_RADIO_TJRN_17_04_2026_B3_TJRN_DETERMINA_EXCLUSAO_48_HORAS_.mp3,SIM,BOLETIM,H:\Meu Drive\02_PRODUCAO/BOLETINS
G:\Meu Drive\2026 (1)\04 - ABR - 26\17 04\BOLETIM_RADIO_TJRN_17_04_2026_B7_FUNDO_INFANCIA_GROSSOS.mp3,SIM,BOLETIM,H:\Meu Drive\02_PRODUCAO/BOLETINS
G:\Meu Drive\2026 (1)\04 - ABR - 26\17 04\BOLETIM_RADIO_TJRN_17_04_2026_B10_ACUMULO_FUNCOES_POLICIAL_CIVIL.mp3,SIM,BOLETIM,H:\Meu Drive\02_PRODUCAO/BOLETINS
G:\Meu Drive\2026 (1)\04 - ABR - 26\17 04\BOLETIM_RADIO_TJRN_17_04_2026_B4_TJRN_PARTICIPA_EXPANSAO_PLATAFORMA_.mp3,SIM,BOLETIM,H:\Meu Drive\02_PRODUCAO/BOLETINS
G:\Meu Drive\2026 (1)\04 - ABR - 26\17 04\BOLETIM_RADIO_TJRN_17_04_2026_B1_TJRN_PACIENTE_INDENIZADO_FALHA_PLANO.mp3,SIM,BOLETIM,H:\Meu Drive\02_PRODUCAO/BOLETINS
G:\Meu Drive\2026 (1)\04 - ABR - 26\17 04\desktop.ini,NÃO,-,G:\Meu Drive\Arquivos_Pessoais_Para_Verificacao\Outros
G:\Meu Drive\2026 (1)\04 - ABR - 26\23 04\BOLETIM_RADIO_TJRN_23_04_2026_B8_MPRN_RECOMENDA_REGULARIZACAO_LIXO.mp3,SIM,BOLETIM,H:\Meu Drive\02_PRODUCAO/BOLETINS
G:\Meu Drive\2026 (1)\04 - ABR - 26\23 04\BOLETIM_RADIO_TJRN_23_04_2026_B7_TCE_RN_TREINAMENTO_GESTORES_TRANSPARENCIA_.mp3,SIM,BOLETIM,H:\Meu Drive\02_PRODUCAO/BOLETINS
G:\Meu Drive\2026 (1)\04 - ABR - 26\23 04\BOLETIM_RADIO_TJRN_23_04_2026_B5_EMPRESA_ONIBUS_CONDENACAO.mp3,SIM,BOLETIM,H:\Meu Drive\02_PRODUCAO/BOLETINS
G:\Meu Drive\2026 (1)\04 - ABR - 26\23 04\BOLETIM_RADIO_TJRN_23_04_2026_B2_DANOS_MORAIS_MESA_MADEIRA.mp3,SIM,BOLETIM,H:\Meu Drive\02_PRODUCAO/BOLETINS
G:\Meu Drive\2026 (1)\04 - ABR - 26\23 04\BOLETIM_RADIO_TJRN_23_04_2026_B4_FALHA_SEGURANCA_DADOS.mp3,SIM,BOLETIM,H:\Meu Drive\02_PRODUCAO/BOLETINS
G:\Meu Drive\2026 (1)\04 - ABR - 26\23 04\BOLETIM_RADIO_TJRN_23_04_2026_B1_ROUBO_MAJORADO_CONDENACAO.mp3,SIM,BOLETIM,H:\Meu Drive\02_PRODUCAO/BOLETINS
G:\Meu Drive\2026 (1)\04 - ABR - 26\23 04\BOLETIM_RADIO_TJRN_23_04_2026_B9_TRE_RN_APERFEICOAMENTO_MAGISTRATURA_.mp3,SIM,BOLETIM,H:\Meu Drive\02_PRODUCAO/BOLETINS
G:\Meu Drive\2026 (1)\04 - ABR - 26\23 04\BOLETIM_RADIO_TJRN_23_04_2026_B6_GRUPO_APOIO_METAS_ESTAGIO.mp3,SIM,BOLETIM,H:\Meu Drive\02_PRODUCAO/BOLETINS
G:\Meu Drive\2026 (1)\04 - ABR - 26\23 04\BOLETIM_RADIO_TJRN_23_04_2026_B3_IRREGULARIDADE_LEILAO.mp3,SIM,BOLETIM,H:\Meu Drive\02_PRODUCAO/BOLETINS
G:\Meu Drive\2026 (1)\04 - ABR - 26\23 04\BOLETIM_RADIO_TJRN_23_04_2026_B10_TRT_RN_LEILAO_2026.mp3,SIM,BOLETIM,H:\Meu Drive\02_PRODUCAO/BOLETINS
G:\Meu Drive\2026 (1)\04 - ABR - 26\23 04\desktop.ini,NÃO,-,G:\Meu Drive\Arquivos_Pessoais_Para_Verificacao\Outros
G:\Meu Drive\2026 (1)\04 - ABR - 26\15 04\BOLETIM_RADIO_TJRN_15_04_2026_B3_TJRN_COLISAO_E_FUGA_CONDUTOR_.mp3,SIM,BOLETIM,H:\Meu Drive\02_PRODUCAO/BOLETINS
G:\Meu Drive\2026 (1)\04 - ABR - 26\15 04\BOLETIM_RADIO_TJRN_15_04_2026_B8_DPERN_INSCRICAO_CANDIDATO_PM.mp3,SIM,BOLETIM,H:\Meu Drive\02_PRODUCAO/BOLETINS
G:\Meu Drive\2026 (1)\04 - ABR - 26\15 04\BOLETIM_RADIO_TJRN_15_04_2026_B5_TJRN_SELECAO_ESTAGIO_PAU_FERROS_.mp3,SIM,BOLETIM,H:\Meu Drive\02_PRODUCAO/BOLETINS
G:\Meu Drive\2026 (1)\04 - ABR - 26\15 04\BOLETIM_RADIO_TJRN_15_04_2026_B4_TJRN_VARA_CIVEL_NATAL_PREMIO_ADVOGADOS_.mp3,SIM,BOLETIM,H:\Meu Drive\02_PRODUCAO/BOLETINS
G:\Meu Drive\2026 (1)\04 - ABR - 26\15 04\BOLETIM_RADIO_TJRN_15_04_2026_B7_TRTRN_PROGRAMA_REGISTRE_SE.mp3,SIM,BOLETIM,H:\Meu Drive\02_PRODUCAO/BOLETINS
G:\Meu Drive\2026 (1)\04 - ABR - 26\15 04\TEXTO 15 04.gdoc,SIM,DESCONHECIDO,H:\Meu Drive\01_ROTEIROS/DESCONHECIDOS
G:\Meu Drive\2026 (1)\04 - ABR - 26\15 04\BOLETIM_RADIO_TJRN_15_04_2026_B1_TJRN_ADVOGADA_CONSTRANGIDA_.mp3,SIM,BOLETIM,H:\Meu Drive\02_PRODUCAO/BOLETINS
G:\Meu Drive\2026 (1)\04 - ABR - 26\15 04\BOLETIM_RADIO_TJRN_15_04_2026_B10_TRE_RN_CARTILHA_PROPAGANDA_ELEITORAL_.mp3,SIM,BOLETIM,H:\Meu Drive\02_PRODUCAO/BOLETINS
G:\Meu Drive\2026 (1)\04 - ABR - 26\15 04\BOLETIM_RADIO_TJRN_15_04_2026_B2_TJRN_EMPRESARIA_INDENIZADA_.mp3,SIM,BOLETIM,H:\Meu Drive\02_PRODUCAO/BOLETINS
G:\Meu Drive\2026 (1)\04 - ABR - 26\15 04\BOLETIM_RADIO_TJRN_15_04_2026_B9_MPRN_IMPLEMENTACAO_CAMERAS_VIDEOMONITORAMENTO_.mp3,SIM,BOLETIM,H:\Meu Drive\02_PRODUCAO/BOLETINS
G:\Meu Drive\2026 (1)\04 - ABR - 26\15 04\BOLETIM_RADIO_TJRN_15_04_2026_B6_TJRN_NOMEIA_TRES_CANDIDATOS_.mp3,SIM,BOLETIM,H:\Meu Drive\02_PRODUCAO/BOLETINS
G:\Meu Drive\2026 (1)\04 - ABR - 26\15 04\desktop.ini,NÃO,-,G:\Meu Drive\Arquivos_Pessoais_Para_Verificacao\Outros
G:\Meu Drive\2026 (1)\04 - ABR - 26\22 04\BOLETIM_RADIO_TJRN_22_04_2026_B10_MPRN_RECOMENDA_RETIRADA_PLACAS_AREZ.mp3,SIM,BOLETIM,H:\Meu Drive\02_PRODUCAO/BOLETINS
G:\Meu Drive\2026 (1)\04 - ABR - 26\22 04\BOLETIM_RADIO_TJRN_22_04_2026_B9_TRTRN_CONTRATO_INTERMITENTE_FALHA_CTPS.mp3,SIM,BOLETIM,H:\Meu Drive\02_PRODUCAO/BOLETINS
G:\Meu Drive\2026 (1)\04 - ABR - 26\22 04\BOLETIM_RADIO_TJRN_22_04_2026_B2_ENCERRAMENTO_REGISTRE_SE.mp3,SIM,BOLETIM,H:\Meu Drive\02_PRODUCAO/BOLETINS
G:\Meu Drive\2026 (1)\04 - ABR - 26\22 04\BOLETIM_RADIO_TJRN_22_04_2026_B8_ESTAGIO_POS_JOAO_CAMARA.mp3,SIM,BOLETIM,H:\Meu Drive\02_PRODUCAO/BOLETINS
G:\Meu Drive\2026 (1)\04 - ABR - 26\22 04\BOLETIM_RADIO_TJRN_22_04_2026_B3_PENAS_PECUNIARIAS_ACARI.mp3,SIM,BOLETIM,H:\Meu Drive\02_PRODUCAO/BOLETINS
G:\Meu Drive\2026 (1)\04 - ABR - 26\22 04\BOLETIM_RADIO_TJRN_22_04_2026_B6_USUCAPIAO_NEGADO.mp3,SIM,BOLETIM,H:\Meu Drive\02_PRODUCAO/BOLETINS
G:\Meu Drive\2026 (1)\04 - ABR - 26\22 04\BOLETIM_RADIO_TJRN_22_04_2026_B7_GARANTIA_TRATAMENTO_PACIENTE.mp3,SIM,BOLETIM,H:\Meu Drive\02_PRODUCAO/BOLETINS
G:\Meu Drive\2026 (1)\04 - ABR - 26\22 04\BOLETIM_RADIO_TJRN_22_04_2026_B4_INDENIZACAO_ENERGIA.mp3,SIM,BOLETIM,H:\Meu Drive\02_PRODUCAO/BOLETINS
G:\Meu Drive\2026 (1)\04 - ABR - 26\22 04\BOLETIM_RADIO_TJRN_22_04_2026_B1_FORUM_NACIONAL_MEDIACAO.mp3,SIM,BOLETIM,H:\Meu Drive\02_PRODUCAO/BOLETINS
G:\Meu Drive\2026 (1)\04 - ABR - 26\22 04\BOLETIM_RADIO_TJRN_22_04_2026_B5_PAGAMENTO_ADICIONAL_RISCO_VIDA.mp3,SIM,BOLETIM,H:\Meu Drive\02_PRODUCAO/BOLETINS
G:\Meu Drive\2026 (1)\04 - ABR - 26\22 04\desktop.ini,NÃO,-,G:\Meu Drive\Arquivos_Pessoais_Para_Verificacao\Outros
G:\Meu Drive\2026 (1)\04 - ABR - 26\28 04\BOLETIM_RADIO_TJRN_28_04_2026_B10_TJRN_COOPERACAO_TECNICA.mp3,SIM,BOLETIM,H:\Meu Drive\02_PRODUCAO/BOLETINS
G:\Meu Drive\2026 (1)\04 - ABR - 26\28 04\BOLETIM_RADIO_TJRN_28_04_2026_B8_OABRN_LOCAIS_PROVA_ENAM.mp3,SIM,BOLETIM,H:\Meu Drive\02_PRODUCAO/BOLETINS
G:\Meu Drive\2026 (1)\04 - ABR - 26\28 04\BOLETIM_RADIO_TJRN_28_04_2026_B3_TJRN_EMPRESA_VESTUARIO_INDENIZACAO_.mp3,SIM,BOLETIM,H:\Meu Drive\02_PRODUCAO/BOLETINS
G:\Meu Drive\2026 (1)\04 - ABR - 26\28 04\BOLETIM_RADIO_TJRN_28_04_2026_B6_TJRN_OPERACAO_RECEPTOR_.mp3,SIM,BOLETIM,H:\Meu Drive\02_PRODUCAO/BOLETINS
G:\Meu Drive\2026 (1)\04 - ABR - 26\28 04\BOLETIM_RADIO_TJRN_28_04_2026_B7_MPRN_MANUNTENCAO_SERVICOS_SUS_.mp3,SIM,BOLETIM,H:\Meu Drive\02_PRODUCAO/BOLETINS
G:\Meu Drive\2026 (1)\04 - ABR - 26\28 04\BOLETIM_RADIO_TJRN_28_04_2026_B1_TJRN_CASO_POLLYANA_.mp3,SIM,BOLETIM,H:\Meu Drive\02_PRODUCAO/BOLETINS
G:\Meu Drive\2026 (1)\04 - ABR - 26\28 04\BOLETIM_RADIO_TJRN_28_04_2026_B2_TJRN_3_CAMARA_INGRESSOS_COOPERADOS_.mp3,SIM,BOLETIM,H:\Meu Drive\02_PRODUCAO/BOLETINS
G:\Meu Drive\2026 (1)\04 - ABR - 26\28 04\BOLETIM_RADIO_TJRN_28_04_2026_B9_DPERN_DECISAO_INDIGENAS_WARAO.mp3,SIM,BOLETIM,H:\Meu Drive\02_PRODUCAO/BOLETINS
G:\Meu Drive\2026 (1)\04 - ABR - 26\28 04\BOLETIM_RADIO_TJRN_28_04_2026_B4_TJRN_CITACAO_CONJUGE_.mp3,SIM,BOLETIM,H:\Meu Drive\02_PRODUCAO/BOLETINS
G:\Meu Drive\2026 (1)\04 - ABR - 26\28 04\BOLETIM_RADIO_TJRN_28_04_2026_B5_TJRN_JUSTICA_POTIGUAR_NESGA_ISENCAO_.mp3,SIM,BOLETIM,H:\Meu Drive\02_PRODUCAO/BOLETINS
G:\Meu Drive\2026 (1)\04 - ABR - 26\28 04\desktop.ini,NÃO,-,G:\Meu Drive\Arquivos_Pessoais_Para_Verificacao\Outros
G:\Meu Drive\2026 (1)\04 - ABR - 26\30 04\BOLETIM_RADIO_TJRN_30_04_2026_B4_TJRN_RECONHECE_VICIO_ACESSORIO_.mp3,SIM,BOLETIM,H:\Meu Drive\02_PRODUCAO/BOLETINS
G:\Meu Drive\2026 (1)\04 - ABR - 26\30 04\BOLETIM_RADIO_TJRN_30_04_2026_B8_TJRN_CASO_POLLYANA_CONDENA_SEIS_.mp3,SIM,BOLETIM,H:\Meu Drive\02_PRODUCAO/BOLETINS
G:\Meu Drive\2026 (1)\04 - ABR - 26\30 04\BOLETIM_RADIO_TJRN_30_04_2026_B5_TJRN_PACIENTE_ESCLEROSE_LATERAL.mp3,SIM,BOLETIM,H:\Meu Drive\02_PRODUCAO/BOLETINS
G:\Meu Drive\2026 (1)\04 - ABR - 26\30 04\BOLETIM_RADIO_TJRN_30_04_2026_B10_TRTRN_REVERTE_JUSTA_CAUSA_.mp3,SIM,BOLETIM,H:\Meu Drive\02_PRODUCAO/BOLETINS
G:\Meu Drive\2026 (1)\04 - ABR - 26\30 04\BOLETIM_RADIO_TJRN_30_04_2026_B9_TJRN_DESTAQUE_PREMIO_NACIONAL_CNJ.mp3,SIM,BOLETIM,H:\Meu Drive\02_PRODUCAO/BOLETINS
G:\Meu Drive\2026 (1)\04 - ABR - 26\30 04\BOLETIM_RADIO_TJRN_30_04_2026_B7_TJRN_MULHER_INDENIZADA_PERFIL_FRAUDULENTO_.mp3,SIM,BOLETIM,H:\Meu Drive\02_PRODUCAO/BOLETINS
G:\Meu Drive\2026 (1)\04 - ABR - 26\30 04\BOLETIM_RADIO_TJRN_30_04_2026_B3_TJRN_MANTIDO_JURI_ACUSADOS_HOMICIDIOS_.mp3,SIM,BOLETIM,H:\Meu Drive\02_PRODUCAO/BOLETINS
G:\Meu Drive\2026 (1)\04 - ABR - 26\30 04\BOLETIM_RADIO_TJRN_30_04_2026_B1_TJRN_CAMARA_VEREADORES_VIRGILIO_MACEDO_.mp3,SIM,BOLETIM,H:\Meu Drive\02_PRODUCAO/BOLETINS
G:\Meu Drive\2026 (1)\04 - ABR - 26\30 04\BOLETIM_RADIO_TJRN_30_04_2026_B2_TJRN_SESSAO_JURI_POLLYANA_.mp3,SIM,BOLETIM,H:\Meu Drive\02_PRODUCAO/BOLETINS
G:\Meu Drive\2026 (1)\04 - ABR - 26\30 04\BOLETIM_RADIO_TJRN_30_04_2026_B6_TJRN_REATIVACAO_PLANO_SAUDE_.mp3,SIM,BOLETIM,H:\Meu Drive\02_PRODUCAO/BOLETINS
G:\Meu Drive\2026 (1)\04 - ABR - 26\30 04\desktop.ini,NÃO,-,G:\Meu Drive\Arquivos_Pessoais_Para_Verificacao\Outros
G:\Meu Drive\2026 (1)\04 - ABR - 26\27 04\BOLETIM_RADIO_TJRN_27_04_2026_B4_CORTE_LUZ_SISTEMA_SOLAR.mp3,SIM,BOLETIM,H:\Meu Drive\02_PRODUCAO/BOLETINS
G:\Meu Drive\2026 (1)\04 - ABR - 26\27 04\BOLETIM_RADIO_TJRN_27_04_2026_B8_TJRN_SESSAO_ORDINARIA_HIBRIDA_.mp3,SIM,BOLETIM,H:\Meu Drive\02_PRODUCAO/BOLETINS
G:\Meu Drive\2026 (1)\04 - ABR - 26\27 04\BOLETIM_RADIO_TJRN_27_04_2026_B6_ESTAGIO_JARDIM_PIRANHAS.mp3,SIM,BOLETIM,H:\Meu Drive\02_PRODUCAO/BOLETINS
G:\Meu Drive\2026 (1)\04 - ABR - 26\27 04\BOLETIM_RADIO_TJRN_27_04_2026_B1_PLANO_SAUDE_CIRURGIA_BARIATRICA.mp3,SIM,BOLETIM,H:\Meu Drive\02_PRODUCAO/BOLETINS
G:\Meu Drive\2026 (1)\04 - ABR - 26\27 04\BOLETIM_RADIO_TJRN_27_04_2026_B5_ADICIONAL_INSALUBRIDADE_TECNICO_SAMU.mp3,SIM,BOLETIM,H:\Meu Drive\02_PRODUCAO/BOLETINS
G:\Meu Drive\2026 (1)\04 - ABR - 26\27 04\BOLETIM_RADIO_TJRN_27_04_2026_B9_MPRN_BLOQUEIO_PARNAMIRIM_.mp3,SIM,BOLETIM,H:\Meu Drive\02_PRODUCAO/BOLETINS
G:\Meu Drive\2026 (1)\04 - ABR - 26\27 04\BOLETIM_RADIO_TJRN_27_04_2026_B7_CONVOCACAO_HETEROIDENTIFICACAO_ENAM.mp3,SIM,BOLETIM,H:\Meu Drive\02_PRODUCAO/BOLETINS
G:\Meu Drive\2026 (1)\04 - ABR - 26\27 04\BOLETIM_RADIO_TJRN_27_04_2026_B3_TERAPIAS_CRIANCA_TEA.mp3,SIM,BOLETIM,H:\Meu Drive\02_PRODUCAO/BOLETINS
G:\Meu Drive\2026 (1)\04 - ABR - 26\27 04\BOLETIM_RADIO_TJRN_27_04_2026_B2_CONDOMINIO_LICENCAS_LEGAIS.mp3,SIM,BOLETIM,H:\Meu Drive\02_PRODUCAO/BOLETINS
G:\Meu Drive\2026 (1)\04 - ABR - 26\27 04\BOLETIM_RADIO_TJRN_27_04_2026_B10_TRTRN_EVENTO_PREPARATORIO_CONCILIACAO_.mp3,SIM,BOLETIM,H:\Meu Drive\02_PRODUCAO/BOLETINS
G:\Meu Drive\2026 (1)\04 - ABR - 26\27 04\desktop.ini,NÃO,-,G:\Meu Drive\Arquivos_Pessoais_Para_Verificacao\Outros
G:\Meu Drive\2026 (1)\04 - ABR - 26\29 04\BOLETIM_RADIO_TJRN_29_04_2026_B8_TJRN_PROGRAMA_JUSTICA_E_ESCOLA_.mp3,SIM,BOLETIM,H:\Meu Drive\02_PRODUCAO/BOLETINS
G:\Meu Drive\2026 (1)\04 - ABR - 26\29 04\BOLETIM_RADIO_TJRN_29_04_2026_B3_INDENIZACAO_GELADEIRA_DEFEITUOSA.mp3,SIM,BOLETIM,H:\Meu Drive\02_PRODUCAO/BOLETINS
G:\Meu Drive\2026 (1)\04 - ABR - 26\29 04\BOLETIM_RADIO_TJRN_29_04_2026_B5_HOMICIDIO_CULPOSO_NEGADO_RECURSO.mp3,SIM,BOLETIM,H:\Meu Drive\02_PRODUCAO/BOLETINS
G:\Meu Drive\2026 (1)\04 - ABR - 26\29 04\BOLETIM_RADIO_TJRN_29_04_2026_B10_MPRN_OPERACAO_TRAFICO_DROGAS_.mp3,SIM,BOLETIM,H:\Meu Drive\02_PRODUCAO/BOLETINS
G:\Meu Drive\2026 (1)\04 - ABR - 26\29 04\BOLETIM_RADIO_TJRN_29_04_2026_B4_EMPRESA_PENDENCIAS_TRIBUTARIAS.mp3,SIM,BOLETIM,H:\Meu Drive\02_PRODUCAO/BOLETINS
G:\Meu Drive\2026 (1)\04 - ABR - 26\29 04\BOLETIM_RADIO_TJRN_29_04_2026_B7_SEGUNDA_SEMANA_PAUTA_VERDE.mp3,SIM,BOLETIM,H:\Meu Drive\02_PRODUCAO/BOLETINS
G:\Meu Drive\2026 (1)\04 - ABR - 26\29 04\BOLETIM_RADIO_TJRN_29_04_2026_B1_INSCRICOES_PREMIO_INNOVARE.mp3,SIM,BOLETIM,H:\Meu Drive\02_PRODUCAO/BOLETINS
G:\Meu Drive\2026 (1)\04 - ABR - 26\29 04\BOLETIM_RADIO_TJRN_29_04_2026_B2_CUSTEIO_MATERIAIS_CIRURGICOS.mp3,SIM,BOLETIM,H:\Meu Drive\02_PRODUCAO/BOLETINS
G:\Meu Drive\2026 (1)\04 - ABR - 26\29 04\BOLETIM_RADIO_TJRN_29_04_2026_B6_DANOS_MORAIS_FOGAO_DEFEITUOSO.mp3,SIM,BOLETIM,H:\Meu Drive\02_PRODUCAO/BOLETINS
G:\Meu Drive\2026 (1)\04 - ABR - 26\29 04\BOLETIM_RADIO_TJRN_29_04_2026_B9_DPERN_RESTABELECIMENTO_AGUA_.mp3,SIM,BOLETIM,H:\Meu Drive\02_PRODUCAO/BOLETINS
G:\Meu Drive\2026 (1)\04 - ABR - 26\29 04\desktop.ini,NÃO,-,G:\Meu Drive\Arquivos_Pessoais_Para_Verificacao\Outros
G:\Meu Drive\2026 (1)\04 - ABR - 26\14 04\BOLETIM_RADIO_TJRN_14_04_2026_B6_CONDENACAO_FURTO_CARRO.mp3,SIM,BOLETIM,H:\Meu Drive\02_PRODUCAO/BOLETINS
G:\Meu Drive\2026 (1)\04 - ABR - 26\14 04\BOLETIM_RADIO_TJRN_14_04_2026_B10_INDENIZACAO_ALAGAMENTO_RESIDENCIA.mp3,SIM,BOLETIM,H:\Meu Drive\02_PRODUCAO/BOLETINS
G:\Meu Drive\2026 (1)\04 - ABR - 26\14 04\BOLETIM_RADIO_TJRN_14_04_2026_B9_CONDENACAO_GOLPE_IDOSA.mp3,SIM,BOLETIM,H:\Meu Drive\02_PRODUCAO/BOLETINS
G:\Meu Drive\2026 (1)\04 - ABR - 26\14 04\BOLETIM_RADIO_TJRN_14_04_2026_B7_REGISTRE_SE.mp3,SIM,BOLETIM,H:\Meu Drive\02_PRODUCAO/BOLETINS
G:\Meu Drive\2026 (1)\04 - ABR - 26\14 04\BOLETIM_RADIO_TJRN_14_04_2026_B8_BLOQUEIO_APLICATIVO_MENSAGENS.mp3,SIM,BOLETIM,H:\Meu Drive\02_PRODUCAO/BOLETINS
G:\Meu Drive\2026 (1)\04 - ABR - 26\14 04\BOLETIM_RADIO_TJRN_14_04_2026_B5_ACAO_EXTINTA_HETEROIDENTIFICACAO.mp3,SIM,BOLETIM,H:\Meu Drive\02_PRODUCAO/BOLETINS
G:\Meu Drive\2026 (1)\04 - ABR - 26\14 04\BOLETIM_RADIO_TJRN_14_04_2026_B4_INDENIZACAO_FALTA_HIGIENE_HOSPEDAGEM.mp3,SIM,BOLETIM,H:\Meu Drive\02_PRODUCAO/BOLETINS
G:\Meu Drive\2026 (1)\04 - ABR - 26\14 04\BOLETIM_RADIO_TJRN_14_04_2026_B1_BLOQUEIO_TRATAMENTO_CRIANCA_TEA.mp3,SIM,BOLETIM,H:\Meu Drive\02_PRODUCAO/BOLETINS
G:\Meu Drive\2026 (1)\04 - ABR - 26\14 04\BOLETIM_RADIO_TJRN_14_04_2026_B2_ANULACAO_DEBITO_TRIBUTARIO.mp3,SIM,BOLETIM,H:\Meu Drive\02_PRODUCAO/BOLETINS
G:\Meu Drive\2026 (1)\04 - ABR - 26\14 04\BOLETIM_RADIO_TJRN_14_04_2026_B3_CONDENACAO_PLANO_CIRURGIA_FACIAL.mp3,SIM,BOLETIM,H:\Meu Drive\02_PRODUCAO/BOLETINS
G:\Meu Drive\2026 (1)\04 - ABR - 26\14 04\desktop.ini,NÃO,-,G:\Meu Drive\Arquivos_Pessoais_Para_Verificacao\Outros
G:\Meu Drive\2026 (1)\04 - ABR - 26\28 04 - TER\B10- TJRN COOPERAÇÃO TÉCNICA.gdoc,SIM,DESCONHECIDO,H:\Meu Drive\01_ROTEIROS/DESCONHECIDOS
G:\Meu Drive\2026 (1)\04 - ABR - 26\28 04 - TER\B6- TJRN OPERAÇÃO RECEPTOR .gdoc,SIM,DESCONHECIDO,H:\Meu Drive\01_ROTEIROS/DESCONHECIDOS
G:\Meu Drive\2026 (1)\04 - ABR - 26\28 04 - TER\B2- TJRN 3 CÂMARA INGRESSOS COOPERADOS .gdoc,SIM,DESCONHECIDO,H:\Meu Drive\01_ROTEIROS/DESCONHECIDOS
G:\Meu Drive\2026 (1)\04 - ABR - 26\28 04 - TER\B4- TJRN CITAÇÃO CÔNJUGE .gdoc,SIM,DESCONHECIDO,H:\Meu Drive\01_ROTEIROS/DESCONHECIDOS
G:\Meu Drive\2026 (1)\04 - ABR - 26\28 04 - TER\B7- MPRN MANUNTENÇÃO SERVIÇOS SUS .gdoc,SIM,DESCONHECIDO,H:\Meu Drive\01_ROTEIROS/DESCONHECIDOS
G:\Meu Drive\2026 (1)\04 - ABR - 26\28 04 - TER\B9- DPERN DECISÃO INDÍGENAS WARAO.gdoc,SIM,DESCONHECIDO,H:\Meu Drive\01_ROTEIROS/DESCONHECIDOS
G:\Meu Drive\2026 (1)\04 - ABR - 26\28 04 - TER\B8- OAB RN LOCAIS PROVA ENAM.gdoc,SIM,DESCONHECIDO,H:\Meu Drive\01_ROTEIROS/DESCONHECIDOS
G:\Meu Drive\2026 (1)\04 - ABR - 26\28 04 - TER\B5- TJRN JUSTIÇA POTIGUAR NESGA ISENÇÃO .gdoc,SIM,DESCONHECIDO,H:\Meu Drive\01_ROTEIROS/DESCONHECIDOS
G:\Meu Drive\2026 (1)\04 - ABR - 26\28 04 - TER\B1- TJRN CASO POLLYANA .gdoc,SIM,DESCONHECIDO,H:\Meu Drive\01_ROTEIROS/DESCONHECIDOS
G:\Meu Drive\2026 (1)\04 - ABR - 26\28 04 - TER\B3- TJRN EMPRESA VESTUÁRIO INDENIZAÇÃO .gdoc,SIM,DESCONHECIDO,H:\Meu Drive\01_ROTEIROS/DESCONHECIDOS
G:\Meu Drive\2026 (1)\04 - ABR - 26\28 04 - TER\28 abril b6 a b9.m4a,SIM,DESCONHECIDO,H:\Meu Drive\02_PRODUCAO/DESCONHECIDOS
G:\Meu Drive\2026 (1)\04 - ABR - 26\28 04 - TER\desktop.ini,NÃO,-,G:\Meu Drive\Arquivos_Pessoais_Para_Verificacao\Outros
G:\Meu Drive\2026 (1)\04 - ABR - 26\10 04\BOLETIM_RADIO_TJRN_10_04_2026_B7_TJRN_TRIPLO_HOMICIDIO_NISIA_FLORESTA_JURI_MANTIDO_.mp3,SIM,BOLETIM,H:\Meu Drive\02_PRODUCAO/BOLETINS
G:\Meu Drive\2026 (1)\04 - ABR - 26\10 04\BOLETIM_RADIO_TJRN_10_04_2026_B4_TJRN_CLIENTE_SOFRE_GOLPE_EMPRESTIMO_CONSIGNADO_.mp3,SIM,BOLETIM,H:\Meu Drive\02_PRODUCAO/BOLETINS
G:\Meu Drive\2026 (1)\04 - ABR - 26\10 04\BOLETIM_RADIO_TJRN_10_04_2026_B5_TJRN_RECONHECE_DIREITO_CORRETOR_.mp3,SIM,BOLETIM,H:\Meu Drive\02_PRODUCAO/BOLETINS
G:\Meu Drive\2026 (1)\04 - ABR - 26\10 04\BOLETIM_RADIO_TJRN_10_04_2026_B2_TJRN_SUPERLOTACAO_CARCERARIA_PROGRESSAO_REGIME_.mp3,SIM,BOLETIM,H:\Meu Drive\02_PRODUCAO/BOLETINS
G:\Meu Drive\2026 (1)\04 - ABR - 26\10 04\BOLETIM_RADIO_TJRN_10_04_2026_B1_TJRN_DECISAO_REALIZACAO_PERICIA_ASSINATURA_.mp3,SIM,BOLETIM,H:\Meu Drive\02_PRODUCAO/BOLETINS
G:\Meu Drive\2026 (1)\04 - ABR - 26\10 04\BOLETIM_RADIO_TJRN_10_04_2026_B9_TJRN_RECONHECE_DESCUMPRIMENTO_CONTRATUAL_.mp3,SIM,BOLETIM,H:\Meu Drive\02_PRODUCAO/BOLETINS
G:\Meu Drive\2026 (1)\04 - ABR - 26\10 04\BOLETIM_RADIO_TJRN_10_04_2026_B6_TJRN_PLANO_SAUDE_COBRANCA_EXCESSIVA_.mp3,SIM,BOLETIM,H:\Meu Drive\02_PRODUCAO/BOLETINS
G:\Meu Drive\2026 (1)\04 - ABR - 26\10 04\BOLETIM_RADIO_TJRN_10_04_2026_B10_TJRN_DETERMINA_SUSPENSAO_ATO_CANDIDATA_APROVADA.mp3,SIM,BOLETIM,H:\Meu Drive\02_PRODUCAO/BOLETINS
G:\Meu Drive\2026 (1)\04 - ABR - 26\10 04\BOLETIM_RADIO_TJRN_10_04_2026_B8_TJRN_DUPLA_CONDENADA_ASSALTO_.mp3,SIM,BOLETIM,H:\Meu Drive\02_PRODUCAO/BOLETINS
G:\Meu Drive\2026 (1)\04 - ABR - 26\10 04\BOLETIM_RADIO_TJRN_10_04_2026_B3_TJRN_COSERN_CANCELAR_DEBITO_FRAUDE_.mp3,SIM,BOLETIM,H:\Meu Drive\02_PRODUCAO/BOLETINS
G:\Meu Drive\2026 (1)\04 - ABR - 26\10 04\desktop.ini,NÃO,-,G:\Meu Drive\Arquivos_Pessoais_Para_Verificacao\Outros
G:\Meu Drive\2026 (1)\04 - ABR - 26\06 04 - SEG\B4- TJRN MUNICÍPIO GARANTIR CONSULTAS .gdoc,SIM,DESCONHECIDO,H:\Meu Drive\01_ROTEIROS/DESCONHECIDOS
G:\Meu Drive\2026 (1)\04 - ABR - 26\06 04 - SEG\B10- TJRN CONDENA FALSO ADVOGADO .gdoc,SIM,DESCONHECIDO,H:\Meu Drive\01_ROTEIROS/DESCONHECIDOS
G:\Meu Drive\2026 (1)\04 - ABR - 26\06 04 - SEG\B5- TJRN MANTÉM RESPONSABILIZAÇÃO DANOS ENCHENTE .gdoc,SIM,DESCONHECIDO,H:\Meu Drive\01_ROTEIROS/DESCONHECIDOS
G:\Meu Drive\2026 (1)\04 - ABR - 26\06 04 - SEG\B7- TJRN ACORDOS EXTRAJUDICIAIS PROSSEGUIMENTOS .gdoc,SIM,DESCONHECIDO,H:\Meu Drive\01_ROTEIROS/DESCONHECIDOS
G:\Meu Drive\2026 (1)\04 - ABR - 26\06 04 - SEG\B6- TJRN NEGA RECURSO ACUSADO TENTATIVA FEMINICÍDIO .gdoc,SIM,DESCONHECIDO,H:\Meu Drive\01_ROTEIROS/DESCONHECIDOS
G:\Meu Drive\2026 (1)\04 - ABR - 26\06 04 - SEG\B1- TJRN FALHA ELETRÔNICA REGISTRO DOCUMENTO .gdoc,SIM,DESCONHECIDO,H:\Meu Drive\01_ROTEIROS/DESCONHECIDOS
G:\Meu Drive\2026 (1)\04 - ABR - 26\06 04 - SEG\B3- TJRN COJUD PROCESSO SELETIVO .gdoc,SIM,DESCONHECIDO,H:\Meu Drive\01_ROTEIROS/DESCONHECIDOS
G:\Meu Drive\2026 (1)\04 - ABR - 26\06 04 - SEG\B9- TJRN GARANTE COBERTURA PARTO SEM CARÊNCIA .gdoc,SIM,DESCONHECIDO,H:\Meu Drive\01_ROTEIROS/DESCONHECIDOS
G:\Meu Drive\2026 (1)\04 - ABR - 26\06 04 - SEG\B8- TJRN DECISÃO REALIZAÇÃO PERÍCIA GRAFOTÉCNICA .gdoc,SIM,DESCONHECIDO,H:\Meu Drive\01_ROTEIROS/DESCONHECIDOS
G:\Meu Drive\2026 (1)\04 - ABR - 26\06 04 - SEG\B2- TJRN PROJETO GMF REDE SOCIOEDUCATIVA .gdoc,SIM,DESCONHECIDO,H:\Meu Drive\01_ROTEIROS/DESCONHECIDOS
G:\Meu Drive\2026 (1)\04 - ABR - 26\06 04 - SEG\desktop.ini,NÃO,-,G:\Meu Drive\Arquivos_Pessoais_Para_Verificacao\Outros
G:\Meu Drive\2026 (1)\04 - ABR - 26\09 04 - QUI\B7- TJRN SEMANA NACIONAL REGISTRO CIVIL.gdoc,SIM,DESCONHECIDO,H:\Meu Drive\01_ROTEIROS/DESCONHECIDOS
G:\Meu Drive\2026 (1)\04 - ABR - 26\09 04 - QUI\B9- TRE RN CAMPANHA ARRECADAÇÕES LIVROS INFANTIS .gdoc,SIM,DESCONHECIDO,H:\Meu Drive\01_ROTEIROS/DESCONHECIDOS
G:\Meu Drive\2026 (1)\04 - ABR - 26\09 04 - QUI\B10- TRE RN AUTOATENDIMENTO ELEITORAL BIOMETRIA .gdoc,SIM,DESCONHECIDO,H:\Meu Drive\01_ROTEIROS/DESCONHECIDOS
G:\Meu Drive\2026 (1)\04 - ABR - 26\09 04 - QUI\B4- TJRN SUPOSTO DESVIO FUNÇÃO PM.gdoc,SIM,DESCONHECIDO,H:\Meu Drive\01_ROTEIROS/DESCONHECIDOS
G:\Meu Drive\2026 (1)\04 - ABR - 26\09 04 - QUI\B2- TJRN MANTÉM CONDENAÇÃO ACUSADOS ROUBO.gdoc,SIM,DESCONHECIDO,H:\Meu Drive\01_ROTEIROS/DESCONHECIDOS
G:\Meu Drive\2026 (1)\04 - ABR - 26\09 04 - QUI\B5- TJRN MANTIDA CONDENAÇÃO EMPRESA AÉREA .gdoc,SIM,DESCONHECIDO,H:\Meu Drive\01_ROTEIROS/DESCONHECIDOS
G:\Meu Drive\2026 (1)\04 - ABR - 26\09 04 - QUI\B3- TJRN TECNICO PAGAMENTO SERVIÇO .gdoc,SIM,DESCONHECIDO,H:\Meu Drive\01_ROTEIROS/DESCONHECIDOS
G:\Meu Drive\2026 (1)\04 - ABR - 26\09 04 - QUI\B6- TJRN CÂMARA SESSÃO EXTRAORDINÁRIA HÍBRIDA .gdoc,SIM,DESCONHECIDO,H:\Meu Drive\01_ROTEIROS/DESCONHECIDOS
G:\Meu Drive\2026 (1)\04 - ABR - 26\09 04 - QUI\B8- TRT RN NOVA SALA ESPERA AUDIÊNCIA .gdoc,SIM,DESCONHECIDO,H:\Meu Drive\01_ROTEIROS/DESCONHECIDOS
G:\Meu Drive\2026 (1)\04 - ABR - 26\09 04 - QUI\B1- TJRN COBRANÇA INDEVIDA BAGAGEM .gdoc,SIM,DESCONHECIDO,H:\Meu Drive\01_ROTEIROS/DESCONHECIDOS
G:\Meu Drive\2026 (1)\04 - ABR - 26\09 04 - QUI\desktop.ini,NÃO,-,G:\Meu Drive\Arquivos_Pessoais_Para_Verificacao\Outros
G:\Meu Drive\2026 (1)\04 - ABR - 26\22 04 - QUA\B9- TRT RN CONTRATO INTERMITENTE FALHA CTPS.gdoc,SIM,DESCONHECIDO,H:\Meu Drive\01_ROTEIROS/DESCONHECIDOS
G:\Meu Drive\2026 (1)\04 - ABR - 26\22 04 - QUA\B10- MPRN RECOMENDA RETIRADA PLACAS AREZ.gdoc,SIM,DESCONHECIDO,H:\Meu Drive\01_ROTEIROS/DESCONHECIDOS
G:\Meu Drive\2026 (1)\04 - ABR - 26\22 04 - QUA\B8- ESTÁGIO PÓS JOÂO CÂMARA.gdoc,SIM,DESCONHECIDO,H:\Meu Drive\01_ROTEIROS/DESCONHECIDOS
G:\Meu Drive\2026 (1)\04 - ABR - 26\22 04 - QUA\B5- PAGAMENTO ADICIONAL RISCO VIDA.gdoc,SIM,DESCONHECIDO,H:\Meu Drive\01_ROTEIROS/DESCONHECIDOS
G:\Meu Drive\2026 (1)\04 - ABR - 26\22 04 - QUA\B7- GARANTIA TRATAMENTO PACIENTE.gdoc,SIM,DESCONHECIDO,H:\Meu Drive\01_ROTEIROS/DESCONHECIDOS
G:\Meu Drive\2026 (1)\04 - ABR - 26\22 04 - QUA\B4- INDENIZAÇÃO ENERGIA.gdoc,SIM,DESCONHECIDO,H:\Meu Drive\01_ROTEIROS/DESCONHECIDOS
G:\Meu Drive\2026 (1)\04 - ABR - 26\22 04 - QUA\B1- FÓRUM NACIONAL MEDIAÇÃO.gdoc,SIM,DESCONHECIDO,H:\Meu Drive\01_ROTEIROS/DESCONHECIDOS
G:\Meu Drive\2026 (1)\04 - ABR - 26\22 04 - QUA\B3- PENAS PECUNIÁRIAS ACARI.gdoc,SIM,DESCONHECIDO,H:\Meu Drive\01_ROTEIROS/DESCONHECIDOS
G:\Meu Drive\2026 (1)\04 - ABR - 26\22 04 - QUA\B2- ENCERRAMENTO REGISTRE-SE.gdoc,SIM,DESCONHECIDO,H:\Meu Drive\01_ROTEIROS/DESCONHECIDOS
G:\Meu Drive\2026 (1)\04 - ABR - 26\22 04 - QUA\B6- USUCAPIÃO NEGADO.gdoc,SIM,DESCONHECIDO,H:\Meu Drive\01_ROTEIROS/DESCONHECIDOS
G:\Meu Drive\2026 (1)\04 - ABR - 26\22 04 - QUA\desktop.ini,NÃO,-,G:\Meu Drive\Arquivos_Pessoais_Para_Verificacao\Outros
G:\Meu Drive\2026 (1)\04 - ABR - 26\14 04 - TER\B1- BLOQUEIO TRATAMENTO CRIANÇA TEA.gdoc,SIM,DESCONHECIDO,H:\Meu Drive\01_ROTEIROS/DESCONHECIDOS
G:\Meu Drive\2026 (1)\04 - ABR - 26\14 04 - TER\B4- INDENIZAÇÃO FALTA HIGIENE HOSPEDAGEM.gdoc,SIM,DESCONHECIDO,H:\Meu Drive\01_ROTEIROS/DESCONHECIDOS
G:\Meu Drive\2026 (1)\04 - ABR - 26\14 04 - TER\B8- BLOQUEIO APLICATIVO MENSAGENS.gdoc,SIM,DESCONHECIDO,H:\Meu Drive\01_ROTEIROS/DESCONHECIDOS
G:\Meu Drive\2026 (1)\04 - ABR - 26\14 04 - TER\B10- INDENIZAÇÃO ALAGAMENTO RESIDÊNCIA.gdoc,SIM,DESCONHECIDO,H:\Meu Drive\01_ROTEIROS/DESCONHECIDOS
G:\Meu Drive\2026 (1)\04 - ABR - 26\14 04 - TER\B3- CONDENAÇÃO PLANO CIRURGIA FACIAL.gdoc,SIM,DESCONHECIDO,H:\Meu Drive\01_ROTEIROS/DESCONHECIDOS
G:\Meu Drive\2026 (1)\04 - ABR - 26\14 04 - TER\B5- AÇÃO EXTINTA HETEROIDENTIFICAÇÃO.gdoc,SIM,DESCONHECIDO,H:\Meu Drive\01_ROTEIROS/DESCONHECIDOS
G:\Meu Drive\2026 (1)\04 - ABR - 26\14 04 - TER\B2- ANULAÇÃO DÉBITO TRIBUTÁRIO.gdoc,SIM,DESCONHECIDO,H:\Meu Drive\01_ROTEIROS/DESCONHECIDOS
G:\Meu Drive\2026 (1)\04 - ABR - 26\14 04 - TER\B7- REGISTRE-SE.gdoc,SIM,DESCONHECIDO,H:\Meu Drive\01_ROTEIROS/DESCONHECIDOS
G:\Meu Drive\2026 (1)\04 - ABR - 26\14 04 - TER\B6- CONDENAÇÃO FURTO CARRO.gdoc,SIM,DESCONHECIDO,H:\Meu Drive\01_ROTEIROS/DESCONHECIDOS
G:\Meu Drive\2026 (1)\04 - ABR - 26\14 04 - TER\B9- CONDENAÇÃO GOLPE IDOSA.gdoc,SIM,DESCONHECIDO,H:\Meu Drive\01_ROTEIROS/DESCONHECIDOS
G:\Meu Drive\2026 (1)\04 - ABR - 26\14 04 - TER\desktop.ini,NÃO,-,G:\Meu Drive\Arquivos_Pessoais_Para_Verificacao\Outros
G:\Meu Drive\2026 (1)\04 - ABR - 26\30 04 - QUI\B1- TJRN CÂMARA VEREADORES VIRGÍLIO MACEDO .gdoc,SIM,DESCONHECIDO,H:\Meu Drive\01_ROTEIROS/DESCONHECIDOS
G:\Meu Drive\2026 (1)\04 - ABR - 26\30 04 - QUI\B7- TJRN MULHER INDENIZADA PERFIL FRAUDULENTO .gdoc,SIM,DESCONHECIDO,H:\Meu Drive\01_ROTEIROS/DESCONHECIDOS
G:\Meu Drive\2026 (1)\04 - ABR - 26\30 04 - QUI\B8- TJRN CASO POLLYANA CONDENA SEIS .gdoc,SIM,DESCONHECIDO,H:\Meu Drive\01_ROTEIROS/DESCONHECIDOS
G:\Meu Drive\2026 (1)\04 - ABR - 26\30 04 - QUI\B3- TJRN MANTIDO JÚRI ACUSADOS HOMICÍDIOS .gdoc,SIM,DESCONHECIDO,H:\Meu Drive\01_ROTEIROS/DESCONHECIDOS
G:\Meu Drive\2026 (1)\04 - ABR - 26\30 04 - QUI\B10- TRT RN REVERTE JUSTA CAUSA .gdoc,SIM,DESCONHECIDO,H:\Meu Drive\01_ROTEIROS/DESCONHECIDOS
G:\Meu Drive\2026 (1)\04 - ABR - 26\30 04 - QUI\B4- TJRN RECONHECE VICIO ACESSÓRIO .gdoc,SIM,DESCONHECIDO,H:\Meu Drive\01_ROTEIROS/DESCONHECIDOS
G:\Meu Drive\2026 (1)\04 - ABR - 26\30 04 - QUI\B9- TJRN DESTAQUE PRÊMIO NACIONAL CNJ.gdoc,SIM,DESCONHECIDO,H:\Meu Drive\01_ROTEIROS/DESCONHECIDOS
G:\Meu Drive\2026 (1)\04 - ABR - 26\30 04 - QUI\B2- TJRN SESSÃO JÚRI POLLYANA .gdoc,SIM,DESCONHECIDO,H:\Meu Drive\01_ROTEIROS/DESCONHECIDOS
G:\Meu Drive\2026 (1)\04 - ABR - 26\30 04 - QUI\B5- TJRN PACIENTE ESCLEROSE LATERAL.gdoc,SIM,DESCONHECIDO,H:\Meu Drive\01_ROTEIROS/DESCONHECIDOS
G:\Meu Drive\2026 (1)\04 - ABR - 26\30 04 - QUI\B6- TJRN REATIVAÇÃO PLANO SAÚDE .gdoc,SIM,DESCONHECIDO,H:\Meu Drive\01_ROTEIROS/DESCONHECIDOS
G:\Meu Drive\2026 (1)\04 - ABR - 26\30 04 - QUI\desktop.ini,NÃO,-,G:\Meu Drive\Arquivos_Pessoais_Para_Verificacao\Outros
G:\Meu Drive\2026 (1)\04 - ABR - 26\15 04 - QUA\B9- MPRN IMPLEMENTAÇÃO CÂMERAS VIDEOMONITORAMENTO .gdoc,SIM,DESCONHECIDO,H:\Meu Drive\01_ROTEIROS/DESCONHECIDOS
G:\Meu Drive\2026 (1)\04 - ABR - 26\15 04 - QUA\B2- TJRN EMPRESÁRIA INDENIZADA .gdoc,SIM,DESCONHECIDO,H:\Meu Drive\01_ROTEIROS/DESCONHECIDOS
G:\Meu Drive\2026 (1)\04 - ABR - 26\15 04 - QUA\B8- DPERN INSCRIÇÃO CANDIDATO PM.gdoc,SIM,DESCONHECIDO,H:\Meu Drive\01_ROTEIROS/DESCONHECIDOS
G:\Meu Drive\2026 (1)\04 - ABR - 26\15 04 - QUA\B1- TJRN ADVOGADA CONSTRANGIDA .gdoc,SIM,DESCONHECIDO,H:\Meu Drive\01_ROTEIROS/DESCONHECIDOS
G:\Meu Drive\2026 (1)\04 - ABR - 26\15 04 - QUA\B5- TJRN SELEÇÃO ESTÁGIO PAU FERROS .gdoc,SIM,DESCONHECIDO,H:\Meu Drive\01_ROTEIROS/DESCONHECIDOS
G:\Meu Drive\2026 (1)\04 - ABR - 26\15 04 - QUA\B4- TJRN VARA CIVEL NATAL PREMIO ADVOGADOS .gdoc,SIM,DESCONHECIDO,H:\Meu Drive\01_ROTEIROS/DESCONHECIDOS
G:\Meu Drive\2026 (1)\04 - ABR - 26\15 04 - QUA\B10- TRE-RN CARTILHA PROPAGANDA ELEITORAL .gdoc,SIM,DESCONHECIDO,H:\Meu Drive\01_ROTEIROS/DESCONHECIDOS
G:\Meu Drive\2026 (1)\04 - ABR - 26\15 04 - QUA\B3- TJRN COLISÃO E FUGA CONDUTOR .gdoc,SIM,DESCONHECIDO,H:\Meu Drive\01_ROTEIROS/DESCONHECIDOS
G:\Meu Drive\2026 (1)\04 - ABR - 26\15 04 - QUA\B7- TRT RN PROGRAMA REGISTRE-SE.gdoc,SIM,DESCONHECIDO,H:\Meu Drive\01_ROTEIROS/DESCONHECIDOS
G:\Meu Drive\2026 (1)\04 - ABR - 26\15 04 - QUA\B6- TJRN NOMEIA TRÊS CANDIDATOS .gdoc,SIM,DESCONHECIDO,H:\Meu Drive\01_ROTEIROS/DESCONHECIDOS
G:\Meu Drive\2026 (1)\04 - ABR - 26\15 04 - QUA\desktop.ini,NÃO,-,G:\Meu Drive\Arquivos_Pessoais_Para_Verificacao\Outros
G:\Meu Drive\2026 (1)\04 - ABR - 26\10 04- SEX\B4- TJRN CLIENTE SOFRE GOLPE EMPRÉSTIMO CONSIGNADO .gdoc,SIM,DESCONHECIDO,H:\Meu Drive\01_ROTEIROS/DESCONHECIDOS
G:\Meu Drive\2026 (1)\04 - ABR - 26\10 04- SEX\B6- TJRN PLANO SAÚDE COBRANÇA EXCESSIVA .gdoc,SIM,DESCONHECIDO,H:\Meu Drive\01_ROTEIROS/DESCONHECIDOS
G:\Meu Drive\2026 (1)\04 - ABR - 26\10 04- SEX\B2- TJRN SUPERLOTAÇÃO CARCERÁRIA PROGRESSÃO REGIME .gdoc,SIM,DESCONHECIDO,H:\Meu Drive\01_ROTEIROS/DESCONHECIDOS
G:\Meu Drive\2026 (1)\04 - ABR - 26\10 04- SEX\B8- TJRN DUPLA CONDENADA ASSALTO .gdoc,SIM,DESCONHECIDO,H:\Meu Drive\01_ROTEIROS/DESCONHECIDOS
G:\Meu Drive\2026 (1)\04 - ABR - 26\10 04- SEX\B10- TJRN DETERMINA SUSPENSÃO ATO CANDIDATA APROVADA.gdoc,SIM,DESCONHECIDO,H:\Meu Drive\01_ROTEIROS/DESCONHECIDOS
G:\Meu Drive\2026 (1)\04 - ABR - 26\10 04- SEX\B9- TJRN RECONHECE DESCUMPRIMENTO CONTRATUAL .gdoc,SIM,DESCONHECIDO,H:\Meu Drive\01_ROTEIROS/DESCONHECIDOS
G:\Meu Drive\2026 (1)\04 - ABR - 26\10 04- SEX\B7- TJRN TRIPLO HOMICÍDIO NISIA FLORESTA JÚRI MANTIDO .gdoc,SIM,DESCONHECIDO,H:\Meu Drive\01_ROTEIROS/DESCONHECIDOS
G:\Meu Drive\2026 (1)\04 - ABR - 26\10 04- SEX\B1-TJRN DECISÃO REALIZAÇÃO PERÍCIA ASSINATURA .gdoc,SIM,DESCONHECIDO,H:\Meu Drive\01_ROTEIROS/DESCONHECIDOS
G:\Meu Drive\2026 (1)\04 - ABR - 26\10 04- SEX\B5- TJRN RECONHECE DIREITO CORRETOR .gdoc,SIM,DESCONHECIDO,H:\Meu Drive\01_ROTEIROS/DESCONHECIDOS
G:\Meu Drive\2026 (1)\04 - ABR - 26\10 04- SEX\B3- TJRN COSERN CANCELAR DÉBITO FRAUDE .gdoc,SIM,DESCONHECIDO,H:\Meu Drive\01_ROTEIROS/DESCONHECIDOS
G:\Meu Drive\2026 (1)\04 - ABR - 26\10 04- SEX\desktop.ini,NÃO,-,G:\Meu Drive\Arquivos_Pessoais_Para_Verificacao\Outros
G:\Meu Drive\2026 (1)\04 - ABR - 26\29 04 - QUA\B2- CUSTEIO MATERIAIS CIRÚRGICOS.gdoc,SIM,DESCONHECIDO,H:\Meu Drive\01_ROTEIROS/DESCONHECIDOS
G:\Meu Drive\2026 (1)\04 - ABR - 26\29 04 - QUA\B9- DPERN RESTABELECIMENTO ÁGUA .gdoc,SIM,DESCONHECIDO,H:\Meu Drive\01_ROTEIROS/DESCONHECIDOS
G:\Meu Drive\2026 (1)\04 - ABR - 26\29 04 - QUA\B8- TJRN PROGRAMA JUSTIÇA E ESCOLA .gdoc,SIM,DESCONHECIDO,H:\Meu Drive\01_ROTEIROS/DESCONHECIDOS
G:\Meu Drive\2026 (1)\04 - ABR - 26\29 04 - QUA\B10- MPRN OPERAÇÃO TRÁFICO DROGAS .gdoc,SIM,DESCONHECIDO,H:\Meu Drive\01_ROTEIROS/DESCONHECIDOS
G:\Meu Drive\2026 (1)\04 - ABR - 26\29 04 - QUA\29 abril b1 a b7.m4a,SIM,DESCONHECIDO,H:\Meu Drive\02_PRODUCAO/DESCONHECIDOS
G:\Meu Drive\2026 (1)\04 - ABR - 26\29 04 - QUA\B4- EMPRESA PENDÊNCIAS TRIBUTÁRIAS.gdoc,SIM,DESCONHECIDO,H:\Meu Drive\01_ROTEIROS/DESCONHECIDOS
G:\Meu Drive\2026 (1)\04 - ABR - 26\29 04 - QUA\B5- HOMICÍDIO CULPOSO NEGADO RECURSO.gdoc,SIM,DESCONHECIDO,H:\Meu Drive\01_ROTEIROS/DESCONHECIDOS
G:\Meu Drive\2026 (1)\04 - ABR - 26\29 04 - QUA\B6- DANOS MORAIS FOGÃO DEFEITUOSO.gdoc,SIM,DESCONHECIDO,H:\Meu Drive\01_ROTEIROS/DESCONHECIDOS
G:\Meu Drive\2026 (1)\04 - ABR - 26\29 04 - QUA\B7- SEGUNDA SEMANA PAUTA VERDE.gdoc,SIM,DESCONHECIDO,H:\Meu Drive\01_ROTEIROS/DESCONHECIDOS
G:\Meu Drive\2026 (1)\04 - ABR - 26\29 04 - QUA\B3- INDENIZAÇÃO GELADEIRA DEFEITUOSA.gdoc,SIM,DESCONHECIDO,H:\Meu Drive\01_ROTEIROS/DESCONHECIDOS
G:\Meu Drive\2026 (1)\04 - ABR - 26\29 04 - QUA\B1- INSCRIÇÕES PRÊMIO INNOVARE.gdoc,SIM,DESCONHECIDO,H:\Meu Drive\01_ROTEIROS/DESCONHECIDOS
G:\Meu Drive\2026 (1)\04 - ABR - 26\29 04 - QUA\desktop.ini,NÃO,-,G:\Meu Drive\Arquivos_Pessoais_Para_Verificacao\Outros
G:\Meu Drive\2026 (1)\04 - ABR - 26\24 04 - SEX\B8- LIBERAÇÃO 1 MILHÃO HENRIQUE LAJES.gdoc,SIM,DESCONHECIDO,H:\Meu Drive\01_ROTEIROS/DESCONHECIDOS
G:\Meu Drive\2026 (1)\04 - ABR - 26\24 04 - SEX\B7- TRT DIÁLOGO CONCILIAÇÃO.gdoc,SIM,DESCONHECIDO,H:\Meu Drive\01_ROTEIROS/DESCONHECIDOS
G:\Meu Drive\2026 (1)\04 - ABR - 26\24 04 - SEX\B3- PERDA AUDITIVA MOTORISTA AMBULÂNCIA.gdoc,SIM,DESCONHECIDO,H:\Meu Drive\01_ROTEIROS/DESCONHECIDOS
G:\Meu Drive\2026 (1)\04 - ABR - 26\24 04 - SEX\B6- ESTÁGIO DIREITO VARA CÍVEL.gdoc,SIM,DESCONHECIDO,H:\Meu Drive\01_ROTEIROS/DESCONHECIDOS
G:\Meu Drive\2026 (1)\04 - ABR - 26\24 04 - SEX\B1- ATRASO TRANSPORTE INDENIZAÇÃO.gdoc,SIM,DESCONHECIDO,H:\Meu Drive\01_ROTEIROS/DESCONHECIDOS
G:\Meu Drive\2026 (1)\04 - ABR - 26\24 04 - SEX\B2- BLOQUEIO INDEVIDO APLICATIVO.gdoc,SIM,DESCONHECIDO,H:\Meu Drive\01_ROTEIROS/DESCONHECIDOS
G:\Meu Drive\2026 (1)\04 - ABR - 26\24 04 - SEX\B10- PROJETO LAIS SAÚDE.gdoc,SIM,DESCONHECIDO,H:\Meu Drive\01_ROTEIROS/DESCONHECIDOS
G:\Meu Drive\2026 (1)\04 - ABR - 26\24 04 - SEX\B4- RETROATIVO GRATIFICAÇÃO DENTISTA.gdoc,SIM,DESCONHECIDO,H:\Meu Drive\01_ROTEIROS/DESCONHECIDOS
G:\Meu Drive\2026 (1)\04 - ABR - 26\24 04 - SEX\B5- REGULARIZAÇÃO EMPREENDIMENTO PONTA NEGRA.gdoc,SIM,DESCONHECIDO,H:\Meu Drive\01_ROTEIROS/DESCONHECIDOS
G:\Meu Drive\2026 (1)\04 - ABR - 26\24 04 - SEX\B9- CENTRAL ESTADUAL LIBRAS.gdoc,SIM,DESCONHECIDO,H:\Meu Drive\01_ROTEIROS/DESCONHECIDOS
G:\Meu Drive\2026 (1)\04 - ABR - 26\24 04 - SEX\desktop.ini,NÃO,-,G:\Meu Drive\Arquivos_Pessoais_Para_Verificacao\Outros
G:\Meu Drive\2026 (1)\04 - ABR - 26\13 04 - SEG\B9- CONTRATAÇÃO MÉDICO IRREGULAR.gdoc,SIM,DESCONHECIDO,H:\Meu Drive\01_ROTEIROS/DESCONHECIDOS
G:\Meu Drive\2026 (1)\04 - ABR - 26\13 04 - SEG\B5- TJRN PASSAGEIRA RECEBEU MALA DANIFICADA .gdoc,SIM,DESCONHECIDO,H:\Meu Drive\01_ROTEIROS/DESCONHECIDOS
G:\Meu Drive\2026 (1)\04 - ABR - 26\13 04 - SEG\B1- TJRN CONDENA PLATAFORMA DIGITAL FALHA .gdoc,SIM,DESCONHECIDO,H:\Meu Drive\01_ROTEIROS/DESCONHECIDOS
G:\Meu Drive\2026 (1)\04 - ABR - 26\13 04 - SEG\B4- TJRN ACUSADOS CRIMES TRÁFICO .gdoc,SIM,DESCONHECIDO,H:\Meu Drive\01_ROTEIROS/DESCONHECIDOS
G:\Meu Drive\2026 (1)\04 - ABR - 26\13 04 - SEG\B3- TJRN IPERN CONDENADO INDENIZAR SERVIDORA .gdoc,SIM,DESCONHECIDO,H:\Meu Drive\01_ROTEIROS/DESCONHECIDOS
G:\Meu Drive\2026 (1)\04 - ABR - 26\13 04 - SEG\B6- TJRN CONVOCA 45 TÉCNICOS .gdoc,SIM,DESCONHECIDO,H:\Meu Drive\01_ROTEIROS/DESCONHECIDOS
G:\Meu Drive\2026 (1)\04 - ABR - 26\13 04 - SEG\B2- TJRN PARNAMIRIM CONDENADO ACIDENTE TRANSPORTE .gdoc,SIM,DESCONHECIDO,H:\Meu Drive\01_ROTEIROS/DESCONHECIDOS
G:\Meu Drive\2026 (1)\04 - ABR - 26\13 04 - SEG\B7- DANOS MORAIS MANOBRA IRREGULAR.gdoc,SIM,DESCONHECIDO,H:\Meu Drive\01_ROTEIROS/DESCONHECIDOS
G:\Meu Drive\2026 (1)\04 - ABR - 26\13 04 - SEG\B8- SUSPENSÃO FATURA ENERGIA ELÉTRICA.gdoc,SIM,DESCONHECIDO,H:\Meu Drive\01_ROTEIROS/DESCONHECIDOS
G:\Meu Drive\2026 (1)\04 - ABR - 26\13 04 - SEG\B10- SUPLEMENTO CRIANÇA SELETIVIDADE.gdoc,SIM,DESCONHECIDO,H:\Meu Drive\01_ROTEIROS/DESCONHECIDOS
G:\Meu Drive\2026 (1)\04 - ABR - 26\13 04 - SEG\desktop.ini,NÃO,-,G:\Meu Drive\Arquivos_Pessoais_Para_Verificacao\Outros
G:\Meu Drive\2026 (1)\04 - ABR - 26\27 04 - SEG\B9- MPRN BLOQUEIO PARNAMIRIM .gdoc,SIM,DESCONHECIDO,H:\Meu Drive\01_ROTEIROS/DESCONHECIDOS
G:\Meu Drive\2026 (1)\04 - ABR - 26\27 04 - SEG\B10- TRT RN EVENTO PREPARATÓRIO CONCILIAÇÃO .gdoc,SIM,DESCONHECIDO,H:\Meu Drive\01_ROTEIROS/DESCONHECIDOS
G:\Meu Drive\2026 (1)\04 - ABR - 26\27 04 - SEG\B8- TJRN SESSÃO ORDINÁRIA HÍBRIDA .gdoc,SIM,DESCONHECIDO,H:\Meu Drive\01_ROTEIROS/DESCONHECIDOS
G:\Meu Drive\2026 (1)\04 - ABR - 26\27 04 - SEG\B7- CONVOCAÇÃO HETEROIDENTIFICAÇÃO ENAM.gdoc,SIM,DESCONHECIDO,H:\Meu Drive\01_ROTEIROS/DESCONHECIDOS
G:\Meu Drive\2026 (1)\04 - ABR - 26\27 04 - SEG\B4- CORTE LUZ SISTEMA SOLAR.gdoc,SIM,DESCONHECIDO,H:\Meu Drive\01_ROTEIROS/DESCONHECIDOS
G:\Meu Drive\2026 (1)\04 - ABR - 26\27 04 - SEG\B2- CONDOMÍNIO LICENÇAS LEGAIS.gdoc,SIM,DESCONHECIDO,H:\Meu Drive\01_ROTEIROS/DESCONHECIDOS
G:\Meu Drive\2026 (1)\04 - ABR - 26\27 04 - SEG\B5- ADICIONAL INSALUBRIDADE TÉCNICO SAMU.gdoc,SIM,DESCONHECIDO,H:\Meu Drive\01_ROTEIROS/DESCONHECIDOS
G:\Meu Drive\2026 (1)\04 - ABR - 26\27 04 - SEG\B3- TERAPIAS CRIANÇA TEA.gdoc,SIM,DESCONHECIDO,H:\Meu Drive\01_ROTEIROS/DESCONHECIDOS
G:\Meu Drive\2026 (1)\04 - ABR - 26\27 04 - SEG\B1- PLANO SAÚDE CIRURGIA BARIÁTRICA.gdoc,SIM,DESCONHECIDO,H:\Meu Drive\01_ROTEIROS/DESCONHECIDOS
G:\Meu Drive\2026 (1)\04 - ABR - 26\27 04 - SEG\B6- ESTÁGIO JARDIM PIRANHAS.gdoc,SIM,DESCONHECIDO,H:\Meu Drive\01_ROTEIROS/DESCONHECIDOS
G:\Meu Drive\2026 (1)\04 - ABR - 26\27 04 - SEG\desktop.ini,NÃO,-,G:\Meu Drive\Arquivos_Pessoais_Para_Verificacao\Outros
G:\Meu Drive\2026 (1)\04 - ABR - 26\16 04 - QUI\B7- MPRN VERBAS PECUNIÁRIAS .gdoc,SIM,DESCONHECIDO,H:\Meu Drive\01_ROTEIROS/DESCONHECIDOS
G:\Meu Drive\2026 (1)\04 - ABR - 26\16 04 - QUI\B10- OAB RN PADRONIZAÇÃO PROCESSOS .gdoc,SIM,DESCONHECIDO,H:\Meu Drive\01_ROTEIROS/DESCONHECIDOS
G:\Meu Drive\2026 (1)\04 - ABR - 26\16 04 - QUI\B3- TJRN CONDENA MOTORISTA ACIDENTE MOTOCICLISTA .gdoc,SIM,DESCONHECIDO,H:\Meu Drive\01_ROTEIROS/DESCONHECIDOS
G:\Meu Drive\2026 (1)\04 - ABR - 26\16 04 - QUI\B1- TJRN PACIENTE INDENIZADO CICATRIZ QUEIXO.gdoc,SIM,DESCONHECIDO,H:\Meu Drive\01_ROTEIROS/DESCONHECIDOS
G:\Meu Drive\2026 (1)\04 - ABR - 26\16 04 - QUI\B8- CMN PACOTE GRATUIDADE TRANSPORTE PÚBLICO .gdoc,SIM,DESCONHECIDO,H:\Meu Drive\01_ROTEIROS/DESCONHECIDOS
G:\Meu Drive\2026 (1)\04 - ABR - 26\16 04 - QUI\B5- TJRN MUNICÍPIO NATAL CONDENADO TRANSBORDAMENTO .gdoc,SIM,DESCONHECIDO,H:\Meu Drive\01_ROTEIROS/DESCONHECIDOS
G:\Meu Drive\2026 (1)\04 - ABR - 26\16 04 - QUI\B9- TJRN AÇÃO INTEGRADA EMISSÃO DOCUMENTOS .gdoc,SIM,DESCONHECIDO,H:\Meu Drive\01_ROTEIROS/DESCONHECIDOS
G:\Meu Drive\2026 (1)\04 - ABR - 26\16 04 - QUI\B6- TJRN CONDENA LOJA INDENIZAÇÃO .gdoc,SIM,DESCONHECIDO,H:\Meu Drive\01_ROTEIROS/DESCONHECIDOS
G:\Meu Drive\2026 (1)\04 - ABR - 26\16 04 - QUI\B2- TJRN ACUSADO VÁRIOS DELITOS GOIANINHA .gdoc,SIM,DESCONHECIDO,H:\Meu Drive\01_ROTEIROS/DESCONHECIDOS
G:\Meu Drive\2026 (1)\04 - ABR - 26\16 04 - QUI\B4- TJRN CANCELAMENTO PASSAGENS AÉREAS COLÔMBIA .gdoc,SIM,DESCONHECIDO,H:\Meu Drive\01_ROTEIROS/DESCONHECIDOS
G:\Meu Drive\2026 (1)\04 - ABR - 26\16 04 - QUI\desktop.ini,NÃO,-,G:\Meu Drive\Arquivos_Pessoais_Para_Verificacao\Outros
G:\Meu Drive\2026 (1)\04 - ABR - 26\17 04 - SEX\B2- TJRN RECONHECE COMPETENCIA IELMO MARINHO TAXA .gdoc,SIM,DESCONHECIDO,H:\Meu Drive\01_ROTEIROS/DESCONHECIDOS
G:\Meu Drive\2026 (1)\04 - ABR - 26\17 04 - SEX\B6- MPRN JÚRI CONDENAÇÃO HOMEM MORTE.gdoc,SIM,DESCONHECIDO,H:\Meu Drive\01_ROTEIROS/DESCONHECIDOS
G:\Meu Drive\2026 (1)\04 - ABR - 26\17 04 - SEX\B4- TJRN PARTICIPA EXPANSÃO PLATAFORMA .gdoc,SIM,DESCONHECIDO,H:\Meu Drive\01_ROTEIROS/DESCONHECIDOS
G:\Meu Drive\2026 (1)\04 - ABR - 26\17 04 - SEX\B3- TJRN DETERMINA EXCLUSÃO 48 HORAS .gdoc,SIM,DESCONHECIDO,H:\Meu Drive\01_ROTEIROS/DESCONHECIDOS
G:\Meu Drive\2026 (1)\04 - ABR - 26\17 04 - SEX\B1- TJRN PACIENTE INDENIZADO FALHA PLANO.gdoc,SIM,DESCONHECIDO,H:\Meu Drive\01_ROTEIROS/DESCONHECIDOS
G:\Meu Drive\2026 (1)\04 - ABR - 26\17 04 - SEX\B5- TRT RN PROJETO ACESSIBILIDADE ATITUDINAL .gdoc,SIM,DESCONHECIDO,H:\Meu Drive\01_ROTEIROS/DESCONHECIDOS
G:\Meu Drive\2026 (1)\04 - ABR - 26\17 04 - SEX\B9- CONDENAÇÃO COSERN INDENIZAÇÃO.gdoc,SIM,DESCONHECIDO,H:\Meu Drive\01_ROTEIROS/DESCONHECIDOS
G:\Meu Drive\2026 (1)\04 - ABR - 26\17 04 - SEX\B10- ACÚMULO FUNÇÕES POLICIAL CIVIL.gdoc,SIM,DESCONHECIDO,H:\Meu Drive\01_ROTEIROS/DESCONHECIDOS
G:\Meu Drive\2026 (1)\04 - ABR - 26\17 04 - SEX\B8- CONDENAÇÃO PAGAMENTO FUNCARTE.gdoc,SIM,DESCONHECIDO,H:\Meu Drive\01_ROTEIROS/DESCONHECIDOS
G:\Meu Drive\2026 (1)\04 - ABR - 26\17 04 - SEX\B7- FUNDO INFÂNCIA GROSSOS.gdoc,SIM,DESCONHECIDO,H:\Meu Drive\01_ROTEIROS/DESCONHECIDOS
G:\Meu Drive\2026 (1)\04 - ABR - 26\17 04 - SEX\desktop.ini,NÃO,-,G:\Meu Drive\Arquivos_Pessoais_Para_Verificacao\Outros
G:\Meu Drive\2026 (1)\04 - ABR - 26\23 04 -QUI\B1- ROUBO MAJORADO CONDENAÇÃO.gdoc,SIM,DESCONHECIDO,H:\Meu Drive\01_ROTEIROS/DESCONHECIDOS
G:\Meu Drive\2026 (1)\04 - ABR - 26\23 04 -QUI\B10- TRT-RN LEILÃO 2026.gdoc,SIM,DESCONHECIDO,H:\Meu Drive\01_ROTEIROS/DESCONHECIDOS
G:\Meu Drive\2026 (1)\04 - ABR - 26\23 04 -QUI\B8- MPRN RECOMENDA REGULARIZAÇÃO LIXO.gdoc,SIM,DESCONHECIDO,H:\Meu Drive\01_ROTEIROS/DESCONHECIDOS
G:\Meu Drive\2026 (1)\04 - ABR - 26\23 04 -QUI\B9- TRE-RN APERFEIÇOAMENTO MAGISTRATURA .gdoc,SIM,DESCONHECIDO,H:\Meu Drive\01_ROTEIROS/DESCONHECIDOS
G:\Meu Drive\2026 (1)\04 - ABR - 26\23 04 -QUI\B7- TCE-RN TREINAMENTO GESTORES TRANSPARÊNCIA .gdoc,SIM,DESCONHECIDO,H:\Meu Drive\01_ROTEIROS/DESCONHECIDOS
G:\Meu Drive\2026 (1)\04 - ABR - 26\23 04 -QUI\B5- EMPRESA ÔNIBUS CONDENAÇÃO.gdoc,SIM,DESCONHECIDO,H:\Meu Drive\01_ROTEIROS/DESCONHECIDOS
G:\Meu Drive\2026 (1)\04 - ABR - 26\23 04 -QUI\B3- IRREGULARIDADE LEILÃO.gdoc,SIM,DESCONHECIDO,H:\Meu Drive\01_ROTEIROS/DESCONHECIDOS
G:\Meu Drive\2026 (1)\04 - ABR - 26\23 04 -QUI\B4- FALHA SEGURANÇA DADOS.gdoc,SIM,DESCONHECIDO,H:\Meu Drive\01_ROTEIROS/DESCONHECIDOS
G:\Meu Drive\2026 (1)\04 - ABR - 26\23 04 -QUI\B2- DANOS MORAIS MESA MADEIRA.gdoc,SIM,DESCONHECIDO,H:\Meu Drive\01_ROTEIROS/DESCONHECIDOS
G:\Meu Drive\2026 (1)\04 - ABR - 26\23 04 -QUI\B6- GRUPO APOIO METAS ESTÁGIO.gdoc,SIM,DESCONHECIDO,H:\Meu Drive\01_ROTEIROS/DESCONHECIDOS
G:\Meu Drive\2026 (1)\04 - ABR - 26\23 04 -QUI\desktop.ini,NÃO,-,G:\Meu Drive\Arquivos_Pessoais_Para_Verificacao\Outros
G:\Meu Drive\2026 (1)\03 - MAR - 26\desktop.ini,NÃO,-,G:\Meu Drive\Arquivos_Pessoais_Para_Verificacao\Outros
G:\Meu Drive\2026 (1)\03 - MAR - 26\17 03 - TER\BOLETIM_RADIO_TJRN_17_03_2026_B1_TJRN_NEGA_DECISAO_DANO_MORAL_.txt,SIM,BOLETIM,H:\Meu Drive\01_ROTEIROS/BOLETINS
G:\Meu Drive\2026 (1)\03 - MAR - 26\17 03 - TER\BOLETIM_RADIO_TJRN_17_03_2026_B1_TJRN_NEGA_DECISAO_DANO_MORAL_.mp3,SIM,BOLETIM,H:\Meu Drive\02_PRODUCAO/BOLETINS
G:\Meu Drive\2026 (1)\03 - MAR - 26\17 03 - TER\B8- TJRN IMOBILIÁRIA COSERN CONDENADAS.gdoc,SIM,DESCONHECIDO,H:\Meu Drive\01_ROTEIROS/DESCONHECIDOS
G:\Meu Drive\2026 (1)\03 - MAR - 26\17 03 - TER\B2- TJRN CEARÁ-MIRIM PROJETOS .gdoc,SIM,DESCONHECIDO,H:\Meu Drive\01_ROTEIROS/DESCONHECIDOS
G:\Meu Drive\2026 (1)\03 - MAR - 26\17 03 - TER\B7- TJRN ESTADO LEITO UTI PACIENTE .gdoc,SIM,DESCONHECIDO,H:\Meu Drive\01_ROTEIROS/DESCONHECIDOS
G:\Meu Drive\2026 (1)\03 - MAR - 26\17 03 - TER\B1- TJRN NEGA DECISÃO DANO MORAL .gdoc,SIM,DESCONHECIDO,H:\Meu Drive\01_ROTEIROS/DESCONHECIDOS
G:\Meu Drive\2026 (1)\03 - MAR - 26\17 03 - TER\B10- MPRN RECOMDENÇÃO POLUIÇÃO SONORA .gdoc,SIM,DESCONHECIDO,H:\Meu Drive\01_ROTEIROS/DESCONHECIDOS
G:\Meu Drive\2026 (1)\03 - MAR - 26\17 03 - TER\B4- TJRN EXECUÇÃO FISCAL TRIBUTÁRIA .gdoc,SIM,DESCONHECIDO,H:\Meu Drive\01_ROTEIROS/DESCONHECIDOS
G:\Meu Drive\2026 (1)\03 - MAR - 26\17 03 - TER\B6- TJRN AULA INAUGURAL DINTER .gdoc,SIM,DESCONHECIDO,H:\Meu Drive\01_ROTEIROS/DESCONHECIDOS
G:\Meu Drive\2026 (1)\03 - MAR - 26\17 03 - TER\B5- TJRN  PROMOVE CURSO MAGISTRADOS .gdoc,SIM,DESCONHECIDO,H:\Meu Drive\01_ROTEIROS/DESCONHECIDOS
G:\Meu Drive\2026 (1)\03 - MAR - 26\17 03 - TER\B3- TJRN SERVIDÃO ADMINISTRATIVA .gdoc,SIM,DESCONHECIDO,H:\Meu Drive\01_ROTEIROS/DESCONHECIDOS
G:\Meu Drive\2026 (1)\03 - MAR - 26\17 03 - TER\B9- OAB RN PROGRAMA DESENVOLVIMENTO .gdoc,SIM,DESCONHECIDO,H:\Meu Drive\01_ROTEIROS/DESCONHECIDOS
G:\Meu Drive\2026 (1)\03 - MAR - 26\17 03 - TER\desktop.ini,NÃO,-,G:\Meu Drive\Arquivos_Pessoais_Para_Verificacao\Outros
G:\Meu Drive\2026 (1)\03 - MAR - 26\04 03 - QUA\BOLETIM_RADIO_TJRN_04_03_2026_B6_PENAS_PECUNIARIAS_CANGUARETAMA.txt,SIM,BOLETIM,H:\Meu Drive\01_ROTEIROS/BOLETINS
G:\Meu Drive\2026 (1)\03 - MAR - 26\04 03 - QUA\BOLETIM_RADIO_TJRN_04_03_2026_B9_CNJ_NOTA_TECNICA_COMBATE_FALSO_ADVOGADO_.txt,SIM,BOLETIM,H:\Meu Drive\01_ROTEIROS/BOLETINS
G:\Meu Drive\2026 (1)\03 - MAR - 26\04 03 - QUA\BOLETIM_RADIO_TJRN_04_03_2026_B7_TRTRN_SOCIO_RESPONSABILIZADO_.txt,SIM,BOLETIM,H:\Meu Drive\01_ROTEIROS/BOLETINS
G:\Meu Drive\2026 (1)\03 - MAR - 26\04 03 - QUA\BOLETIM_RADIO_TJRN_04_03_2026_B10_MPRN_FIRMA_ACORDO_INTERINSTITUCIONAL_.txt,SIM,BOLETIM,H:\Meu Drive\01_ROTEIROS/BOLETINS
G:\Meu Drive\2026 (1)\03 - MAR - 26\04 03 - QUA\BOLETIM_RADIO_TJRN_04_03_2026_B9_CNJ_NOTA_TECNICA_COMBATE_FALSO_ADVOGADO_.mp3,SIM,BOLETIM,H:\Meu Drive\02_PRODUCAO/BOLETINS
G:\Meu Drive\2026 (1)\03 - MAR - 26\04 03 - QUA\BOLETIM_RADIO_TJRN_04_03_2026_B6_PENAS_PECUNIARIAS_CANGUARETAMA.mp3,SIM,BOLETIM,H:\Meu Drive\02_PRODUCAO/BOLETINS
G:\Meu Drive\2026 (1)\03 - MAR - 26\04 03 - QUA\BOLETIM_RADIO_TJRN_04_03_2026_B10_MPRN_FIRMA_ACORDO_INTERINSTITUCIONAL_.mp3,SIM,BOLETIM,H:\Meu Drive\02_PRODUCAO/BOLETINS
G:\Meu Drive\2026 (1)\03 - MAR - 26\04 03 - QUA\BOLETIM_RADIO_TJRN_04_03_2026_B7_TRTRN_SOCIO_RESPONSABILIZADO_.mp3,SIM,BOLETIM,H:\Meu Drive\02_PRODUCAO/BOLETINS
G:\Meu Drive\2026 (1)\03 - MAR - 26\04 03 - QUA\B3- PARNAMIRIM DEVE PAGAR ALUGUEIS.gdoc,SIM,DESCONHECIDO,H:\Meu Drive\01_ROTEIROS/DESCONHECIDOS
G:\Meu Drive\2026 (1)\03 - MAR - 26\04 03 - QUA\B5- COSERN DEVE INDENIZAR USUÁRIA.gdoc,SIM,DESCONHECIDO,H:\Meu Drive\01_ROTEIROS/DESCONHECIDOS
G:\Meu Drive\2026 (1)\03 - MAR - 26\04 03 - QUA\B7- TRT RN SÓCIO RESPONSABILIZADO .gdoc,SIM,DESCONHECIDO,H:\Meu Drive\01_ROTEIROS/DESCONHECIDOS
G:\Meu Drive\2026 (1)\03 - MAR - 26\04 03 - QUA\B1- CAERN CONDENADA POR SUSPENSÃO DE ÁGUA.gdoc,SIM,DESCONHECIDO,H:\Meu Drive\01_ROTEIROS/DESCONHECIDOS
G:\Meu Drive\2026 (1)\03 - MAR - 26\04 03 - QUA\B4- REDE SOCIAL DEVE INDENIZAR USUÁRIA.gdoc,SIM,DESCONHECIDO,H:\Meu Drive\01_ROTEIROS/DESCONHECIDOS
G:\Meu Drive\2026 (1)\03 - MAR - 26\04 03 - QUA\B10- MPRN FIRMA ACORDO INTERINSTITUCIONAL .gdoc,SIM,DESCONHECIDO,H:\Meu Drive\01_ROTEIROS/DESCONHECIDOS
G:\Meu Drive\2026 (1)\03 - MAR - 26\04 03 - QUA\B9- CNJ NOTA TÉCNICA COMBATE FALSO ADVOGADO .gdoc,SIM,DESCONHECIDO,H:\Meu Drive\01_ROTEIROS/DESCONHECIDOS
G:\Meu Drive\2026 (1)\03 - MAR - 26\04 03 - QUA\B6- PENAS PECUNIÁRIAS CANGUARETAMA.gdoc,SIM,DESCONHECIDO,H:\Meu Drive\01_ROTEIROS/DESCONHECIDOS
G:\Meu Drive\2026 (1)\03 - MAR - 26\04 03 - QUA\B2- COSERN DEVE AUMENTAR CARGA ENERGÉTICA.gdoc,SIM,DESCONHECIDO,H:\Meu Drive\01_ROTEIROS/DESCONHECIDOS
G:\Meu Drive\2026 (1)\03 - MAR - 26\04 03 - QUA\desktop.ini,NÃO,-,G:\Meu Drive\Arquivos_Pessoais_Para_Verificacao\Outros
G:\Meu Drive\2026 (1)\03 - MAR - 26\27 03 - SEX\BOLETIM_RADIO_TJRN_27_03_2026_B7_TJRN_REDE_SOCIAL_CONDENADA_INDENIZACAO_.txt,SIM,BOLETIM,H:\Meu Drive\01_ROTEIROS/BOLETINS
G:\Meu Drive\2026 (1)\03 - MAR - 26\27 03 - SEX\BOLETIM_RADIO_TJRN_27_03_2026_B9_TJRN_CORTE_INDEVIDO_DE_ENERGIA_.txt,SIM,BOLETIM,H:\Meu Drive\01_ROTEIROS/BOLETINS
G:\Meu Drive\2026 (1)\03 - MAR - 26\27 03 - SEX\BOLETIM_RADIO_TJRN_27_03_2026_B8_TJRN_TURMA_RECURSAL_INSALUBRIDADE_SAMU_.txt,SIM,BOLETIM,H:\Meu Drive\01_ROTEIROS/BOLETINS
G:\Meu Drive\2026 (1)\03 - MAR - 26\27 03 - SEX\BOLETIM_RADIO_TJRN_27_03_2026_B10_FALHAS_SERVICO_TELEFONIA_.txt,SIM,BOLETIM,H:\Meu Drive\01_ROTEIROS/BOLETINS
G:\Meu Drive\2026 (1)\03 - MAR - 26\27 03 - SEX\BOLETIM_RADIO_TJRN_27_03_2026_B6_TJRN_CONSUMIDORA_RECEBERA_INDENIZACAO_.txt,SIM,BOLETIM,H:\Meu Drive\01_ROTEIROS/BOLETINS
G:\Meu Drive\2026 (1)\03 - MAR - 26\27 03 - SEX\BOLETIM_RADIO_TJRN_27_03_2026_B8_TJRN_TURMA_RECURSAL_INSALUBRIDADE_SAMU_.mp3,SIM,BOLETIM,H:\Meu Drive\02_PRODUCAO/BOLETINS
G:\Meu Drive\2026 (1)\03 - MAR - 26\27 03 - SEX\BOLETIM_RADIO_TJRN_27_03_2026_B7_TJRN_REDE_SOCIAL_CONDENADA_INDENIZACAO_.mp3,SIM,BOLETIM,H:\Meu Drive\02_PRODUCAO/BOLETINS
G:\Meu Drive\2026 (1)\03 - MAR - 26\27 03 - SEX\BOLETIM_RADIO_TJRN_27_03_2026_B6_TJRN_CONSUMIDORA_RECEBERA_INDENIZACAO_.mp3,SIM,BOLETIM,H:\Meu Drive\02_PRODUCAO/BOLETINS
G:\Meu Drive\2026 (1)\03 - MAR - 26\27 03 - SEX\BOLETIM_RADIO_TJRN_27_03_2026_B9_TJRN_CORTE_INDEVIDO_DE_ENERGIA_.mp3,SIM,BOLETIM,H:\Meu Drive\02_PRODUCAO/BOLETINS
G:\Meu Drive\2026 (1)\03 - MAR - 26\27 03 - SEX\BOLETIM_RADIO_TJRN_27_03_2026_B10_FALHAS_SERVICO_TELEFONIA_.mp3,SIM,BOLETIM,H:\Meu Drive\02_PRODUCAO/BOLETINS
G:\Meu Drive\2026 (1)\03 - MAR - 26\27 03 - SEX\B9- TJRN CORTE INDEVIDO DE ENERGIA .gdoc,SIM,DESCONHECIDO,H:\Meu Drive\01_ROTEIROS/DESCONHECIDOS
G:\Meu Drive\2026 (1)\03 - MAR - 26\27 03 - SEX\B2- TJRN VARA CRIMINAL RESULTADO SELEÇÃO .gdoc,SIM,DESCONHECIDO,H:\Meu Drive\01_ROTEIROS/DESCONHECIDOS
G:\Meu Drive\2026 (1)\03 - MAR - 26\27 03 - SEX\B10- FALHAS SERVIÇO TELEFONIA .gdoc,SIM,DESCONHECIDO,H:\Meu Drive\01_ROTEIROS/DESCONHECIDOS
G:\Meu Drive\2026 (1)\03 - MAR - 26\27 03 - SEX\B3- TJRN CAFE DA MANHA OFICIAL JUSTIÇA .gdoc,SIM,DESCONHECIDO,H:\Meu Drive\01_ROTEIROS/DESCONHECIDOS
G:\Meu Drive\2026 (1)\03 - MAR - 26\27 03 - SEX\B1- TJRN ESTADO DEVE CONCEDER NOVO PRAZO APROVADO .gdoc,SIM,DESCONHECIDO,H:\Meu Drive\01_ROTEIROS/DESCONHECIDOS
G:\Meu Drive\2026 (1)\03 - MAR - 26\27 03 - SEX\B6- TJRN CONSUMIDORA RECEBERÁ INDENIZAÇÃO .gdoc,SIM,DESCONHECIDO,H:\Meu Drive\01_ROTEIROS/DESCONHECIDOS
G:\Meu Drive\2026 (1)\03 - MAR - 26\27 03 - SEX\B7- TJRN REDE SOCIAL CONDENADA INDENIZAÇÃO .gdoc,SIM,DESCONHECIDO,H:\Meu Drive\01_ROTEIROS/DESCONHECIDOS
G:\Meu Drive\2026 (1)\03 - MAR - 26\27 03 - SEX\B8- TJRN TURMA RECURSAL INSALUBRIDADE SAMU .gdoc,SIM,DESCONHECIDO,H:\Meu Drive\01_ROTEIROS/DESCONHECIDOS
G:\Meu Drive\2026 (1)\03 - MAR - 26\27 03 - SEX\B4- TJRN OFICINAS ENTREGA VOLUNTÁRIA .gdoc,SIM,DESCONHECIDO,H:\Meu Drive\01_ROTEIROS/DESCONHECIDOS
G:\Meu Drive\2026 (1)\03 - MAR - 26\27 03 - SEX\B5- TJRN DETERMINA ESTADO NOMEIE APROVADOS .gdoc,SIM,DESCONHECIDO,H:\Meu Drive\01_ROTEIROS/DESCONHECIDOS
G:\Meu Drive\2026 (1)\03 - MAR - 26\27 03 - SEX\desktop.ini,NÃO,-,G:\Meu Drive\Arquivos_Pessoais_Para_Verificacao\Outros
G:\Meu Drive\2026 (1)\03 - MAR - 26\27 03\BOLETIM_RADIO_TJRN_27_03_2026_B9_TJRN_CORTE_INDEVIDO_DE_ENERGIA_.mp3,SIM,BOLETIM,H:\Meu Drive\02_PRODUCAO/BOLETINS
G:\Meu Drive\2026 (1)\03 - MAR - 26\27 03\BOLETIM_RADIO_TJRN_27_03_2026_B6_TJRN_CONSUMIDORA_RECEBERA_INDENIZACAO_.mp3,SIM,BOLETIM,H:\Meu Drive\02_PRODUCAO/BOLETINS
G:\Meu Drive\2026 (1)\03 - MAR - 26\27 03\BOLETIM_RADIO_TJRN_27_03_2026_B10_FALHAS_SERVICO_TELEFONIA_.mp3,SIM,BOLETIM,H:\Meu Drive\02_PRODUCAO/BOLETINS
G:\Meu Drive\2026 (1)\03 - MAR - 26\27 03\BOLETIM_RADIO_TJRN_27_03_2026_B8_TJRN_TURMA_RECURSAL_INSALUBRIDADE_SAMU_.mp3,SIM,BOLETIM,H:\Meu Drive\02_PRODUCAO/BOLETINS
G:\Meu Drive\2026 (1)\03 - MAR - 26\27 03\BOLETIM_RADIO_TJRN_27_03_2026_B7_TJRN_REDE_SOCIAL_CONDENADA_INDENIZACAO_.mp3,SIM,BOLETIM,H:\Meu Drive\02_PRODUCAO/BOLETINS
G:\Meu Drive\2026 (1)\03 - MAR - 26\27 03\BOLETIM_RADIO_TJRN_27_03_2026_B4_TJRN_OFICINAS_ENTREGA_VOLUNTARIA_.mp3,SIM,BOLETIM,H:\Meu Drive\02_PRODUCAO/BOLETINS
G:\Meu Drive\2026 (1)\03 - MAR - 26\27 03\BOLETIM_RADIO_TJRN_27_03_2026_B2_TJRN_VARA_CRIMINAL_RESULTADO_SELECAO_.mp3,SIM,BOLETIM,H:\Meu Drive\02_PRODUCAO/BOLETINS
G:\Meu Drive\2026 (1)\03 - MAR - 26\27 03\BOLETIM_RADIO_TJRN_27_03_2026_B1_TJRN_ESTADO_DEVE_CONCEDER_NOVO_PRAZO_APROVADO_.mp3,SIM,BOLETIM,H:\Meu Drive\02_PRODUCAO/BOLETINS
G:\Meu Drive\2026 (1)\03 - MAR - 26\27 03\BOLETIM_RADIO_TJRN_27_03_2026_B3_TJRN_CAFE_DA_MANHA_OFICIAL_JUSTICA_.mp3,SIM,BOLETIM,H:\Meu Drive\02_PRODUCAO/BOLETINS
G:\Meu Drive\2026 (1)\03 - MAR - 26\27 03\BOLETIM_RADIO_TJRN_27_03_2026_B5_TJRN_DETERMINA_ESTADO_NOMEIE_APROVADOS_.mp3,SIM,BOLETIM,H:\Meu Drive\02_PRODUCAO/BOLETINS
G:\Meu Drive\2026 (1)\03 - MAR - 26\27 03\desktop.ini,NÃO,-,G:\Meu Drive\Arquivos_Pessoais_Para_Verificacao\Outros
G:\Meu Drive\2026 (1)\03 - MAR - 26\05 03\BOLETIM_RADIO_TJRN_05_03_2026_B9_TRTRN_ASSISTENTE_VIRTUAL.mp3,SIM,BOLETIM,H:\Meu Drive\02_PRODUCAO/BOLETINS
G:\Meu Drive\2026 (1)\03 - MAR - 26\05 03\BOLETIM_RADIO_TJRN_05_03_2026_B5_TJRN_HOMEM_CONDENADO_ESTELIONATO.mp3,SIM,BOLETIM,H:\Meu Drive\02_PRODUCAO/BOLETINS
G:\Meu Drive\2026 (1)\03 - MAR - 26\05 03\BOLETIM_RADIO_TJRN_05_03_2026_B8_DPERN_JARDIM_PRIMAVERA_.mp3,SIM,BOLETIM,H:\Meu Drive\02_PRODUCAO/BOLETINS
G:\Meu Drive\2026 (1)\03 - MAR - 26\05 03\BOLETIM_RADIO_TJRN_05_03_2026_B1_TJRN_ATO_IMPROBIDADE_LICITATORIO_.mp3,SIM,BOLETIM,H:\Meu Drive\02_PRODUCAO/BOLETINS
G:\Meu Drive\2026 (1)\03 - MAR - 26\05 03\BOLETIM_RADIO_TJRN_05_03_2026_B4_TJRN_MANTEM_LICITACAO_CABEAMENTO_.mp3,SIM,BOLETIM,H:\Meu Drive\02_PRODUCAO/BOLETINS
G:\Meu Drive\2026 (1)\03 - MAR - 26\05 03\BOLETIM_RADIO_TJRN_05_03_2026_B7_TJRN_NOMEIA_13_APROVADOS_.mp3,SIM,BOLETIM,H:\Meu Drive\02_PRODUCAO/BOLETINS
G:\Meu Drive\2026 (1)\03 - MAR - 26\05 03\BOLETIM_RADIO_TJRN_05_03_2026_B3_TJRN_ANPP_NEGADO_NOVA_DECISAO.mp3,SIM,BOLETIM,H:\Meu Drive\02_PRODUCAO/BOLETINS
G:\Meu Drive\2026 (1)\03 - MAR - 26\05 03\BOLETIM_RADIO_TJRN_05_03_2026_B6_TJRN_RESPOSABILIDADE_REDE_SOCIAL_.mp3,SIM,BOLETIM,H:\Meu Drive\02_PRODUCAO/BOLETINS
G:\Meu Drive\2026 (1)\03 - MAR - 26\05 03\BOLETIM_RADIO_TJRN_05_03_2026_B10_ESMARN_EDITAL_PROVA_PRATICA.mp3,SIM,BOLETIM,H:\Meu Drive\02_PRODUCAO/BOLETINS
G:\Meu Drive\2026 (1)\03 - MAR - 26\05 03\BOLETIM_RADIO_TJRN_05_03_2026_B2_TJRN_CONDENA_COMERCIANTES_REVENDA_.mp3,SIM,BOLETIM,H:\Meu Drive\02_PRODUCAO/BOLETINS
G:\Meu Drive\2026 (1)\03 - MAR - 26\05 03\desktop.ini,NÃO,-,G:\Meu Drive\Arquivos_Pessoais_Para_Verificacao\Outros
G:\Meu Drive\2026 (1)\03 - MAR - 26\19 03\BOLETIM_RADIO_TJRN_19_03_2026_B8_VISITA_MAGISTRADOS_PARAIBA.mp3,SIM,BOLETIM,H:\Meu Drive\02_PRODUCAO/BOLETINS
G:\Meu Drive\2026 (1)\03 - MAR - 26\19 03\BOLETIM_RADIO_TJRN_19_03_2026_B10_DECISAO_PENA_JUSTA.mp3,SIM,BOLETIM,H:\Meu Drive\02_PRODUCAO/BOLETINS
G:\Meu Drive\2026 (1)\03 - MAR - 26\19 03\BOLETIM_RADIO_TJRN_19_03_2026_B5_ESTAGIO_JUIZADOS_ESPECIAIS.mp3,SIM,BOLETIM,H:\Meu Drive\02_PRODUCAO/BOLETINS
G:\Meu Drive\2026 (1)\03 - MAR - 26\19 03\BOLETIM_RADIO_TJRN_19_03_2026_B7_APOIO_FAMILIAS_AFETADAS_LAGOA_CAPTACAO.mp3,SIM,BOLETIM,H:\Meu Drive\02_PRODUCAO/BOLETINS
G:\Meu Drive\2026 (1)\03 - MAR - 26\19 03\BOLETIM_RADIO_TJRN_19_03_2026_B3_CONDENACAO_FACULDADE_ENCERRAMENTO_ATIVIDADES.mp3,SIM,BOLETIM,H:\Meu Drive\02_PRODUCAO/BOLETINS
G:\Meu Drive\2026 (1)\03 - MAR - 26\19 03\BOLETIM_RADIO_TJRN_19_03_2026_B6_HOMENAGEM_DESEMBARGADOR_AMAURY.mp3,SIM,BOLETIM,H:\Meu Drive\02_PRODUCAO/BOLETINS
G:\Meu Drive\2026 (1)\03 - MAR - 26\19 03\BOLETIM_RADIO_TJRN_19_03_2026_B4_SUBSTITUICAO_PORTA_VEICULOS.mp3,SIM,BOLETIM,H:\Meu Drive\02_PRODUCAO/BOLETINS
G:\Meu Drive\2026 (1)\03 - MAR - 26\19 03\BOLETIM_RADIO_TJRN_19_03_2026_B9_ENCONTRO_OUVIDORES_JUDICIAIS.mp3,SIM,BOLETIM,H:\Meu Drive\02_PRODUCAO/BOLETINS
G:\Meu Drive\2026 (1)\03 - MAR - 26\19 03\BOLETIM_RADIO_TJRN_19_03_2026_B1_AMPLIACAO_PROTECCAO_VIOLENCIA_DOMESTICA.mp3,SIM,BOLETIM,H:\Meu Drive\02_PRODUCAO/BOLETINS
G:\Meu Drive\2026 (1)\03 - MAR - 26\19 03\BOLETIM_RADIO_TJRN_19_03_2026_B2_SUSPENSAO_ICMS_ENERGIA_SOLAR.mp3,SIM,BOLETIM,H:\Meu Drive\02_PRODUCAO/BOLETINS
G:\Meu Drive\2026 (1)\03 - MAR - 26\19 03\desktop.ini,NÃO,-,G:\Meu Drive\Arquivos_Pessoais_Para_Verificacao\Outros
G:\Meu Drive\2026 (1)\03 - MAR - 26\03 03 - TER\B1- MINICURSO COMITÊ SAÚDE.gdoc,SIM,DESCONHECIDO,H:\Meu Drive\01_ROTEIROS/DESCONHECIDOS
G:\Meu Drive\2026 (1)\03 - MAR - 26\03 03 - TER\B6 - CONDENAÇÃO FRAUDE LICITAÇÃO.gdoc,SIM,DESCONHECIDO,H:\Meu Drive\01_ROTEIROS/DESCONHECIDOS
G:\Meu Drive\2026 (1)\03 - MAR - 26\03 03 - TER\B3 - CONDENAÇÃO FABRICANTE PNEUS.gdoc,SIM,DESCONHECIDO,H:\Meu Drive\01_ROTEIROS/DESCONHECIDOS
G:\Meu Drive\2026 (1)\03 - MAR - 26\03 03 - TER\B9 - PAGAMENTO PASSAGENS INTERMUNICIPAL.gdoc,SIM,DESCONHECIDO,H:\Meu Drive\01_ROTEIROS/DESCONHECIDOS
G:\Meu Drive\2026 (1)\03 - MAR - 26\03 03 - TER\B4 - ESTÁGIO ENSINO MÉDIO.gdoc,SIM,DESCONHECIDO,H:\Meu Drive\01_ROTEIROS/DESCONHECIDOS
G:\Meu Drive\2026 (1)\03 - MAR - 26\03 03 - TER\B7 - CONDENAÇÃO RESPONSABILIDADE SOLIDÁRIA.gdoc,SIM,DESCONHECIDO,H:\Meu Drive\01_ROTEIROS/DESCONHECIDOS
G:\Meu Drive\2026 (1)\03 - MAR - 26\03 03 - TER\B2 - CONVÊNIO DÉBITO PRECATÓRIOS.gdoc,SIM,DESCONHECIDO,H:\Meu Drive\01_ROTEIROS/DESCONHECIDOS
G:\Meu Drive\2026 (1)\03 - MAR - 26\03 03 - TER\B10- TJRN CURSO ESTRATÉGICO SEGURANÇA .gdoc,SIM,DESCONHECIDO,H:\Meu Drive\01_ROTEIROS/DESCONHECIDOS
G:\Meu Drive\2026 (1)\03 - MAR - 26\03 03 - TER\B8 - AMPLIAÇÃO SALAS DEPOIMENTO ESPECIAL.gdoc,SIM,DESCONHECIDO,H:\Meu Drive\01_ROTEIROS/DESCONHECIDOS
G:\Meu Drive\2026 (1)\03 - MAR - 26\03 03 - TER\B5 - CONVOCAÇÃO CONCURSO CAERN.gdoc,SIM,DESCONHECIDO,H:\Meu Drive\01_ROTEIROS/DESCONHECIDOS
G:\Meu Drive\2026 (1)\03 - MAR - 26\03 03 - TER\desktop.ini,NÃO,-,G:\Meu Drive\Arquivos_Pessoais_Para_Verificacao\Outros
G:\Meu Drive\2026 (1)\03 - MAR - 26\25 03\BOLETIM_RADIO_TJRN_25_03_2026_B7_TJRN_OPERADORA_CELULAR_ENVIO_EXCESSIVO_.mp3,SIM,BOLETIM,H:\Meu Drive\02_PRODUCAO/BOLETINS
G:\Meu Drive\2026 (1)\03 - MAR - 26\25 03\BOLETIM_RADIO_TJRN_25_03_2026_B1_TJRN_CURSO_SEGURANCA_INSTITUCIONAL_.mp3,SIM,BOLETIM,H:\Meu Drive\02_PRODUCAO/BOLETINS
G:\Meu Drive\2026 (1)\03 - MAR - 26\25 03\BOLETIM_RADIO_TJRN_25_03_2026_B10_MPRN_COMBATE_REDE_TRAFICO_.mp3,SIM,BOLETIM,H:\Meu Drive\02_PRODUCAO/BOLETINS
G:\Meu Drive\2026 (1)\03 - MAR - 26\25 03\BOLETIM_RADIO_TJRN_25_03_2026_B3_TJRN_CLIENTE_INDENIZADO_COMPRA_CANCELADA_.mp3,SIM,BOLETIM,H:\Meu Drive\02_PRODUCAO/BOLETINS
G:\Meu Drive\2026 (1)\03 - MAR - 26\25 03\BOLETIM_RADIO_TJRN_25_03_2026_B8_TJRN_ASSEGURA_CIRURGIA_ALTA_COMPLEXIDADE.mp3,SIM,BOLETIM,H:\Meu Drive\02_PRODUCAO/BOLETINS
G:\Meu Drive\2026 (1)\03 - MAR - 26\25 03\BOLETIM_RADIO_TJRN_25_03_2026_B5_TJRN_RECONHECE_FALHA_PLATAFORMA_JOGOS_.mp3,SIM,BOLETIM,H:\Meu Drive\02_PRODUCAO/BOLETINS
G:\Meu Drive\2026 (1)\03 - MAR - 26\25 03\BOLETIM_RADIO_TJRN_25_03_2026_B9_OABRB_CAMPANHA_VACINACAO_.mp3,SIM,BOLETIM,H:\Meu Drive\02_PRODUCAO/BOLETINS
G:\Meu Drive\2026 (1)\03 - MAR - 26\25 03\BOLETIM_RADIO_TJRN_25_03_2026_B2_TJRN_SUSPENDE_LICITACAO_PREGAO_.mp3,SIM,BOLETIM,H:\Meu Drive\02_PRODUCAO/BOLETINS
G:\Meu Drive\2026 (1)\03 - MAR - 26\25 03\BOLETIM_RADIO_TJRN_25_03_2026_B6_TJRN_EMPRESA_TELEFONIA_CONDENADA_.mp3,SIM,BOLETIM,H:\Meu Drive\02_PRODUCAO/BOLETINS
G:\Meu Drive\2026 (1)\03 - MAR - 26\25 03\BOLETIM_RADIO_TJRN_25_03_2026_B4_TJRN_AFASTA_RESPONSABILIDADE_BANCO_GOLPE_.mp3,SIM,BOLETIM,H:\Meu Drive\02_PRODUCAO/BOLETINS
G:\Meu Drive\2026 (1)\03 - MAR - 26\25 03\desktop.ini,NÃO,-,G:\Meu Drive\Arquivos_Pessoais_Para_Verificacao\Outros
G:\Meu Drive\2026 (1)\03 - MAR - 26\31 03\BOLETIM_RADIO_TJRN_31_03_2026_B7_TJRN_CONDENA_HOMEM_INJURIA_.mp3,SIM,BOLETIM,H:\Meu Drive\02_PRODUCAO/BOLETINS
G:\Meu Drive\2026 (1)\03 - MAR - 26\31 03\BOLETIM_RADIO_TJRN_31_03_2026_B4_CONVOCADOS_CONCURSO.mp3,SIM,BOLETIM,H:\Meu Drive\02_PRODUCAO/BOLETINS
G:\Meu Drive\2026 (1)\03 - MAR - 26\31 03\BOLETIM_RADIO_TJRN_31_03_2026_B5_TJRN_FINALISTA_COMUNICACAO_PUBLICA.mp3,SIM,BOLETIM,H:\Meu Drive\02_PRODUCAO/BOLETINS
G:\Meu Drive\2026 (1)\03 - MAR - 26\31 03\BOLETIM_RADIO_TJRN_31_03_2026_B3_BANCA_HETEROIDENTIFICACAO_ENAM.mp3,SIM,BOLETIM,H:\Meu Drive\02_PRODUCAO/BOLETINS
G:\Meu Drive\2026 (1)\03 - MAR - 26\31 03\BOLETIM_RADIO_TJRN_31_03_2026_B6_PAVILHAO_MARIO_NEGOCIO.mp3,SIM,BOLETIM,H:\Meu Drive\02_PRODUCAO/BOLETINS
G:\Meu Drive\2026 (1)\03 - MAR - 26\31 03\BOLETIM_RADIO_TJRN_31_03_2026_B10_TJRN_REFORMA_DECISAO_CONTRATACAO_ASSESSORIA_.mp3,SIM,BOLETIM,H:\Meu Drive\02_PRODUCAO/BOLETINS
G:\Meu Drive\2026 (1)\03 - MAR - 26\31 03\BOLETIM_RADIO_TJRN_31_03_2026_B1_INJURIA_QUALIFICADA_IDOSA.mp3,SIM,BOLETIM,H:\Meu Drive\02_PRODUCAO/BOLETINS
G:\Meu Drive\2026 (1)\03 - MAR - 26\31 03\BOLETIM_RADIO_TJRN_31_03_2026_B8_TJRN_DESCREDENCIAMENTO_CLINICA_.mp3,SIM,BOLETIM,H:\Meu Drive\02_PRODUCAO/BOLETINS
G:\Meu Drive\2026 (1)\03 - MAR - 26\31 03\BOLETIM_RADIO_TJRN_31_03_2026_B2_REINTEGRACAO_POSSE_IMOVEL.mp3,SIM,BOLETIM,H:\Meu Drive\02_PRODUCAO/BOLETINS
G:\Meu Drive\2026 (1)\03 - MAR - 26\31 03\BOLETIM_RADIO_TJRN_31_03_2026_B9_TJRN_PROCEDIMENTOS_REPARADORES_.mp3,SIM,BOLETIM,H:\Meu Drive\02_PRODUCAO/BOLETINS
G:\Meu Drive\2026 (1)\03 - MAR - 26\31 03\desktop.ini,NÃO,-,G:\Meu Drive\Arquivos_Pessoais_Para_Verificacao\Outros
G:\Meu Drive\2026 (1)\03 - MAR - 26\11 03\BOLETIM_RADIO_TJRN_11_03_2026_B3_TJRN_ACUSADO_MATAR_PREFEITO_ (1).mp3,SIM,BOLETIM,H:\Meu Drive\02_PRODUCAO/BOLETINS
G:\Meu Drive\2026 (1)\03 - MAR - 26\11 03\BOLETIM_RADIO_TJRN_11_03_2026_B6_TRERN_82_ATENDIMENTOS_.mp3,SIM,BOLETIM,H:\Meu Drive\02_PRODUCAO/BOLETINS
G:\Meu Drive\2026 (1)\03 - MAR - 26\11 03\BOLETIM_RADIO_TJRN_11_03_2026_B2_TJRN_EMPRESA_ONIBUS_CONDENADA_ (1).mp3,SIM,BOLETIM,H:\Meu Drive\02_PRODUCAO/BOLETINS
G:\Meu Drive\2026 (1)\03 - MAR - 26\11 03\BOLETIM_RADIO_TJRN_11_03_2026_B1_TJRN_NEGLIGENCIA_MEDICA_ (1).mp3,SIM,BOLETIM,H:\Meu Drive\02_PRODUCAO/BOLETINS
G:\Meu Drive\2026 (1)\03 - MAR - 26\11 03\BOLETIM_RADIO_TJRN_11_03_2026_B1_TJRN_NEGLIGENCIA_MEDICA_.mp3,SIM,BOLETIM,H:\Meu Drive\02_PRODUCAO/BOLETINS
G:\Meu Drive\2026 (1)\03 - MAR - 26\11 03\BOLETIM_RADIO_TJRN_11_03_2026_B7_CNJ_TRIBUNAIS_FERRAMENTA_IA_.mp3,SIM,BOLETIM,H:\Meu Drive\02_PRODUCAO/BOLETINS
G:\Meu Drive\2026 (1)\03 - MAR - 26\11 03\BOLETIM_RADIO_TJRN_11_03_2026_B5_TJRN_LIVRO_IMPACTOS_FEMINICIDIOS_ (1).mp3,SIM,BOLETIM,H:\Meu Drive\02_PRODUCAO/BOLETINS
G:\Meu Drive\2026 (1)\03 - MAR - 26\11 03\BOLETIM_RADIO_TJRN_11_03_2026_B8_ESTAGIO_POS_ALEXANDRIA.mp3,SIM,BOLETIM,H:\Meu Drive\02_PRODUCAO/BOLETINS
G:\Meu Drive\2026 (1)\03 - MAR - 26\11 03\BOLETIM_RADIO_TJRN_11_03_2026_B4_TJRN_JUIZADO_VIOLENCIA_DOMESTICA (1).mp3,SIM,BOLETIM,H:\Meu Drive\02_PRODUCAO/BOLETINS
G:\Meu Drive\2026 (1)\03 - MAR - 26\11 03\BOLETIM_RADIO_TJRN_11_03_2026_B9_AFASTAMENTO_CURSO_FORMACAO.mp3,SIM,BOLETIM,H:\Meu Drive\02_PRODUCAO/BOLETINS
G:\Meu Drive\2026 (1)\03 - MAR - 26\11 03\BOLETIM_RADIO_TJRN_11_03_2026_B2_TJRN_EMPRESA_ONIBUS_CONDENADA_.mp3,SIM,BOLETIM,H:\Meu Drive\02_PRODUCAO/BOLETINS
G:\Meu Drive\2026 (1)\03 - MAR - 26\11 03\BOLETIM_RADIO_TJRN_11_03_2026_B3_TJRN_ACUSADO_MATAR_PREFEITO_.mp3,SIM,BOLETIM,H:\Meu Drive\02_PRODUCAO/BOLETINS
G:\Meu Drive\2026 (1)\03 - MAR - 26\11 03\BOLETIM_RADIO_TJRN_11_03_2026_B4_TJRN_JUIZADO_VIOLENCIA_DOMESTICA.mp3,SIM,BOLETIM,H:\Meu Drive\02_PRODUCAO/BOLETINS
G:\Meu Drive\2026 (1)\03 - MAR - 26\11 03\BOLETIM_RADIO_TJRN_11_03_2026_B10_CRONOGRAMA_OBRAS.mp3,SIM,BOLETIM,H:\Meu Drive\02_PRODUCAO/BOLETINS
G:\Meu Drive\2026 (1)\03 - MAR - 26\11 03\BOLETIM_RADIO_TJRN_11_03_2026_B5_TJRN_LIVRO_IMPACTOS_FEMINICIDIOS_.mp3,SIM,BOLETIM,H:\Meu Drive\02_PRODUCAO/BOLETINS
G:\Meu Drive\2026 (1)\03 - MAR - 26\11 03\desktop.ini,NÃO,-,G:\Meu Drive\Arquivos_Pessoais_Para_Verificacao\Outros
G:\Meu Drive\2026 (1)\03 - MAR - 26\03 03\BOLETIM_RADIO_TJRN_03_03_2026_B3_CONDENACAO_FABRICANTE_PNEUS.mp3,SIM,BOLETIM,H:\Meu Drive\02_PRODUCAO/BOLETINS
G:\Meu Drive\2026 (1)\03 - MAR - 26\03 03\BOLETIM_RADIO_TJRN_03_03_2026_B7_CONDENACAO_RESPONSABILIDADE_SOLIDARIA.mp3,SIM,BOLETIM,H:\Meu Drive\02_PRODUCAO/BOLETINS
G:\Meu Drive\2026 (1)\03 - MAR - 26\03 03\BOLETIM_RADIO_TJRN_03_03_2026_B2_CONVENIO_DEBITO_PRECATORIOS.mp3,SIM,BOLETIM,H:\Meu Drive\02_PRODUCAO/BOLETINS
G:\Meu Drive\2026 (1)\03 - MAR - 26\03 03\TEXTOS 03 03.gdoc,SIM,DESCONHECIDO,H:\Meu Drive\01_ROTEIROS/DESCONHECIDOS
G:\Meu Drive\2026 (1)\03 - MAR - 26\03 03\BOLETIM_RADIO_TJRN_03_03_2026_B9_PAGAMENTO_PASSAGENS_INTERMUNICIPAL.mp3,SIM,BOLETIM,H:\Meu Drive\02_PRODUCAO/BOLETINS
G:\Meu Drive\2026 (1)\03 - MAR - 26\03 03\BOLETIM_RADIO_TJRN_03_03_2026_B8_AMPLIACAO_SALAS_DEPOIMENTO_ESPECIAL.mp3,SIM,BOLETIM,H:\Meu Drive\02_PRODUCAO/BOLETINS
G:\Meu Drive\2026 (1)\03 - MAR - 26\03 03\BOLETIM_RADIO_TJRN_03_03_2026_B6_CONDENACAO_FRAUDE_LICITACAO.mp3,SIM,BOLETIM,H:\Meu Drive\02_PRODUCAO/BOLETINS
G:\Meu Drive\2026 (1)\03 - MAR - 26\03 03\BOLETIM_RADIO_TJRN_03_03_2026_B1_MINICURSO_COMITE_SAUDE.mp3,SIM,BOLETIM,H:\Meu Drive\02_PRODUCAO/BOLETINS
G:\Meu Drive\2026 (1)\03 - MAR - 26\03 03\BOLETIM_RADIO_TJRN_03_03_2026_B10_TJRN_CURSO_ESTRATEGICO_SEGURANCA_.mp3,SIM,BOLETIM,H:\Meu Drive\02_PRODUCAO/BOLETINS
G:\Meu Drive\2026 (1)\03 - MAR - 26\03 03\BOLETIM_RADIO_TJRN_03_03_2026_B4_ESTAGIO_ENSINO_MEDIO.mp3,SIM,BOLETIM,H:\Meu Drive\02_PRODUCAO/BOLETINS
G:\Meu Drive\2026 (1)\03 - MAR - 26\03 03\BOLETIM_RADIO_TJRN_03_03_2026_B5_CONVOCACAO_CONCURSO_CAERN.mp3,SIM,BOLETIM,H:\Meu Drive\02_PRODUCAO/BOLETINS
G:\Meu Drive\2026 (1)\03 - MAR - 26\03 03\desktop.ini,NÃO,-,G:\Meu Drive\Arquivos_Pessoais_Para_Verificacao\Outros
G:\Meu Drive\2026 (1)\03 - MAR - 26\23 03\BOLETIM_RADIO_TJRN_23_03_2026_B5_INTERNACAO_PENDENCIAS.mp3,SIM,BOLETIM,H:\Meu Drive\02_PRODUCAO/BOLETINS
G:\Meu Drive\2026 (1)\03 - MAR - 26\23 03\BOLETIM_RADIO_TJRN_23_03_2026_B2_SUSPENSAO_EVENTOS_PRAIA_MIAMI.mp3,SIM,BOLETIM,H:\Meu Drive\02_PRODUCAO/BOLETINS
G:\Meu Drive\2026 (1)\03 - MAR - 26\23 03\BOLETIM_RADIO_TJRN_23_03_2026_B10_TRATAMENTO_DOMICILIAR_CRIANCA.mp3,SIM,BOLETIM,H:\Meu Drive\02_PRODUCAO/BOLETINS
G:\Meu Drive\2026 (1)\03 - MAR - 26\23 03\BOLETIM_RADIO_TJRN_23_03_2026_B3_AULA_INAUGURAL_DOUTORADO_ESMARN.mp3,SIM,BOLETIM,H:\Meu Drive\02_PRODUCAO/BOLETINS
G:\Meu Drive\2026 (1)\03 - MAR - 26\23 03\BOLETIM_RADIO_TJRN_23_03_2026_B9_CAPACITACAO_ESCUTA_PROTEGIDA.mp3,SIM,BOLETIM,H:\Meu Drive\02_PRODUCAO/BOLETINS
G:\Meu Drive\2026 (1)\03 - MAR - 26\23 03\BOLETIM_RADIO_TJRN_23_03_2026_B4_NEGADA_REVISAO_MEDIDAS_PROTETIVAS.mp3,SIM,BOLETIM,H:\Meu Drive\02_PRODUCAO/BOLETINS
G:\Meu Drive\2026 (1)\03 - MAR - 26\23 03\BOLETIM_RADIO_TJRN_23_03_2026_B1_RESSARCIMENTO_CUSTOS_FISIOTERAPIA.mp3,SIM,BOLETIM,H:\Meu Drive\02_PRODUCAO/BOLETINS
G:\Meu Drive\2026 (1)\03 - MAR - 26\23 03\BOLETIM_RADIO_TJRN_23_03_2026_B8_MUTIRAO_EFICIENCIA_PJE.mp3,SIM,BOLETIM,H:\Meu Drive\02_PRODUCAO/BOLETINS
G:\Meu Drive\2026 (1)\03 - MAR - 26\23 03\BOLETIM_RADIO_TJRN_23_03_2026_B7_DEVOLUCAO_MILHAS.mp3,SIM,BOLETIM,H:\Meu Drive\02_PRODUCAO/BOLETINS
G:\Meu Drive\2026 (1)\03 - MAR - 26\23 03\BOLETIM_RADIO_TJRN_23_03_2026_B6_CANCELAMENTO_ABUSIVO_PASSAGEM.mp3,SIM,BOLETIM,H:\Meu Drive\02_PRODUCAO/BOLETINS
G:\Meu Drive\2026 (1)\03 - MAR - 26\23 03\desktop.ini,NÃO,-,G:\Meu Drive\Arquivos_Pessoais_Para_Verificacao\Outros
G:\Meu Drive\2026 (1)\03 - MAR - 26\18 03\BOLETIM_RADIO_TJRN_18_03_2026_B9_CONDENACAO_PREJUIZOS_COLISAO.mp3,SIM,BOLETIM,H:\Meu Drive\02_PRODUCAO/BOLETINS
G:\Meu Drive\2026 (1)\03 - MAR - 26\18 03\BOLETIM_RADIO_TJRN_18_03_2026_B10_FALHA_CONSTRUCAO_TERRENO.mp3,SIM,BOLETIM,H:\Meu Drive\02_PRODUCAO/BOLETINS
G:\Meu Drive\2026 (1)\03 - MAR - 26\18 03\BOLETIM_RADIO_TJRN_18_03_2026_B7_TRTRN_CONVENIO_PREFEITURAS_.mp3,SIM,BOLETIM,H:\Meu Drive\02_PRODUCAO/BOLETINS
G:\Meu Drive\2026 (1)\03 - MAR - 26\18 03\BOLETIM_RADIO_TJRN_18_03_2026_B4_TJRN_CONDENA_HOMEM_EXTORSAO_.mp3,SIM,BOLETIM,H:\Meu Drive\02_PRODUCAO/BOLETINS
G:\Meu Drive\2026 (1)\03 - MAR - 26\18 03\BOLETIM_RADIO_TJRN_18_03_2026_B5_TJRN_GMF_RELATORIO_SISTEMA.mp3,SIM,BOLETIM,H:\Meu Drive\02_PRODUCAO/BOLETINS
G:\Meu Drive\2026 (1)\03 - MAR - 26\18 03\BOLETIM_RADIO_TJRN_18_03_2026_B8_TJRN_OBSERVATORIO_PRISIONAL.mp3,SIM,BOLETIM,H:\Meu Drive\02_PRODUCAO/BOLETINS
G:\Meu Drive\2026 (1)\03 - MAR - 26\18 03\BOLETIM_RADIO_TJRN_18_03_2026_B1_TJRN_FABRICANTE_MULTINACIONAL_CONDENADA_.mp3,SIM,BOLETIM,H:\Meu Drive\02_PRODUCAO/BOLETINS
G:\Meu Drive\2026 (1)\03 - MAR - 26\18 03\BOLETIM_RADIO_TJRN_18_03_2026_B3_TJRN_DETERMINA_REATIVACAO_CONTAS_FACEBOOK.mp3,SIM,BOLETIM,H:\Meu Drive\02_PRODUCAO/BOLETINS
G:\Meu Drive\2026 (1)\03 - MAR - 26\18 03\BOLETIM_RADIO_TJRN_18_03_2026_B6_TJRN_MUTIRAO_JUIZADO_ESPECIAL_.mp3,SIM,BOLETIM,H:\Meu Drive\02_PRODUCAO/BOLETINS
G:\Meu Drive\2026 (1)\03 - MAR - 26\18 03\BOLETIM_RADIO_TJRN_18_03_2026_B2_TJRN_FALHA_EM_MARKETPLACE.mp3,SIM,BOLETIM,H:\Meu Drive\02_PRODUCAO/BOLETINS
G:\Meu Drive\2026 (1)\03 - MAR - 26\18 03\desktop.ini,NÃO,-,G:\Meu Drive\Arquivos_Pessoais_Para_Verificacao\Outros
G:\Meu Drive\2026 (1)\03 - MAR - 26\06 03\BOLETIM_RADIO_TJRN_06_03_2026_B1_TJRN_DETERMINA_RESTITUICAO_DOBRO.HM2,NÃO,-,G:\Meu Drive\Arquivos_Pessoais_Para_Verificacao\Outros
G:\Meu Drive\2026 (1)\03 - MAR - 26\06 03\BOLETIM_RADIO_TJRN_06_03_2026_B10_DPERN_MEDICAMENTO_ALTO_CUSTO.HMP,NÃO,-,G:\Meu Drive\Arquivos_Pessoais_Para_Verificacao\Outros
G:\Meu Drive\2026 (1)\03 - MAR - 26\06 03\BOLETIM_RADIO_TJRN_06_03_2026_B7_TJRN_DESOCUPACAO_IMOVEIS_FELIPE_CAMARAO_.HM2,NÃO,-,G:\Meu Drive\Arquivos_Pessoais_Para_Verificacao\Outros
G:\Meu Drive\2026 (1)\03 - MAR - 26\06 03\BOLETIM_RADIO_TJRN_06_03_2026_B3_TJRN_CAMPESTRE_PROCESSO_SELETIVO_.HM2,NÃO,-,G:\Meu Drive\Arquivos_Pessoais_Para_Verificacao\Outros
G:\Meu Drive\2026 (1)\03 - MAR - 26\06 03\BOLETIM_RADIO_TJRN_06_03_2026_B5_TJRN_HOMEM_CONDENADO_ROUBO.HM2,NÃO,-,G:\Meu Drive\Arquivos_Pessoais_Para_Verificacao\Outros
G:\Meu Drive\2026 (1)\03 - MAR - 26\06 03\BOLETIM_RADIO_TJRN_06_03_2026_B8_TJRN_PAU_FERROS_PROCESSO_SELETIVO_.HMP,NÃO,-,G:\Meu Drive\Arquivos_Pessoais_Para_Verificacao\Outros
G:\Meu Drive\2026 (1)\03 - MAR - 26\06 03\BOLETIM_RADIO_TJRN_06_03_2026_B1_TJRN_DETERMINA_RESTITUICAO_DOBRO.mp3,SIM,BOLETIM,H:\Meu Drive\02_PRODUCAO/BOLETINS
G:\Meu Drive\2026 (1)\03 - MAR - 26\06 03\BOLETIM_RADIO_TJRN_06_03_2026_B3_TJRN_CAMPESTRE_PROCESSO_SELETIVO_.HMP,NÃO,-,G:\Meu Drive\Arquivos_Pessoais_Para_Verificacao\Outros
G:\Meu Drive\2026 (1)\03 - MAR - 26\06 03\BOLETIM_RADIO_TJRN_06_03_2026_B2_TJRN_VALOR_COPARTICIPACAO_.mp3,SIM,BOLETIM,H:\Meu Drive\02_PRODUCAO/BOLETINS
G:\Meu Drive\2026 (1)\03 - MAR - 26\06 03\BOLETIM_RADIO_TJRN_06_03_2026_B3_TJRN_CAMPESTRE_PROCESSO_SELETIVO_.mp3,SIM,BOLETIM,H:\Meu Drive\02_PRODUCAO/BOLETINS
G:\Meu Drive\2026 (1)\03 - MAR - 26\06 03\BOLETIM_RADIO_TJRN_06_03_2026_B4_TJRN_REDE_SOCIAL_DECISAO_.HM2,NÃO,-,G:\Meu Drive\Arquivos_Pessoais_Para_Verificacao\Outros
G:\Meu Drive\2026 (1)\03 - MAR - 26\06 03\BOLETIM_RADIO_TJRN_06_03_2026_B8_TJRN_PAU_FERROS_PROCESSO_SELETIVO_.mp3,SIM,BOLETIM,H:\Meu Drive\02_PRODUCAO/BOLETINS
G:\Meu Drive\2026 (1)\03 - MAR - 26\06 03\BOLETIM_RADIO_TJRN_06_03_2026_B10_DPERN_MEDICAMENTO_ALTO_CUSTO.mp3,SIM,BOLETIM,H:\Meu Drive\02_PRODUCAO/BOLETINS
G:\Meu Drive\2026 (1)\03 - MAR - 26\06 03\BOLETIM_RADIO_TJRN_06_03_2026_B4_TJRN_REDE_SOCIAL_DECISAO_.HMP,NÃO,-,G:\Meu Drive\Arquivos_Pessoais_Para_Verificacao\Outros
G:\Meu Drive\2026 (1)\03 - MAR - 26\06 03\BOLETIM_RADIO_TJRN_06_03_2026_B9_TRTRN_PROCURADORA_CHEFE_UNIAO.mp3,SIM,BOLETIM,H:\Meu Drive\02_PRODUCAO/BOLETINS
G:\Meu Drive\2026 (1)\03 - MAR - 26\06 03\BOLETIM_RADIO_TJRN_06_03_2026_B10_DPERN_MEDICAMENTO_ALTO_CUSTO.HM2,NÃO,-,G:\Meu Drive\Arquivos_Pessoais_Para_Verificacao\Outros
G:\Meu Drive\2026 (1)\03 - MAR - 26\06 03\BOLETIM_RADIO_TJRN_06_03_2026_B5_TJRN_HOMEM_CONDENADO_ROUBO.mp3,SIM,BOLETIM,H:\Meu Drive\02_PRODUCAO/BOLETINS
G:\Meu Drive\2026 (1)\03 - MAR - 26\06 03\BOLETIM_RADIO_TJRN_06_03_2026_B8_TJRN_PAU_FERROS_PROCESSO_SELETIVO_.HM2,NÃO,-,G:\Meu Drive\Arquivos_Pessoais_Para_Verificacao\Outros
G:\Meu Drive\2026 (1)\03 - MAR - 26\06 03\BOLETIM_RADIO_TJRN_06_03_2026_B4_TJRN_REDE_SOCIAL_DECISAO_.mp3,SIM,BOLETIM,H:\Meu Drive\02_PRODUCAO/BOLETINS
G:\Meu Drive\2026 (1)\03 - MAR - 26\06 03\BOLETIM_RADIO_TJRN_06_03_2026_B9_TRTRN_PROCURADORA_CHEFE_UNIAO.HM2,NÃO,-,G:\Meu Drive\Arquivos_Pessoais_Para_Verificacao\Outros
G:\Meu Drive\2026 (1)\03 - MAR - 26\06 03\BOLETIM_RADIO_TJRN_06_03_2026_B6_TJRN_FUNDACAO_EX_EMPREGADOS_TELERN_.HMP,NÃO,-,G:\Meu Drive\Arquivos_Pessoais_Para_Verificacao\Outros
G:\Meu Drive\2026 (1)\03 - MAR - 26\06 03\BOLETIM_RADIO_TJRN_06_03_2026_B9_TRTRN_PROCURADORA_CHEFE_UNIAO.HMP,NÃO,-,G:\Meu Drive\Arquivos_Pessoais_Para_Verificacao\Outros
G:\Meu Drive\2026 (1)\03 - MAR - 26\06 03\BOLETIM_RADIO_TJRN_06_03_2026_B5_TJRN_HOMEM_CONDENADO_ROUBO.HMP,NÃO,-,G:\Meu Drive\Arquivos_Pessoais_Para_Verificacao\Outros
G:\Meu Drive\2026 (1)\03 - MAR - 26\06 03\BOLETIM_RADIO_TJRN_06_03_2026_B7_TJRN_DESOCUPACAO_IMOVEIS_FELIPE_CAMARAO_.mp3,SIM,BOLETIM,H:\Meu Drive\02_PRODUCAO/BOLETINS
G:\Meu Drive\2026 (1)\03 - MAR - 26\06 03\BOLETIM_RADIO_TJRN_06_03_2026_B6_TJRN_FUNDACAO_EX_EMPREGADOS_TELERN_.HM2,NÃO,-,G:\Meu Drive\Arquivos_Pessoais_Para_Verificacao\Outros
G:\Meu Drive\2026 (1)\03 - MAR - 26\06 03\BOLETIM_RADIO_TJRN_06_03_2026_B2_TJRN_VALOR_COPARTICIPACAO_.HM2,NÃO,-,G:\Meu Drive\Arquivos_Pessoais_Para_Verificacao\Outros
G:\Meu Drive\2026 (1)\03 - MAR - 26\06 03\BOLETIM_RADIO_TJRN_06_03_2026_B6_TJRN_FUNDACAO_EX_EMPREGADOS_TELERN_.mp3,SIM,BOLETIM,H:\Meu Drive\02_PRODUCAO/BOLETINS
G:\Meu Drive\2026 (1)\03 - MAR - 26\06 03\BOLETIM_RADIO_TJRN_06_03_2026_B2_TJRN_VALOR_COPARTICIPACAO_.HMP,NÃO,-,G:\Meu Drive\Arquivos_Pessoais_Para_Verificacao\Outros
G:\Meu Drive\2026 (1)\03 - MAR - 26\06 03\BOLETIM_RADIO_TJRN_06_03_2026_B7_TJRN_DESOCUPACAO_IMOVEIS_FELIPE_CAMARAO_.HMP,NÃO,-,G:\Meu Drive\Arquivos_Pessoais_Para_Verificacao\Outros
G:\Meu Drive\2026 (1)\03 - MAR - 26\06 03\BOLETIM_RADIO_TJRN_06_03_2026_B1_TJRN_DETERMINA_RESTITUICAO_DOBRO.HMP,NÃO,-,G:\Meu Drive\Arquivos_Pessoais_Para_Verificacao\Outros
G:\Meu Drive\2026 (1)\03 - MAR - 26\06 03\desktop.ini,NÃO,-,G:\Meu Drive\Arquivos_Pessoais_Para_Verificacao\Outros
G:\Meu Drive\2026 (1)\03 - MAR - 26\23 03 - SEG\B9- CAPACITAÇÃO ESCUTA PROTEGIDA.gdoc,SIM,DESCONHECIDO,H:\Meu Drive\01_ROTEIROS/DESCONHECIDOS
G:\Meu Drive\2026 (1)\03 - MAR - 26\23 03 - SEG\B5- INTERNAÇÃO PENDÊNCIAS.gdoc,SIM,DESCONHECIDO,H:\Meu Drive\01_ROTEIROS/DESCONHECIDOS
G:\Meu Drive\2026 (1)\03 - MAR - 26\23 03 - SEG\B3- AULA INAUGURAL DOUTORADO ESMARN.gdoc,SIM,DESCONHECIDO,H:\Meu Drive\01_ROTEIROS/DESCONHECIDOS
G:\Meu Drive\2026 (1)\03 - MAR - 26\23 03 - SEG\B7- DEVOLUÇÃO MILHAS.gdoc,SIM,DESCONHECIDO,H:\Meu Drive\01_ROTEIROS/DESCONHECIDOS
G:\Meu Drive\2026 (1)\03 - MAR - 26\23 03 - SEG\B6- CANCELAMENTO ABUSIVO PASSAGEM.gdoc,SIM,DESCONHECIDO,H:\Meu Drive\01_ROTEIROS/DESCONHECIDOS
G:\Meu Drive\2026 (1)\03 - MAR - 26\23 03 - SEG\B4- NEGADA REVISÃO MEDIDAS PROTETIVAS.gdoc,SIM,DESCONHECIDO,H:\Meu Drive\01_ROTEIROS/DESCONHECIDOS
G:\Meu Drive\2026 (1)\03 - MAR - 26\23 03 - SEG\B1- RESSARCIMENTO CUSTOS FISIOTERAPIA.gdoc,SIM,DESCONHECIDO,H:\Meu Drive\01_ROTEIROS/DESCONHECIDOS
G:\Meu Drive\2026 (1)\03 - MAR - 26\23 03 - SEG\B10- TRATAMENTO DOMICILIAR CRIANÇA.gdoc,SIM,DESCONHECIDO,H:\Meu Drive\01_ROTEIROS/DESCONHECIDOS
G:\Meu Drive\2026 (1)\03 - MAR - 26\23 03 - SEG\B8- MUTIRÃO EFICIÊNCIA PJE.gdoc,SIM,DESCONHECIDO,H:\Meu Drive\01_ROTEIROS/DESCONHECIDOS
G:\Meu Drive\2026 (1)\03 - MAR - 26\23 03 - SEG\B2- SUSPENSÃO EVENTOS PRAIA MIAMI.gdoc,SIM,DESCONHECIDO,H:\Meu Drive\01_ROTEIROS/DESCONHECIDOS
G:\Meu Drive\2026 (1)\03 - MAR - 26\23 03 - SEG\desktop.ini,NÃO,-,G:\Meu Drive\Arquivos_Pessoais_Para_Verificacao\Outros
G:\Meu Drive\2026 (1)\03 - MAR - 26\31 03 - TER\B9- TJRN PROCEDIMENTOS REPARADORES .gdoc,SIM,DESCONHECIDO,H:\Meu Drive\01_ROTEIROS/DESCONHECIDOS
G:\Meu Drive\2026 (1)\03 - MAR - 26\31 03 - TER\B7- TJRN CONDENA HOMEM INJÚRIA .gdoc,SIM,DESCONHECIDO,H:\Meu Drive\01_ROTEIROS/DESCONHECIDOS
G:\Meu Drive\2026 (1)\03 - MAR - 26\31 03 - TER\B8- TJRN DESCREDENCIAMENTO CLÍNICA .gdoc,SIM,DESCONHECIDO,H:\Meu Drive\01_ROTEIROS/DESCONHECIDOS
G:\Meu Drive\2026 (1)\03 - MAR - 26\31 03 - TER\B10- TJRN REFORMA DECISÃO CONTRATAÇÃO ASSESSORIA .gdoc,SIM,DESCONHECIDO,H:\Meu Drive\01_ROTEIROS/DESCONHECIDOS
G:\Meu Drive\2026 (1)\03 - MAR - 26\31 03 - TER\B1- INJÚRIA QUALIFICADA IDOSA.gdoc,SIM,DESCONHECIDO,H:\Meu Drive\01_ROTEIROS/DESCONHECIDOS
G:\Meu Drive\2026 (1)\03 - MAR - 26\31 03 - TER\B6- PAVILHÃO MÁRIO NEGÓCIO.gdoc,SIM,DESCONHECIDO,H:\Meu Drive\01_ROTEIROS/DESCONHECIDOS
G:\Meu Drive\2026 (1)\03 - MAR - 26\31 03 - TER\B5- TJRN FINALISTA COMUNICAÇÃO PÚBLICA.gdoc,SIM,DESCONHECIDO,H:\Meu Drive\01_ROTEIROS/DESCONHECIDOS
G:\Meu Drive\2026 (1)\03 - MAR - 26\31 03 - TER\B3- BANCA HETEROIDENTIFICAÇÃO ENAM.gdoc,SIM,DESCONHECIDO,H:\Meu Drive\01_ROTEIROS/DESCONHECIDOS
G:\Meu Drive\2026 (1)\03 - MAR - 26\31 03 - TER\B2- REINTEGRAÇÃO POSSE IMOVEL.gdoc,SIM,DESCONHECIDO,H:\Meu Drive\01_ROTEIROS/DESCONHECIDOS
G:\Meu Drive\2026 (1)\03 - MAR - 26\31 03 - TER\B4- CONVOCADOS CONCURSO.gdoc,SIM,DESCONHECIDO,H:\Meu Drive\01_ROTEIROS/DESCONHECIDOS
G:\Meu Drive\2026 (1)\03 - MAR - 26\31 03 - TER\desktop.ini,NÃO,-,G:\Meu Drive\Arquivos_Pessoais_Para_Verificacao\Outros
G:\Meu Drive\2026 (1)\03 - MAR - 26\12 03 - QUI\B2- TJRN EMPRESA BLACK FRIDAY.gdoc,SIM,DESCONHECIDO,H:\Meu Drive\01_ROTEIROS/DESCONHECIDOS
G:\Meu Drive\2026 (1)\03 - MAR - 26\12 03 - QUI\B9- DPERN EDITAL DOAÇÃO VEÍCULOS .gdoc,SIM,DESCONHECIDO,H:\Meu Drive\01_ROTEIROS/DESCONHECIDOS
G:\Meu Drive\2026 (1)\03 - MAR - 26\12 03 - QUI\B6- TJRN CEJUSC CEARÁ-MIRIM ACORDO .gdoc,SIM,DESCONHECIDO,H:\Meu Drive\01_ROTEIROS/DESCONHECIDOS
G:\Meu Drive\2026 (1)\03 - MAR - 26\12 03 - QUI\B7- TJRN EDITAL PROJETOS SOCIAIS .gdoc,SIM,DESCONHECIDO,H:\Meu Drive\01_ROTEIROS/DESCONHECIDOS
G:\Meu Drive\2026 (1)\03 - MAR - 26\12 03 - QUI\B3- TJRN EDITAL FORMAÇÃO MANUTENÇÃO .gdoc,SIM,DESCONHECIDO,H:\Meu Drive\01_ROTEIROS/DESCONHECIDOS
G:\Meu Drive\2026 (1)\03 - MAR - 26\12 03 - QUI\B4- TJRN TOUROS PROCESSO SELETIVO .gdoc,SIM,DESCONHECIDO,H:\Meu Drive\01_ROTEIROS/DESCONHECIDOS
G:\Meu Drive\2026 (1)\03 - MAR - 26\12 03 - QUI\B5- TJRN COMITÊ GESTOR PENAS PECUNIÁRIAS .gdoc,SIM,DESCONHECIDO,H:\Meu Drive\01_ROTEIROS/DESCONHECIDOS
G:\Meu Drive\2026 (1)\03 - MAR - 26\12 03 - QUI\B8- TJRN VARA ANGICOS EDITAL .gdoc,SIM,DESCONHECIDO,H:\Meu Drive\01_ROTEIROS/DESCONHECIDOS
G:\Meu Drive\2026 (1)\03 - MAR - 26\12 03 - QUI\B10- TRT RN CUIDADORA REVEZAVA PLANTÕES .gdoc,SIM,DESCONHECIDO,H:\Meu Drive\01_ROTEIROS/DESCONHECIDOS
G:\Meu Drive\2026 (1)\03 - MAR - 26\12 03 - QUI\B1- TJRN MANTIDA LEGALIDADE NOMEAÇÕES .gdoc,SIM,DESCONHECIDO,H:\Meu Drive\01_ROTEIROS/DESCONHECIDOS
G:\Meu Drive\2026 (1)\03 - MAR - 26\12 03 - QUI\desktop.ini,NÃO,-,G:\Meu Drive\Arquivos_Pessoais_Para_Verificacao\Outros
G:\Meu Drive\2026 (1)\03 - MAR - 26\04 03\BOLETIM_RADIO_TJRN_04_03_2026_B7_TRTRN_SOCIO_RESPONSABILIZADO_.mp3,SIM,BOLETIM,H:\Meu Drive\02_PRODUCAO/BOLETINS
G:\Meu Drive\2026 (1)\03 - MAR - 26\04 03\BOLETIM_RADIO_TJRN_04_03_2026_B3_PARNAMIRIM_DEVE_PAGAR_ALUGUEIS.mp3,SIM,BOLETIM,H:\Meu Drive\02_PRODUCAO/BOLETINS
G:\Meu Drive\2026 (1)\03 - MAR - 26\04 03\BOLETIM_RADIO_TJRN_04_03_2026_B4_REDE_SOCIAL_DEVE_INDENIZAR_USUARIA.mp3,SIM,BOLETIM,H:\Meu Drive\02_PRODUCAO/BOLETINS
G:\Meu Drive\2026 (1)\03 - MAR - 26\04 03\BOLETIM_RADIO_TJRN_04_03_2026_B6_PENAS_PECUNIARIAS_CANGUARETAMA.mp3,SIM,BOLETIM,H:\Meu Drive\02_PRODUCAO/BOLETINS
G:\Meu Drive\2026 (1)\03 - MAR - 26\04 03\BOLETIM_RADIO_TJRN_04_03_2026_B5_COSERN_DEVE_INDENIZAR_USUARIA.mp3,SIM,BOLETIM,H:\Meu Drive\02_PRODUCAO/BOLETINS
G:\Meu Drive\2026 (1)\03 - MAR - 26\04 03\BOLETIM_RADIO_TJRN_04_03_2026_B10_MPRN_FIRMA_ACORDO_INTERINSTITUCIONAL_.mp3,SIM,BOLETIM,H:\Meu Drive\02_PRODUCAO/BOLETINS
G:\Meu Drive\2026 (1)\03 - MAR - 26\04 03\BOLETIM_RADIO_TJRN_04_03_2026_B9_CNJ_NOTA_TECNICA_COMBATE_FALSO_ADVOGADO_.mp3,SIM,BOLETIM,H:\Meu Drive\02_PRODUCAO/BOLETINS
G:\Meu Drive\2026 (1)\03 - MAR - 26\04 03\BOLETIM_RADIO_TJRN_04_03_2026_B1_CAERN_CONDENADA_POR_SUSPENSAO_DE_AGUA.mp3,SIM,BOLETIM,H:\Meu Drive\02_PRODUCAO/BOLETINS
G:\Meu Drive\2026 (1)\03 - MAR - 26\04 03\BOLETIM_RADIO_TJRN_04_03_2026_B2_COSERN_DEVE_AUMENTAR_CARGA_ENERGETICA.mp3,SIM,BOLETIM,H:\Meu Drive\02_PRODUCAO/BOLETINS
G:\Meu Drive\2026 (1)\03 - MAR - 26\04 03\textos 04 03.gdoc,SIM,DESCONHECIDO,H:\Meu Drive\01_ROTEIROS/DESCONHECIDOS
G:\Meu Drive\2026 (1)\03 - MAR - 26\04 03\desktop.ini,NÃO,-,G:\Meu Drive\Arquivos_Pessoais_Para_Verificacao\Outros
G:\Meu Drive\2026 (1)\03 - MAR - 26\06 03 - SEX\B4- TJRN REDE SOCIAL DECISÃO .gdoc,SIM,DESCONHECIDO,H:\Meu Drive\01_ROTEIROS/DESCONHECIDOS
G:\Meu Drive\2026 (1)\03 - MAR - 26\06 03 - SEX\B7- TJRN DESOCUPAÇÃO IMÓVEIS FELIPE CAMARÃO .gdoc,SIM,DESCONHECIDO,H:\Meu Drive\01_ROTEIROS/DESCONHECIDOS
G:\Meu Drive\2026 (1)\03 - MAR - 26\06 03 - SEX\B2- TJRN VALOR COPARTICIPAÇÃO .gdoc,SIM,DESCONHECIDO,H:\Meu Drive\01_ROTEIROS/DESCONHECIDOS
G:\Meu Drive\2026 (1)\03 - MAR - 26\06 03 - SEX\B8- TJRN PAU FERROS PROCESSO SELETIVO .gdoc,SIM,DESCONHECIDO,H:\Meu Drive\01_ROTEIROS/DESCONHECIDOS
G:\Meu Drive\2026 (1)\03 - MAR - 26\06 03 - SEX\B9- TRT RN PROCURADORA CHEFE UNIÃO.gdoc,SIM,DESCONHECIDO,H:\Meu Drive\01_ROTEIROS/DESCONHECIDOS
G:\Meu Drive\2026 (1)\03 - MAR - 26\06 03 - SEX\B6- TJRN FUNDAÇÃO EX-EMPREGADOS TELERN .gdoc,SIM,DESCONHECIDO,H:\Meu Drive\01_ROTEIROS/DESCONHECIDOS
G:\Meu Drive\2026 (1)\03 - MAR - 26\06 03 - SEX\B1- TJRN DETERMINA RESTITUIÇÃO DOBRO.gdoc,SIM,DESCONHECIDO,H:\Meu Drive\01_ROTEIROS/DESCONHECIDOS
G:\Meu Drive\2026 (1)\03 - MAR - 26\06 03 - SEX\B5- TJRN HOMEM CONDENADO ROUBO.gdoc,SIM,DESCONHECIDO,H:\Meu Drive\01_ROTEIROS/DESCONHECIDOS
G:\Meu Drive\2026 (1)\03 - MAR - 26\06 03 - SEX\B10- DPERN MEDICAMENTO ALTO CUSTO.gdoc,SIM,DESCONHECIDO,H:\Meu Drive\01_ROTEIROS/DESCONHECIDOS
G:\Meu Drive\2026 (1)\03 - MAR - 26\06 03 - SEX\B3- TJRN CAMPESTRE PROCESSO SELETIVO .gdoc,SIM,DESCONHECIDO,H:\Meu Drive\01_ROTEIROS/DESCONHECIDOS
G:\Meu Drive\2026 (1)\03 - MAR - 26\06 03 - SEX\desktop.ini,NÃO,-,G:\Meu Drive\Arquivos_Pessoais_Para_Verificacao\Outros
G:\Meu Drive\2026 (1)\03 - MAR - 26\17 03\BOLETIM_RADIO_TJRN_17_03_2026_B5_TJRN_PROMOVE_CURSO_MAGISTRADOS_.mp3,SIM,BOLETIM,H:\Meu Drive\02_PRODUCAO/BOLETINS
G:\Meu Drive\2026 (1)\03 - MAR - 26\17 03\BOLETIM_RADIO_TJRN_17_03_2026_B4_TJRN_EXECUCAO_FISCAL_TRIBUTARIA_.mp3,SIM,BOLETIM,H:\Meu Drive\02_PRODUCAO/BOLETINS
G:\Meu Drive\2026 (1)\03 - MAR - 26\17 03\BOLETIM_RADIO_TJRN_17_03_2026_B6_TJRN_AULA_INAUGURAL_DINTER_.mp3,SIM,BOLETIM,H:\Meu Drive\02_PRODUCAO/BOLETINS
G:\Meu Drive\2026 (1)\03 - MAR - 26\17 03\BOLETIM_RADIO_TJRN_17_03_2026_B1_TJRN_NEGA_DECISAO_DANO_MORAL_.mp3,SIM,BOLETIM,H:\Meu Drive\02_PRODUCAO/BOLETINS
G:\Meu Drive\2026 (1)\03 - MAR - 26\17 03\BOLETIM_RADIO_TJRN_17_03_2026_B2_TJRN_CEARA_MIRIM_PROJETOS_.mp3,SIM,BOLETIM,H:\Meu Drive\02_PRODUCAO/BOLETINS
G:\Meu Drive\2026 (1)\03 - MAR - 26\17 03\BOLETIM_RADIO_TJRN_17_03_2026_B10_MPRN_RECOMDENCAO_POLUICAO_SONORA_.mp3,SIM,BOLETIM,H:\Meu Drive\02_PRODUCAO/BOLETINS
G:\Meu Drive\2026 (1)\03 - MAR - 26\17 03\BOLETIM_RADIO_TJRN_17_03_2026_B3_TJRN_SERVIDAO_ADMINISTRATIVA_.mp3,SIM,BOLETIM,H:\Meu Drive\02_PRODUCAO/BOLETINS
G:\Meu Drive\2026 (1)\03 - MAR - 26\17 03\BOLETIM_RADIO_TJRN_17_03_2026_B7_TJRN_ESTADO_LEITO_UTI_PACIENTE_.mp3,SIM,BOLETIM,H:\Meu Drive\02_PRODUCAO/BOLETINS
G:\Meu Drive\2026 (1)\03 - MAR - 26\17 03\BOLETIM_RADIO_TJRN_17_03_2026_B8_TJRN_IMOBILIARIA_COSERN_CONDENADAS.mp3,SIM,BOLETIM,H:\Meu Drive\02_PRODUCAO/BOLETINS
G:\Meu Drive\2026 (1)\03 - MAR - 26\17 03\textos 17 03.gdoc,SIM,DESCONHECIDO,H:\Meu Drive\01_ROTEIROS/DESCONHECIDOS
G:\Meu Drive\2026 (1)\03 - MAR - 26\17 03\BOLETIM_RADIO_TJRN_17_03_2026_B9_OABRN_PROGRAMA_DESENVOLVIMENTO_.mp3,SIM,BOLETIM,H:\Meu Drive\02_PRODUCAO/BOLETINS
G:\Meu Drive\2026 (1)\03 - MAR - 26\17 03\desktop.ini,NÃO,-,G:\Meu Drive\Arquivos_Pessoais_Para_Verificacao\Outros
G:\Meu Drive\2026 (1)\03 - MAR - 26\12 03\BOLETIM_RADIO_TJRN_12_03_2026_B5_TJRN_COMITE_GESTOR_PENAS_PECUNIARIAS_.mp3,SIM,BOLETIM,H:\Meu Drive\02_PRODUCAO/BOLETINS
G:\Meu Drive\2026 (1)\03 - MAR - 26\12 03\BOLETIM_RADIO_TJRN_12_03_2026_B1_TJRN_MANTIDA_LEGALIDADE_NOMEACOES_.mp3,SIM,BOLETIM,H:\Meu Drive\02_PRODUCAO/BOLETINS
G:\Meu Drive\2026 (1)\03 - MAR - 26\12 03\BOLETIM_RADIO_TJRN_12_03_2026_B7_TJRN_EDITAL_PROJETOS_SOCIAIS_.mp3,SIM,BOLETIM,H:\Meu Drive\02_PRODUCAO/BOLETINS
G:\Meu Drive\2026 (1)\03 - MAR - 26\12 03\BOLETIM_RADIO_TJRN_12_03_2026_B8_TJRN_VARA_ANGICOS_EDITAL_.mp3,SIM,BOLETIM,H:\Meu Drive\02_PRODUCAO/BOLETINS
G:\Meu Drive\2026 (1)\03 - MAR - 26\12 03\BOLETIM_RADIO_TJRN_12_03_2026_B4_TJRN_TOUROS_PROCESSO_SELETIVO_.mp3,SIM,BOLETIM,H:\Meu Drive\02_PRODUCAO/BOLETINS
G:\Meu Drive\2026 (1)\03 - MAR - 26\12 03\TEXTOS 12 03.gdoc,SIM,DESCONHECIDO,H:\Meu Drive\01_ROTEIROS/DESCONHECIDOS
G:\Meu Drive\2026 (1)\03 - MAR - 26\12 03\BOLETIM_RADIO_TJRN_12_03_2026_B2_TJRN_EMPRESA_BLACK_FRIDAY.mp3,SIM,BOLETIM,H:\Meu Drive\02_PRODUCAO/BOLETINS
G:\Meu Drive\2026 (1)\03 - MAR - 26\12 03\BOLETIM_RADIO_TJRN_12_03_2026_B9_DPERN_EDITAL_DOACAO_VEICULOS_.mp3,SIM,BOLETIM,H:\Meu Drive\02_PRODUCAO/BOLETINS
G:\Meu Drive\2026 (1)\03 - MAR - 26\12 03\BOLETIM_RADIO_TJRN_12_03_2026_B3_TJRN_EDITAL_FORMACAO_MANUTENCAO_.mp3,SIM,BOLETIM,H:\Meu Drive\02_PRODUCAO/BOLETINS
G:\Meu Drive\2026 (1)\03 - MAR - 26\12 03\BOLETIM_RADIO_TJRN_12_03_2026_B10_TRTRN_CUIDADORA_REVEZAVA_PLANTOES_.mp3,SIM,BOLETIM,H:\Meu Drive\02_PRODUCAO/BOLETINS
G:\Meu Drive\2026 (1)\03 - MAR - 26\12 03\BOLETIM_RADIO_TJRN_12_03_2026_B6_TJRN_CEJUSC_CEARA_MIRIM_ACORDO_.mp3,SIM,BOLETIM,H:\Meu Drive\02_PRODUCAO/BOLETINS
G:\Meu Drive\2026 (1)\03 - MAR - 26\12 03\desktop.ini,NÃO,-,G:\Meu Drive\Arquivos_Pessoais_Para_Verificacao\Outros
G:\Meu Drive\2026 (1)\03 - MAR - 26\10 03 - TER\B3- TJRN PLANO SAÚDE SENSOR GLICOSE.gdoc,SIM,DESCONHECIDO,H:\Meu Drive\01_ROTEIROS/DESCONHECIDOS
G:\Meu Drive\2026 (1)\03 - MAR - 26\10 03 - TER\B7- TJRN PARNAMIRIM ESTÁGIO DIREITO .gdoc,SIM,DESCONHECIDO,H:\Meu Drive\01_ROTEIROS/DESCONHECIDOS
G:\Meu Drive\2026 (1)\03 - MAR - 26\10 03 - TER\B1- TJRN DEFEITO MAQUINA VENDAS PREJUÍZO.gdoc,SIM,DESCONHECIDO,H:\Meu Drive\01_ROTEIROS/DESCONHECIDOS
G:\Meu Drive\2026 (1)\03 - MAR - 26\10 03 - TER\B2- TJRN FURTO ESTACIONAMENTO .gdoc,SIM,DESCONHECIDO,H:\Meu Drive\01_ROTEIROS/DESCONHECIDOS
G:\Meu Drive\2026 (1)\03 - MAR - 26\10 03 - TER\B5- TJRN COMARCA SÃO MIGUEL .gdoc,SIM,DESCONHECIDO,H:\Meu Drive\01_ROTEIROS/DESCONHECIDOS
G:\Meu Drive\2026 (1)\03 - MAR - 26\10 03 - TER\B10- TJRN TERMO GUIA ÚNICA ARRECADAÇÃO .gdoc,SIM,DESCONHECIDO,H:\Meu Drive\01_ROTEIROS/DESCONHECIDOS
G:\Meu Drive\2026 (1)\03 - MAR - 26\10 03 - TER\B4- TJRN NEGA BLOQUEIO VERBAS .gdoc,SIM,DESCONHECIDO,H:\Meu Drive\01_ROTEIROS/DESCONHECIDOS
G:\Meu Drive\2026 (1)\03 - MAR - 26\10 03 - TER\B6- TJRN PARTICIPAÇÃO ATLETA CAMPEONATO.gdoc,SIM,DESCONHECIDO,H:\Meu Drive\01_ROTEIROS/DESCONHECIDOS
G:\Meu Drive\2026 (1)\03 - MAR - 26\10 03 - TER\B9- TJRN PRESTADOR SERVIÇOS ACUSADO .gdoc,SIM,DESCONHECIDO,H:\Meu Drive\01_ROTEIROS/DESCONHECIDOS
G:\Meu Drive\2026 (1)\03 - MAR - 26\10 03 - TER\B8- TJRN EMPRESA SETOR INFORMÁTICA .gdoc,SIM,DESCONHECIDO,H:\Meu Drive\01_ROTEIROS/DESCONHECIDOS
G:\Meu Drive\2026 (1)\03 - MAR - 26\10 03 - TER\desktop.ini,NÃO,-,G:\Meu Drive\Arquivos_Pessoais_Para_Verificacao\Outros
G:\Meu Drive\2026 (1)\03 - MAR - 26\30 03 - SEG\B4- RESIDÊNCIA TERAPÊUTICA EGRESSOS.gdoc,SIM,DESCONHECIDO,H:\Meu Drive\01_ROTEIROS/DESCONHECIDOS
G:\Meu Drive\2026 (1)\03 - MAR - 26\30 03 - SEG\B10- PENSÃO GUARDA MUNICIPAL.gdoc,SIM,DESCONHECIDO,H:\Meu Drive\01_ROTEIROS/DESCONHECIDOS
G:\Meu Drive\2026 (1)\03 - MAR - 26\30 03 - SEG\B7- DESCONTOS PREVIDENCIÁRIOS.gdoc,SIM,DESCONHECIDO,H:\Meu Drive\01_ROTEIROS/DESCONHECIDOS
G:\Meu Drive\2026 (1)\03 - MAR - 26\30 03 - SEG\B8- BLOQUEIO INDEVIDO BANCO.gdoc,SIM,DESCONHECIDO,H:\Meu Drive\01_ROTEIROS/DESCONHECIDOS
G:\Meu Drive\2026 (1)\03 - MAR - 26\30 03 - SEG\B6- AUTOMÓVEL DEFEITO FABRICAÇÃO.gdoc,SIM,DESCONHECIDO,H:\Meu Drive\01_ROTEIROS/DESCONHECIDOS
G:\Meu Drive\2026 (1)\03 - MAR - 26\30 03 - SEG\B1- DANOS MORAIS NOME NEGATIVADO.gdoc,SIM,DESCONHECIDO,H:\Meu Drive\01_ROTEIROS/DESCONHECIDOS
G:\Meu Drive\2026 (1)\03 - MAR - 26\30 03 - SEG\B5- EVENTO INOVAÇÃO SETIC.gdoc,SIM,DESCONHECIDO,H:\Meu Drive\01_ROTEIROS/DESCONHECIDOS
G:\Meu Drive\2026 (1)\03 - MAR - 26\30 03 - SEG\B2- GMF EM AÇÃO PAU DOS FERROS.gdoc,SIM,DESCONHECIDO,H:\Meu Drive\01_ROTEIROS/DESCONHECIDOS
G:\Meu Drive\2026 (1)\03 - MAR - 26\30 03 - SEG\B3- ÍNDICES ESTRATÉGICOS 2025.gdoc,SIM,DESCONHECIDO,H:\Meu Drive\01_ROTEIROS/DESCONHECIDOS
G:\Meu Drive\2026 (1)\03 - MAR - 26\30 03 - SEG\B9- GMF AÇÃO MOSSORÓ.gdoc,SIM,DESCONHECIDO,H:\Meu Drive\01_ROTEIROS/DESCONHECIDOS
G:\Meu Drive\2026 (1)\03 - MAR - 26\30 03 - SEG\desktop.ini,NÃO,-,G:\Meu Drive\Arquivos_Pessoais_Para_Verificacao\Outros
G:\Meu Drive\2026 (1)\03 - MAR - 26\20 03\BOLETIM_RADIO_TJRN_20_03_2026_B3_TJRN_REALIZAR_CIRURGIA_OMBRO_.mp3,SIM,BOLETIM,H:\Meu Drive\02_PRODUCAO/BOLETINS
G:\Meu Drive\2026 (1)\03 - MAR - 26\20 03\BOLETIM_RADIO_TJRN_20_03_2026_B8_OABRN_TIPIFICA_CRIME_FALSO_ADVOGADO_.mp3,SIM,BOLETIM,H:\Meu Drive\02_PRODUCAO/BOLETINS
G:\Meu Drive\2026 (1)\03 - MAR - 26\20 03\BOLETIM_RADIO_TJRN_20_03_2026_B7_TJRN_ENCONTRO_MULHERES_JUSTICA.mp3,SIM,BOLETIM,H:\Meu Drive\02_PRODUCAO/BOLETINS
G:\Meu Drive\2026 (1)\03 - MAR - 26\20 03\BOLETIM_RADIO_TJRN_20_03_2026_B2_TJRN_SERVIDOR_PUBLICO_REENQUADRAMENTO_.mp3,SIM,BOLETIM,H:\Meu Drive\02_PRODUCAO/BOLETINS
G:\Meu Drive\2026 (1)\03 - MAR - 26\20 03\BOLETIM_RADIO_TJRN_20_03_2026_B5_TJRN_EMPRESA_VAREJO_ONLINE_DANO_MORAL_.mp3,SIM,BOLETIM,H:\Meu Drive\02_PRODUCAO/BOLETINS
G:\Meu Drive\2026 (1)\03 - MAR - 26\20 03\BOLETIM_RADIO_TJRN_20_03_2026_B4_TJRN_PLANO_SAUDE_CONDENADO_.mp3,SIM,BOLETIM,H:\Meu Drive\02_PRODUCAO/BOLETINS
G:\Meu Drive\2026 (1)\03 - MAR - 26\20 03\BOLETIM_RADIO_TJRN_20_03_2026_B6_TJRN_NEGA_MANDADO_SEGURANCA_EMPRESA.mp3,SIM,BOLETIM,H:\Meu Drive\02_PRODUCAO/BOLETINS
G:\Meu Drive\2026 (1)\03 - MAR - 26\20 03\BOLETIM_RADIO_TJRN_20_03_2026_B10_CNJ_DENUNCIAS_GOLPES_FALSO_ADVOGADO_.mp3,SIM,BOLETIM,H:\Meu Drive\02_PRODUCAO/BOLETINS
G:\Meu Drive\2026 (1)\03 - MAR - 26\20 03\BOLETIM_RADIO_TJRN_20_03_2026_B9_MPRN_CONDENACAO_EMPRESA_MEDICAMENTOS_.mp3,SIM,BOLETIM,H:\Meu Drive\02_PRODUCAO/BOLETINS
G:\Meu Drive\2026 (1)\03 - MAR - 26\20 03\BOLETIM_RADIO_TJRN_20_03_2026_B1_TJRN_DECISAO_PLANO_SAUDE_.mp3,SIM,BOLETIM,H:\Meu Drive\02_PRODUCAO/BOLETINS
G:\Meu Drive\2026 (1)\03 - MAR - 26\20 03\desktop.ini,NÃO,-,G:\Meu Drive\Arquivos_Pessoais_Para_Verificacao\Outros
G:\Meu Drive\2026 (1)\03 - MAR - 26\24 03\BOLETIM_RADIO_TJRN_24_03_2026_B8_TJRN_PARELHAS_PROJETOS_PRESTACOES_PECUNIARIAS_.mp3,SIM,BOLETIM,H:\Meu Drive\02_PRODUCAO/BOLETINS
G:\Meu Drive\2026 (1)\03 - MAR - 26\24 03\BOLETIM_RADIO_TJRN_24_03_2026_B4_TJRN_COLISAO_CAMINHAO_ENTULHOS_.mp3,SIM,BOLETIM,H:\Meu Drive\02_PRODUCAO/BOLETINS
G:\Meu Drive\2026 (1)\03 - MAR - 26\24 03\BOLETIM_RADIO_TJRN_24_03_2026_B6_TJRN_EMPRESA_CONDENADA_NEGATIVACAO_INDEVIDA.mp3,SIM,BOLETIM,H:\Meu Drive\02_PRODUCAO/BOLETINS
G:\Meu Drive\2026 (1)\03 - MAR - 26\24 03\BOLETIM_RADIO_TJRN_24_03_2026_B10_MPRN_ORIENTA_PREFEITOS_GASTOS_JUNINOS_.mp3,SIM,BOLETIM,H:\Meu Drive\02_PRODUCAO/BOLETINS
G:\Meu Drive\2026 (1)\03 - MAR - 26\24 03\BOLETIM_RADIO_TJRN_24_03_2026_B3_TJRN_ATRASO_REEMBOLSO.mp3,SIM,BOLETIM,H:\Meu Drive\02_PRODUCAO/BOLETINS
G:\Meu Drive\2026 (1)\03 - MAR - 26\24 03\BOLETIM_RADIO_TJRN_24_03_2026_B1_TJRN_PLANO_SAUDE_NEGA_TRATAMENTO.mp3,SIM,BOLETIM,H:\Meu Drive\02_PRODUCAO/BOLETINS
G:\Meu Drive\2026 (1)\03 - MAR - 26\24 03\BOLETIM_RADIO_TJRN_24_03_2026_B5_TJRN_CUMPRIMENTO_IMEDIATO_E_MULTA.mp3,SIM,BOLETIM,H:\Meu Drive\02_PRODUCAO/BOLETINS
G:\Meu Drive\2026 (1)\03 - MAR - 26\24 03\TEXTOS 24 03.gdoc,SIM,DESCONHECIDO,H:\Meu Drive\01_ROTEIROS/DESCONHECIDOS
G:\Meu Drive\2026 (1)\03 - MAR - 26\24 03\BOLETIM_RADIO_TJRN_24_03_2026_B2_TJRN_SERRA_MEL_CONVOCACAO_CANDIDATO_.mp3,SIM,BOLETIM,H:\Meu Drive\02_PRODUCAO/BOLETINS
G:\Meu Drive\2026 (1)\03 - MAR - 26\24 03\BOLETIM_RADIO_TJRN_24_03_2026_B9_DPERN_BLOQUEIO_VERBAS_.mp3,SIM,BOLETIM,H:\Meu Drive\02_PRODUCAO/BOLETINS
G:\Meu Drive\2026 (1)\03 - MAR - 26\24 03\BOLETIM_RADIO_TJRN_24_03_2026_B7_TJRN_COMPANHIA_AEREA_CONDENADA_OVERBOOKING_.mp3,SIM,BOLETIM,H:\Meu Drive\02_PRODUCAO/BOLETINS
G:\Meu Drive\2026 (1)\03 - MAR - 26\24 03\desktop.ini,NÃO,-,G:\Meu Drive\Arquivos_Pessoais_Para_Verificacao\Outros
G:\Meu Drive\2026 (1)\03 - MAR - 26\09 03\BOLETIM_RADIO_TJRN_09_03_2026_B1_DESCREDENCIAMENTO_PLANO_SAUDE.mp3,SIM,BOLETIM,H:\Meu Drive\02_PRODUCAO/BOLETINS
G:\Meu Drive\2026 (1)\03 - MAR - 26\09 03\BOLETIM_RADIO_TJRN_09_03_2026_B7_TJRN_MUTIRAO_CONCILIACAO_.mp3,SIM,BOLETIM,H:\Meu Drive\02_PRODUCAO/BOLETINS
G:\Meu Drive\2026 (1)\03 - MAR - 26\09 03\BOLETIM_RADIO_TJRN_09_03_2026_B6_TJRN_ENCONTRO_JUIZES_VIRTUAL_.mp3,SIM,BOLETIM,H:\Meu Drive\02_PRODUCAO/BOLETINS
G:\Meu Drive\2026 (1)\03 - MAR - 26\09 03\BOLETIM_RADIO_TJRN_09_03_2026_B10_TRTRN_ACORDO_CEJUSC_MOSSORO_.mp3,SIM,BOLETIM,H:\Meu Drive\02_PRODUCAO/BOLETINS
G:\Meu Drive\2026 (1)\03 - MAR - 26\09 03\BOLETIM_RADIO_TJRN_09_03_2026_B4_ANULACAO_ATO_POSSE_CONCURSO.mp3,SIM,BOLETIM,H:\Meu Drive\02_PRODUCAO/BOLETINS
G:\Meu Drive\2026 (1)\03 - MAR - 26\09 03\BOLETIM_RADIO_TJRN_09_03_2026_B2_INDENIZACAO_FAMILIA_MORTE_IDOSA.mp3,SIM,BOLETIM,H:\Meu Drive\02_PRODUCAO/BOLETINS
G:\Meu Drive\2026 (1)\03 - MAR - 26\09 03\BOLETIM_RADIO_TJRN_09_03_2026_B9_TJRN_EMPRESAS_CONDENADAS_RESTITUIR_VALORES.mp3,SIM,BOLETIM,H:\Meu Drive\02_PRODUCAO/BOLETINS
G:\Meu Drive\2026 (1)\03 - MAR - 26\09 03\BOLETIM_RADIO_TJRN_09_03_2026_B8_FURTO_ESTACIONAMENTO_INDENIZACAO.mp3,SIM,BOLETIM,H:\Meu Drive\02_PRODUCAO/BOLETINS
G:\Meu Drive\2026 (1)\03 - MAR - 26\09 03\BOLETIM_RADIO_TJRN_09_03_2026_B5_TJRN_SUSPENDE_ATO_PARELHAS.mp3,SIM,BOLETIM,H:\Meu Drive\02_PRODUCAO/BOLETINS
G:\Meu Drive\2026 (1)\03 - MAR - 26\09 03\BOLETIM_RADIO_TJRN_09_03_2026_B3_CIRURGIA_GLAUCOMA_AVANCADO.mp3,SIM,BOLETIM,H:\Meu Drive\02_PRODUCAO/BOLETINS
G:\Meu Drive\2026 (1)\03 - MAR - 26\09 03\desktop.ini,NÃO,-,G:\Meu Drive\Arquivos_Pessoais_Para_Verificacao\Outros
G:\Meu Drive\2026 (1)\03 - MAR - 26\09 03 - SEG\B6- TJRN ENCONTRO JUÍZES VIRTUAL .gdoc,SIM,DESCONHECIDO,H:\Meu Drive\01_ROTEIROS/DESCONHECIDOS
G:\Meu Drive\2026 (1)\03 - MAR - 26\09 03 - SEG\B9- TJRN EMPRESAS CONDENADAS RESTITUIR VALORES.gdoc,SIM,DESCONHECIDO,H:\Meu Drive\01_ROTEIROS/DESCONHECIDOS
G:\Meu Drive\2026 (1)\03 - MAR - 26\09 03 - SEG\B7- TJRN MUTIRÃO CONCILIAÇÃO .gdoc,SIM,DESCONHECIDO,H:\Meu Drive\01_ROTEIROS/DESCONHECIDOS
G:\Meu Drive\2026 (1)\03 - MAR - 26\09 03 - SEG\B10- TRT RN ACORDO CEJUSC MOSSORÓ .gdoc,SIM,DESCONHECIDO,H:\Meu Drive\01_ROTEIROS/DESCONHECIDOS
G:\Meu Drive\2026 (1)\03 - MAR - 26\09 03 - SEG\B5- TJRN SUSPENDE ATO PARELHAS.gdoc,SIM,DESCONHECIDO,H:\Meu Drive\01_ROTEIROS/DESCONHECIDOS
G:\Meu Drive\2026 (1)\03 - MAR - 26\09 03 - SEG\B8- FURTO ESTACIONAMENTO INDENIZAÇÃO.gdoc,SIM,DESCONHECIDO,H:\Meu Drive\01_ROTEIROS/DESCONHECIDOS
G:\Meu Drive\2026 (1)\03 - MAR - 26\09 03 - SEG\B4- ANULAÇÃO ATO POSSE CONCURSO.gdoc,SIM,DESCONHECIDO,H:\Meu Drive\01_ROTEIROS/DESCONHECIDOS
G:\Meu Drive\2026 (1)\03 - MAR - 26\09 03 - SEG\B3- CIRURGIA GLAUCOMA AVANÇADO.gdoc,SIM,DESCONHECIDO,H:\Meu Drive\01_ROTEIROS/DESCONHECIDOS
G:\Meu Drive\2026 (1)\03 - MAR - 26\09 03 - SEG\B2- INDENIZAÇÃO FAMÍLIA MORTE IDOSA.gdoc,SIM,DESCONHECIDO,H:\Meu Drive\01_ROTEIROS/DESCONHECIDOS
G:\Meu Drive\2026 (1)\03 - MAR - 26\09 03 - SEG\B1- DESCREDENCIAMENTO PLANO SAÚDE.gdoc,SIM,DESCONHECIDO,H:\Meu Drive\01_ROTEIROS/DESCONHECIDOS
G:\Meu Drive\2026 (1)\03 - MAR - 26\09 03 - SEG\desktop.ini,NÃO,-,G:\Meu Drive\Arquivos_Pessoais_Para_Verificacao\Outros
G:\Meu Drive\2026 (1)\03 - MAR - 26\13 03\BOLETIM_RADIO_TJRN_13_03_2026_B7_CNJ_REDES_ATENDIMENTOS_DENUNCIA_.mp3,SIM,BOLETIM,H:\Meu Drive\02_PRODUCAO/BOLETINS
G:\Meu Drive\2026 (1)\03 - MAR - 26\13 03\BOLETIM_RADIO_TJRN_13_03_2026_B4_TJRN_HOMEM_CONDENADO_VIOLENCIA_PSICOLOGICA_.mp3,SIM,BOLETIM,H:\Meu Drive\02_PRODUCAO/BOLETINS
G:\Meu Drive\2026 (1)\03 - MAR - 26\13 03\BOLETIM_RADIO_TJRN_13_03_2026_B2_TJRN_DETERMINA_SUSPENSAO_COBRANCA_.mp3,SIM,BOLETIM,H:\Meu Drive\02_PRODUCAO/BOLETINS
G:\Meu Drive\2026 (1)\03 - MAR - 26\13 03\BOLETIM_RADIO_TJRN_13_03_2026_B8_PALESTRA_SAUDE_FEMININA.mp3,SIM,BOLETIM,H:\Meu Drive\02_PRODUCAO/BOLETINS
G:\Meu Drive\2026 (1)\03 - MAR - 26\13 03\BOLETIM_RADIO_TJRN_13_03_2026_B1_TJRN_NOTIFICACAO_DEVEDOR_LEGITIMA.mp3,SIM,BOLETIM,H:\Meu Drive\02_PRODUCAO/BOLETINS
G:\Meu Drive\2026 (1)\03 - MAR - 26\13 03\BOLETIM_RADIO_TJRN_13_03_2026_B9_INDENIZACAO_DEMORA_CONSERTO_VEICULO.mp3,SIM,BOLETIM,H:\Meu Drive\02_PRODUCAO/BOLETINS
G:\Meu Drive\2026 (1)\03 - MAR - 26\13 03\BOLETIM_RADIO_TJRN_13_03_2026_B5_TJRN_CLAUSULAS_CLARAS_CONSORCIO_.mp3,SIM,BOLETIM,H:\Meu Drive\02_PRODUCAO/BOLETINS
G:\Meu Drive\2026 (1)\03 - MAR - 26\13 03\BOLETIM_RADIO_TJRN_13_03_2026_B3_TJRN_MANTEM_CONDENACAO_DANO_AMBIENTAL_.mp3,SIM,BOLETIM,H:\Meu Drive\02_PRODUCAO/BOLETINS
G:\Meu Drive\2026 (1)\03 - MAR - 26\13 03\BOLETIM_RADIO_TJRN_13_03_2026_B6_TJRN_VARA_MACAIBA_PENAS_PECUNIARIAS_.mp3,SIM,BOLETIM,H:\Meu Drive\02_PRODUCAO/BOLETINS
G:\Meu Drive\2026 (1)\03 - MAR - 26\13 03\BOLETIM_RADIO_TJRN_13_03_2026_B10_POSSE_TERRENO_USUCAPIAO.mp3,SIM,BOLETIM,H:\Meu Drive\02_PRODUCAO/BOLETINS
G:\Meu Drive\2026 (1)\03 - MAR - 26\13 03\desktop.ini,NÃO,-,G:\Meu Drive\Arquivos_Pessoais_Para_Verificacao\Outros
G:\Meu Drive\2026 (1)\03 - MAR - 26\02 03\BOLETIM_RADIO_TJRN_02_03_2026_B6_CONDENACAO_EXTRAVIO_BAGAGEM.mp3,SIM,BOLETIM,H:\Meu Drive\02_PRODUCAO/BOLETINS
G:\Meu Drive\2026 (1)\03 - MAR - 26\02 03\BOLETIM_RADIO_TJRN_02_03_2026_B1_TRERN_ADQUIRE_NOVAS_CADEIRAS_.mp3,SIM,BOLETIM,H:\Meu Drive\02_PRODUCAO/BOLETINS
G:\Meu Drive\2026 (1)\03 - MAR - 26\02 03\TEXTOS 02 05.gdoc,SIM,DESCONHECIDO,H:\Meu Drive\01_ROTEIROS/DESCONHECIDOS
G:\Meu Drive\2026 (1)\03 - MAR - 26\02 03\BOLETIM_RADIO_TJRN_02_03_2026_B3_SUSPENSAO_DESCONTO_PENSAO.mp3,SIM,BOLETIM,H:\Meu Drive\02_PRODUCAO/BOLETINS
G:\Meu Drive\2026 (1)\03 - MAR - 26\02 03\BOLETIM_RADIO_TJRN_02_03_2026_B5_LICENCA_REMUNERADA_JOAO_CAMARA.mp3,SIM,BOLETIM,H:\Meu Drive\02_PRODUCAO/BOLETINS
G:\Meu Drive\2026 (1)\03 - MAR - 26\02 03\BOLETIM_RADIO_TJRN_02_03_2026_B10_TJRN_PRIMEIRO_TECNOLOGIA_FOCO_2026.mp3,SIM,BOLETIM,H:\Meu Drive\02_PRODUCAO/BOLETINS
G:\Meu Drive\2026 (1)\03 - MAR - 26\02 03\BOLETIM_RADIO_TJRN_02_03_2026_B7_RESPONSAVEL_INTERINO_CANGUARETAMA.mp3,SIM,BOLETIM,H:\Meu Drive\02_PRODUCAO/BOLETINS
G:\Meu Drive\2026 (1)\03 - MAR - 26\02 03\BOLETIM_RADIO_TJRN_02_03_2026_B4_CONDENACAO_SALARIO_SEM_EXERCER_FUNCAO.mp3,SIM,BOLETIM,H:\Meu Drive\02_PRODUCAO/BOLETINS
G:\Meu Drive\2026 (1)\03 - MAR - 26\02 03\BOLETIM_RADIO_TJRN_02_03_2026_B9_TJRN_JUSTICA_ELEVA_PERCENTUAL_ALIMENTOS_.mp3,SIM,BOLETIM,H:\Meu Drive\02_PRODUCAO/BOLETINS
G:\Meu Drive\2026 (1)\03 - MAR - 26\02 03\BOLETIM_RADIO_TJRN_02_03_2026_B8_TJRN_2_VARA_PARNAMIRIM_ESTAGIO.mp3,SIM,BOLETIM,H:\Meu Drive\02_PRODUCAO/BOLETINS
G:\Meu Drive\2026 (1)\03 - MAR - 26\02 03\BOLETIM_RADIO_TJRN_02_03_2026_B2_ACESSIBILIDADE_CAPS_PARNAMIRIM.mp3,SIM,BOLETIM,H:\Meu Drive\02_PRODUCAO/BOLETINS
G:\Meu Drive\2026 (1)\03 - MAR - 26\02 03\desktop.ini,NÃO,-,G:\Meu Drive\Arquivos_Pessoais_Para_Verificacao\Outros
G:\Meu Drive\2026 (1)\03 - MAR - 26\18 03- QUA\B2- TJRN FALHA EM MARKETPLACE.gdoc,SIM,DESCONHECIDO,H:\Meu Drive\01_ROTEIROS/DESCONHECIDOS
G:\Meu Drive\2026 (1)\03 - MAR - 26\18 03- QUA\B4- TJRN CONDENA HOMEM EXTORSÃO .gdoc,SIM,DESCONHECIDO,H:\Meu Drive\01_ROTEIROS/DESCONHECIDOS
G:\Meu Drive\2026 (1)\03 - MAR - 26\18 03- QUA\B1- TJRN FABRICANTE MULTINACIONAL CONDENADA .gdoc,SIM,DESCONHECIDO,H:\Meu Drive\01_ROTEIROS/DESCONHECIDOS
G:\Meu Drive\2026 (1)\03 - MAR - 26\18 03- QUA\B5- TJRN GMF RELATÓRIO SISTEMA.gdoc,SIM,DESCONHECIDO,H:\Meu Drive\01_ROTEIROS/DESCONHECIDOS
G:\Meu Drive\2026 (1)\03 - MAR - 26\18 03- QUA\B7- TRT RN CONVÊNIO PREFEITURAS .gdoc,SIM,DESCONHECIDO,H:\Meu Drive\01_ROTEIROS/DESCONHECIDOS
G:\Meu Drive\2026 (1)\03 - MAR - 26\18 03- QUA\B3- TJRN DETERMINA REATIVAÇÃO CONTAS FACEBOOK.gdoc,SIM,DESCONHECIDO,H:\Meu Drive\01_ROTEIROS/DESCONHECIDOS
G:\Meu Drive\2026 (1)\03 - MAR - 26\18 03- QUA\B6- TJRN MUTIRÃO JUIZADO ESPECIAL .gdoc,SIM,DESCONHECIDO,H:\Meu Drive\01_ROTEIROS/DESCONHECIDOS
G:\Meu Drive\2026 (1)\03 - MAR - 26\18 03- QUA\B10- FALHA CONSTRUÇÃO TERRENO.gdoc,SIM,DESCONHECIDO,H:\Meu Drive\01_ROTEIROS/DESCONHECIDOS
G:\Meu Drive\2026 (1)\03 - MAR - 26\18 03- QUA\B8- TJRN OBSERVATÓRIO PRISIONAL.gdoc,SIM,DESCONHECIDO,H:\Meu Drive\01_ROTEIROS/DESCONHECIDOS
G:\Meu Drive\2026 (1)\03 - MAR - 26\18 03- QUA\B9- CONDENAÇÃO PREJUÍZOS COLISÃO.gdoc,SIM,DESCONHECIDO,H:\Meu Drive\01_ROTEIROS/DESCONHECIDOS
G:\Meu Drive\2026 (1)\03 - MAR - 26\18 03- QUA\desktop.ini,NÃO,-,G:\Meu Drive\Arquivos_Pessoais_Para_Verificacao\Outros
G:\Meu Drive\2026 (1)\03 - MAR - 26\20 03 - SEX\B10- CNJ DENUNCIAS GOLPES FALSO ADVOGADO .gdoc,SIM,DESCONHECIDO,H:\Meu Drive\01_ROTEIROS/DESCONHECIDOS
G:\Meu Drive\2026 (1)\03 - MAR - 26\20 03 - SEX\B6- TJRN NEGA MANDADO SEGURANÇA EMPRESA.gdoc,SIM,DESCONHECIDO,H:\Meu Drive\01_ROTEIROS/DESCONHECIDOS
G:\Meu Drive\2026 (1)\03 - MAR - 26\20 03 - SEX\B3- TJRN REALIZAR CIRURGIA OMBRO .gdoc,SIM,DESCONHECIDO,H:\Meu Drive\01_ROTEIROS/DESCONHECIDOS
G:\Meu Drive\2026 (1)\03 - MAR - 26\20 03 - SEX\B1- TJRN DECISÃO PLANO SAÚDE .gdoc,SIM,DESCONHECIDO,H:\Meu Drive\01_ROTEIROS/DESCONHECIDOS
G:\Meu Drive\2026 (1)\03 - MAR - 26\20 03 - SEX\B5- TJRN EMPRESA VAREJO ONLINE DANO MORAL .gdoc,SIM,DESCONHECIDO,H:\Meu Drive\01_ROTEIROS/DESCONHECIDOS
G:\Meu Drive\2026 (1)\03 - MAR - 26\20 03 - SEX\B9- MPRN CONDENAÇÃO EMPRESA MEDICAMENTOS .gdoc,SIM,DESCONHECIDO,H:\Meu Drive\01_ROTEIROS/DESCONHECIDOS
G:\Meu Drive\2026 (1)\03 - MAR - 26\20 03 - SEX\B2- TJRN SERVIDOR PÚBLICO REENQUADRAMENTO .gdoc,SIM,DESCONHECIDO,H:\Meu Drive\01_ROTEIROS/DESCONHECIDOS
G:\Meu Drive\2026 (1)\03 - MAR - 26\20 03 - SEX\B4- TJRN PLANO SAÚDE CONDENADO .gdoc,SIM,DESCONHECIDO,H:\Meu Drive\01_ROTEIROS/DESCONHECIDOS
G:\Meu Drive\2026 (1)\03 - MAR - 26\20 03 - SEX\B7- TJRN ENCONTRO MULHERES JUSTIÇA.gdoc,SIM,DESCONHECIDO,H:\Meu Drive\01_ROTEIROS/DESCONHECIDOS
G:\Meu Drive\2026 (1)\03 - MAR - 26\20 03 - SEX\B8- OAB RN TIPIFICA CRIME FALSO ADVOGADO .gdoc,SIM,DESCONHECIDO,H:\Meu Drive\01_ROTEIROS/DESCONHECIDOS
G:\Meu Drive\2026 (1)\03 - MAR - 26\20 03 - SEX\desktop.ini,NÃO,-,G:\Meu Drive\Arquivos_Pessoais_Para_Verificacao\Outros
G:\Meu Drive\2026 (1)\03 - MAR - 26\10 03\BOLETIM_RADIO_TJRN_10_03_2026_B4_TJRN_NEGA_BLOQUEIO_VERBAS_.mp3,SIM,BOLETIM,H:\Meu Drive\02_PRODUCAO/BOLETINS
G:\Meu Drive\2026 (1)\03 - MAR - 26\10 03\BOLETIM_RADIO_TJRN_10_03_2026_B3_TJRN_PLANO_SAUDE_SENSOR_GLICOSE.mp3,SIM,BOLETIM,H:\Meu Drive\02_PRODUCAO/BOLETINS
G:\Meu Drive\2026 (1)\03 - MAR - 26\10 03\BOLETIM_RADIO_TJRN_10_03_2026_B10_TJRN_TERMO_GUIA_UNICA_ARRECADACAO_.mp3,SIM,BOLETIM,H:\Meu Drive\02_PRODUCAO/BOLETINS
G:\Meu Drive\2026 (1)\03 - MAR - 26\10 03\BOLETIM_RADIO_TJRN_10_03_2026_B6_TJRN_PARTICIPACAO_ATLETA_CAMPEONATO.mp3,SIM,BOLETIM,H:\Meu Drive\02_PRODUCAO/BOLETINS
G:\Meu Drive\2026 (1)\03 - MAR - 26\10 03\BOLETIM_RADIO_TJRN_10_03_2026_B5_TJRN_COMARCA_SAO_MIGUEL_.mp3,SIM,BOLETIM,H:\Meu Drive\02_PRODUCAO/BOLETINS
G:\Meu Drive\2026 (1)\03 - MAR - 26\10 03\BOLETIM_RADIO_TJRN_10_03_2026_B8_TJRN_EMPRESA_SETOR_INFORMATICA_.mp3,SIM,BOLETIM,H:\Meu Drive\02_PRODUCAO/BOLETINS
G:\Meu Drive\2026 (1)\03 - MAR - 26\10 03\BOLETIM_RADIO_TJRN_10_03_2026_B1_TJRN_DEFEITO_MAQUINA_VENDAS_PREJUIZO.mp3,SIM,BOLETIM,H:\Meu Drive\02_PRODUCAO/BOLETINS
G:\Meu Drive\2026 (1)\03 - MAR - 26\10 03\BOLETIM_RADIO_TJRN_10_03_2026_B2_TJRN_FURTO_ESTACIONAMENTO_.mp3,SIM,BOLETIM,H:\Meu Drive\02_PRODUCAO/BOLETINS
G:\Meu Drive\2026 (1)\03 - MAR - 26\10 03\BOLETIM_RADIO_TJRN_10_03_2026_B9_TJRN_PRESTADOR_SERVICOS_ACUSADO_.mp3,SIM,BOLETIM,H:\Meu Drive\02_PRODUCAO/BOLETINS
G:\Meu Drive\2026 (1)\03 - MAR - 26\10 03\BOLETIM_RADIO_TJRN_10_03_2026_B7_TJRN_PARNAMIRIM_ESTAGIO_DIREITO_.mp3,SIM,BOLETIM,H:\Meu Drive\02_PRODUCAO/BOLETINS
G:\Meu Drive\2026 (1)\03 - MAR - 26\10 03\desktop.ini,NÃO,-,G:\Meu Drive\Arquivos_Pessoais_Para_Verificacao\Outros
G:\Meu Drive\2026 (1)\03 - MAR - 26\25 03 - QUA\B10- MPRN COMBATE REDE TRÁFICO .gdoc,SIM,DESCONHECIDO,H:\Meu Drive\01_ROTEIROS/DESCONHECIDOS
G:\Meu Drive\2026 (1)\03 - MAR - 26\25 03 - QUA\B3-TJRN CLIENTE INDENIZADO COMPRA CANCELADA .gdoc,SIM,DESCONHECIDO,H:\Meu Drive\01_ROTEIROS/DESCONHECIDOS
G:\Meu Drive\2026 (1)\03 - MAR - 26\25 03 - QUA\B7- TJRN OPERADORA CELULAR ENVIO EXCESSIVO .gdoc,SIM,DESCONHECIDO,H:\Meu Drive\01_ROTEIROS/DESCONHECIDOS
G:\Meu Drive\2026 (1)\03 - MAR - 26\25 03 - QUA\B9- OAB RB CAMPANHA VACINAÇÃO .gdoc,SIM,DESCONHECIDO,H:\Meu Drive\01_ROTEIROS/DESCONHECIDOS
G:\Meu Drive\2026 (1)\03 - MAR - 26\25 03 - QUA\B4- TJRN AFASTA RESPONSABILIDADE BANCO GOLPE .gdoc,SIM,DESCONHECIDO,H:\Meu Drive\01_ROTEIROS/DESCONHECIDOS
G:\Meu Drive\2026 (1)\03 - MAR - 26\25 03 - QUA\B1- TJRN CURSO SEGURANÇA INSTITUCIONAL .gdoc,SIM,DESCONHECIDO,H:\Meu Drive\01_ROTEIROS/DESCONHECIDOS
G:\Meu Drive\2026 (1)\03 - MAR - 26\25 03 - QUA\B6- TJRN EMPRESA TELEFONIA CONDENADA  .gdoc,SIM,DESCONHECIDO,H:\Meu Drive\01_ROTEIROS/DESCONHECIDOS
G:\Meu Drive\2026 (1)\03 - MAR - 26\25 03 - QUA\B5- TJRN RECONHECE FALHA PLATAFORMA JOGOS .gdoc,SIM,DESCONHECIDO,H:\Meu Drive\01_ROTEIROS/DESCONHECIDOS
G:\Meu Drive\2026 (1)\03 - MAR - 26\25 03 - QUA\B2- TJRN SUSPENDE LICITAÇÃO PREGÃO .gdoc,SIM,DESCONHECIDO,H:\Meu Drive\01_ROTEIROS/DESCONHECIDOS
G:\Meu Drive\2026 (1)\03 - MAR - 26\25 03 - QUA\B8- TJRN ASSEGURA CIRURGIA ALTA COMPLEXIDADE.gdoc,SIM,DESCONHECIDO,H:\Meu Drive\01_ROTEIROS/DESCONHECIDOS
G:\Meu Drive\2026 (1)\03 - MAR - 26\25 03 - QUA\desktop.ini,NÃO,-,G:\Meu Drive\Arquivos_Pessoais_Para_Verificacao\Outros
G:\Meu Drive\2026 (1)\03 - MAR - 26\16 03 - SEG\B1- TJRN CLIENTE INDENIZADA CLÍNICA .gdoc,SIM,DESCONHECIDO,H:\Meu Drive\01_ROTEIROS/DESCONHECIDOS
G:\Meu Drive\2026 (1)\03 - MAR - 26\16 03 - SEG\B6- TJRN FEIRA ARTESANATO GASTRONOMIA .gdoc,SIM,DESCONHECIDO,H:\Meu Drive\01_ROTEIROS/DESCONHECIDOS
G:\Meu Drive\2026 (1)\03 - MAR - 26\16 03 - SEG\B10- TJRN POTILAB INOVAÇÃO .gdoc,SIM,DESCONHECIDO,H:\Meu Drive\01_ROTEIROS/DESCONHECIDOS
G:\Meu Drive\2026 (1)\03 - MAR - 26\16 03 - SEG\B8- TJRN CAMPANHA CRIANÇA NÃO NAMORA .gdoc,SIM,DESCONHECIDO,H:\Meu Drive\01_ROTEIROS/DESCONHECIDOS
G:\Meu Drive\2026 (1)\03 - MAR - 26\16 03 - SEG\B2- TJRN ABERTA INSCRIÇÕES ENAM.gdoc,SIM,DESCONHECIDO,H:\Meu Drive\01_ROTEIROS/DESCONHECIDOS
G:\Meu Drive\2026 (1)\03 - MAR - 26\16 03 - SEG\B3- TJRN EMPRESA TELEFONIA CONDENADA.gdoc,SIM,DESCONHECIDO,H:\Meu Drive\01_ROTEIROS/DESCONHECIDOS
G:\Meu Drive\2026 (1)\03 - MAR - 26\16 03 - SEG\B4- TJRN ENTREGA TV DEMORA.gdoc,SIM,DESCONHECIDO,H:\Meu Drive\01_ROTEIROS/DESCONHECIDOS
G:\Meu Drive\2026 (1)\03 - MAR - 26\16 03 - SEG\B7- TJRN PROCON AÇÃO CONJUNTA.gdoc,SIM,DESCONHECIDO,H:\Meu Drive\01_ROTEIROS/DESCONHECIDOS
G:\Meu Drive\2026 (1)\03 - MAR - 26\16 03 - SEG\B5- TJRN BOAS PRÁTICAS .gdoc,SIM,DESCONHECIDO,H:\Meu Drive\01_ROTEIROS/DESCONHECIDOS
G:\Meu Drive\2026 (1)\03 - MAR - 26\16 03 - SEG\B9- TJRN MACAÍBA PROJETOS IMPACTO SOCIAL .gdoc,SIM,DESCONHECIDO,H:\Meu Drive\01_ROTEIROS/DESCONHECIDOS
G:\Meu Drive\2026 (1)\03 - MAR - 26\16 03 - SEG\desktop.ini,NÃO,-,G:\Meu Drive\Arquivos_Pessoais_Para_Verificacao\Outros
G:\Meu Drive\2026 (1)\03 - MAR - 26\19 03 - QUI\B6- HOMENAGEM DESEMBARGADOR AMAURY.gdoc,SIM,DESCONHECIDO,H:\Meu Drive\01_ROTEIROS/DESCONHECIDOS
G:\Meu Drive\2026 (1)\03 - MAR - 26\19 03 - QUI\B4- SUBSTITUIÇÃO PORTA-VEÍCULOS.gdoc,SIM,DESCONHECIDO,H:\Meu Drive\01_ROTEIROS/DESCONHECIDOS
G:\Meu Drive\2026 (1)\03 - MAR - 26\19 03 - QUI\B7- APOIO FAMÍLIAS AFETADAS LAGOA CAPTAÇÃO.gdoc,SIM,DESCONHECIDO,H:\Meu Drive\01_ROTEIROS/DESCONHECIDOS
G:\Meu Drive\2026 (1)\03 - MAR - 26\19 03 - QUI\B8- VISITA MAGISTRADOS PARAÍBA.gdoc,SIM,DESCONHECIDO,H:\Meu Drive\01_ROTEIROS/DESCONHECIDOS
G:\Meu Drive\2026 (1)\03 - MAR - 26\19 03 - QUI\B9- ENCONTRO OUVIDORES JUDICIAIS.gdoc,SIM,DESCONHECIDO,H:\Meu Drive\01_ROTEIROS/DESCONHECIDOS
G:\Meu Drive\2026 (1)\03 - MAR - 26\19 03 - QUI\B2- SUSPENSÃO ICMS ENERGIA SOLAR.gdoc,SIM,DESCONHECIDO,H:\Meu Drive\01_ROTEIROS/DESCONHECIDOS
G:\Meu Drive\2026 (1)\03 - MAR - 26\19 03 - QUI\B10- DECISÃO PENA JUSTA.gdoc,SIM,DESCONHECIDO,H:\Meu Drive\01_ROTEIROS/DESCONHECIDOS
G:\Meu Drive\2026 (1)\03 - MAR - 26\19 03 - QUI\B1- AMPLIAÇÃO PROTECÇÃO VIOLÊNCIA DOMÉSTICA.gdoc,SIM,DESCONHECIDO,H:\Meu Drive\01_ROTEIROS/DESCONHECIDOS
G:\Meu Drive\2026 (1)\03 - MAR - 26\19 03 - QUI\B5- ESTÁGIO JUIZADOS ESPECIAIS.gdoc,SIM,DESCONHECIDO,H:\Meu Drive\01_ROTEIROS/DESCONHECIDOS
G:\Meu Drive\2026 (1)\03 - MAR - 26\19 03 - QUI\B3- CONDENAÇÃO FACULDADE ENCERRAMENTO ATIVIDADES.gdoc,SIM,DESCONHECIDO,H:\Meu Drive\01_ROTEIROS/DESCONHECIDOS
G:\Meu Drive\2026 (1)\03 - MAR - 26\19 03 - QUI\desktop.ini,NÃO,-,G:\Meu Drive\Arquivos_Pessoais_Para_Verificacao\Outros
G:\Meu Drive\2026 (1)\03 - MAR - 26\16 03\BOLETIM_RADIO_TJRN_16_03_2026_B7_TJRN_PROCON_ACAO_CONJUNTA.mp3,SIM,BOLETIM,H:\Meu Drive\02_PRODUCAO/BOLETINS
G:\Meu Drive\2026 (1)\03 - MAR - 26\16 03\BOLETIM_RADIO_TJRN_16_03_2026_B3_TJRN_EMPRESA_TELEFONIA_CONDENADA.mp3,SIM,BOLETIM,H:\Meu Drive\02_PRODUCAO/BOLETINS
G:\Meu Drive\2026 (1)\03 - MAR - 26\16 03\BOLETIM_RADIO_TJRN_16_03_2026_B8_TJRN_CAMPANHA_CRIANCA_NAO_NAMORA_.mp3,SIM,BOLETIM,H:\Meu Drive\02_PRODUCAO/BOLETINS
G:\Meu Drive\2026 (1)\03 - MAR - 26\16 03\BOLETIM_RADIO_TJRN_16_03_2026_B4_TJRN_ENTREGA_TV_DEMORA.mp3,SIM,BOLETIM,H:\Meu Drive\02_PRODUCAO/BOLETINS
G:\Meu Drive\2026 (1)\03 - MAR - 26\16 03\BOLETIM_RADIO_TJRN_16_03_2026_B9_TJRN_MACAIBA_PROJETOS_IMPACTO_SOCIAL_.mp3,SIM,BOLETIM,H:\Meu Drive\02_PRODUCAO/BOLETINS
G:\Meu Drive\2026 (1)\03 - MAR - 26\16 03\BOLETIM_RADIO_TJRN_16_03_2026_B1_TJRN_CLIENTE_INDENIZADA_CLINICA_.mp3,SIM,BOLETIM,H:\Meu Drive\02_PRODUCAO/BOLETINS
G:\Meu Drive\2026 (1)\03 - MAR - 26\16 03\BOLETIM_RADIO_TJRN_16_03_2026_B5_TJRN_BOAS_PRATICAS_.mp3,SIM,BOLETIM,H:\Meu Drive\02_PRODUCAO/BOLETINS
G:\Meu Drive\2026 (1)\03 - MAR - 26\16 03\BOLETIM_RADIO_TJRN_16_03_2026_B10_TJRN_POTILAB_INOVACAO_.mp3,SIM,BOLETIM,H:\Meu Drive\02_PRODUCAO/BOLETINS
G:\Meu Drive\2026 (1)\03 - MAR - 26\16 03\BOLETIM_RADIO_TJRN_16_03_2026_B2_TJRN_ABERTA_INSCRICOES_ENAM.mp3,SIM,BOLETIM,H:\Meu Drive\02_PRODUCAO/BOLETINS
G:\Meu Drive\2026 (1)\03 - MAR - 26\16 03\BOLETIM_RADIO_TJRN_16_03_2026_B6_TJRN_FEIRA_ARTESANATO_GASTRONOMIA_.mp3,SIM,BOLETIM,H:\Meu Drive\02_PRODUCAO/BOLETINS
G:\Meu Drive\2026 (1)\03 - MAR - 26\16 03\desktop.ini,NÃO,-,G:\Meu Drive\Arquivos_Pessoais_Para_Verificacao\Outros
G:\Meu Drive\2026 (1)\03 - MAR - 26\24 03 - TER\B1- TJRN PLANO SAÚDE NEGA TRATAMENTO.gdoc,SIM,DESCONHECIDO,H:\Meu Drive\01_ROTEIROS/DESCONHECIDOS
G:\Meu Drive\2026 (1)\03 - MAR - 26\24 03 - TER\B6- TJRN EMPRESA CONDENADA NEGATIVAÇÃO INDEVIDA.gdoc,SIM,DESCONHECIDO,H:\Meu Drive\01_ROTEIROS/DESCONHECIDOS
G:\Meu Drive\2026 (1)\03 - MAR - 26\24 03 - TER\B5- TJRN CUMPRIMENTO IMEDIATO  E MULTA.gdoc,SIM,DESCONHECIDO,H:\Meu Drive\01_ROTEIROS/DESCONHECIDOS
G:\Meu Drive\2026 (1)\03 - MAR - 26\24 03 - TER\B3- TJRN ATRASO REEMBOLSO.gdoc,SIM,DESCONHECIDO,H:\Meu Drive\01_ROTEIROS/DESCONHECIDOS
G:\Meu Drive\2026 (1)\03 - MAR - 26\24 03 - TER\B7- TJRN COMPANHIA AÉREA CONDENADA OVERBOOKING .gdoc,SIM,DESCONHECIDO,H:\Meu Drive\01_ROTEIROS/DESCONHECIDOS
G:\Meu Drive\2026 (1)\03 - MAR - 26\24 03 - TER\B4- TJRN COLISÃO CAMINHÃO ENTULHOS .gdoc,SIM,DESCONHECIDO,H:\Meu Drive\01_ROTEIROS/DESCONHECIDOS
G:\Meu Drive\2026 (1)\03 - MAR - 26\24 03 - TER\B8- TJRN PARELHAS PROJETOS PRESTAÇÕES PECUNIÁRIAS .gdoc,SIM,DESCONHECIDO,H:\Meu Drive\01_ROTEIROS/DESCONHECIDOS
G:\Meu Drive\2026 (1)\03 - MAR - 26\24 03 - TER\B2- TJRN SERRA MEL CONVOCAÇÃO CANDIDATO .gdoc,SIM,DESCONHECIDO,H:\Meu Drive\01_ROTEIROS/DESCONHECIDOS
G:\Meu Drive\2026 (1)\03 - MAR - 26\24 03 - TER\B9- DPERN BLOQUEIO VERBAS .gdoc,SIM,DESCONHECIDO,H:\Meu Drive\01_ROTEIROS/DESCONHECIDOS
G:\Meu Drive\2026 (1)\03 - MAR - 26\24 03 - TER\B10- MPRN ORIENTA PREFEITOS GASTOS JUNINOS .gdoc,SIM,DESCONHECIDO,H:\Meu Drive\01_ROTEIROS/DESCONHECIDOS
G:\Meu Drive\2026 (1)\03 - MAR - 26\24 03 - TER\desktop.ini,NÃO,-,G:\Meu Drive\Arquivos_Pessoais_Para_Verificacao\Outros
G:\Meu Drive\2026 (1)\03 - MAR - 26\26 03\BOLETIM_RADIO_TJRN_26_03_2026_B3_TJRN_GARANTE_ABANDONO_PERMANENCIA_RETROATIVO_.mp3,SIM,BOLETIM,H:\Meu Drive\02_PRODUCAO/BOLETINS
G:\Meu Drive\2026 (1)\03 - MAR - 26\26 03\BOLETIM_RADIO_TJRN_26_03_2026_B9_TJRN_PARNAMIRIM_DEVE_APRESENTAR_PLANO_CAPS_.mp3,SIM,BOLETIM,H:\Meu Drive\02_PRODUCAO/BOLETINS
G:\Meu Drive\2026 (1)\03 - MAR - 26\26 03\BOLETIM_RADIO_TJRN_26_03_2026_B1_TJRN_CANGUARETAMA_SELECAO_INTERINO.mp3,SIM,BOLETIM,H:\Meu Drive\02_PRODUCAO/BOLETINS
G:\Meu Drive\2026 (1)\03 - MAR - 26\26 03\BOLETIM_RADIO_TJRN_26_03_2026_B2_TJRN_INAUGURA_PLATAFORMA_ACESSIBILIDADE.mp3,SIM,BOLETIM,H:\Meu Drive\02_PRODUCAO/BOLETINS
G:\Meu Drive\2026 (1)\03 - MAR - 26\26 03\BOLETIM_RADIO_TJRN_26_03_2026_B7_TJRN_REMICAO_PENA_POR_ESTUDO_.mp3,SIM,BOLETIM,H:\Meu Drive\02_PRODUCAO/BOLETINS
G:\Meu Drive\2026 (1)\03 - MAR - 26\26 03\BOLETIM_RADIO_TJRN_26_03_2026_B10_TRTRN_VARA_NEGA_DANOS_MORAIS_.mp3,SIM,BOLETIM,H:\Meu Drive\02_PRODUCAO/BOLETINS
G:\Meu Drive\2026 (1)\03 - MAR - 26\26 03\BOLETIM_RADIO_TJRN_26_03_2026_B8_TJRN_SENTENCA_DETERMINA_REPARACAO_DEFEITOS_.mp3,SIM,BOLETIM,H:\Meu Drive\02_PRODUCAO/BOLETINS
G:\Meu Drive\2026 (1)\03 - MAR - 26\26 03\BOLETIM_RADIO_TJRN_26_03_2026_B6_TJRN_NEGA_ACAO_IMPROBIDADE_CONTRATACAO_.mp3,SIM,BOLETIM,H:\Meu Drive\02_PRODUCAO/BOLETINS
G:\Meu Drive\2026 (1)\03 - MAR - 26\26 03\BOLETIM_RADIO_TJRN_26_03_2026_B5_TJRN_EMPRESA_HOME_CARE_CONDENADA_.mp3,SIM,BOLETIM,H:\Meu Drive\02_PRODUCAO/BOLETINS
G:\Meu Drive\2026 (1)\03 - MAR - 26\26 03\BOLETIM_RADIO_TJRN_26_03_2026_B4_TJRN_EMPRESA_ENERGIA_SOLAR_CONDENADA_.mp3,SIM,BOLETIM,H:\Meu Drive\02_PRODUCAO/BOLETINS
G:\Meu Drive\2026 (1)\03 - MAR - 26\26 03\desktop.ini,NÃO,-,G:\Meu Drive\Arquivos_Pessoais_Para_Verificacao\Outros
G:\Meu Drive\2026 (1)\03 - MAR - 26\05 03 - QUI\B8- DPERN JARDIM PRIMAVERA .gdoc,SIM,DESCONHECIDO,H:\Meu Drive\01_ROTEIROS/DESCONHECIDOS
G:\Meu Drive\2026 (1)\03 - MAR - 26\05 03 - QUI\B9- TRT RN ASSISTENTE VIRTUAL.gdoc,SIM,DESCONHECIDO,H:\Meu Drive\01_ROTEIROS/DESCONHECIDOS
G:\Meu Drive\2026 (1)\03 - MAR - 26\05 03 - QUI\B1- TJRN ATO IMPROBIDADE LICITATÓRIO .gdoc,SIM,DESCONHECIDO,H:\Meu Drive\01_ROTEIROS/DESCONHECIDOS
G:\Meu Drive\2026 (1)\03 - MAR - 26\05 03 - QUI\B5- TJRN HOMEM CONDENADO ESTELIONATO.gdoc,SIM,DESCONHECIDO,H:\Meu Drive\01_ROTEIROS/DESCONHECIDOS
G:\Meu Drive\2026 (1)\03 - MAR - 26\05 03 - QUI\B7- TJRN NOMEIA 13 APROVADOS .gdoc,SIM,DESCONHECIDO,H:\Meu Drive\01_ROTEIROS/DESCONHECIDOS
G:\Meu Drive\2026 (1)\03 - MAR - 26\05 03 - QUI\B3- TJRN ANPP NEGADO NOVA DECISÃO.gdoc,SIM,DESCONHECIDO,H:\Meu Drive\01_ROTEIROS/DESCONHECIDOS
G:\Meu Drive\2026 (1)\03 - MAR - 26\05 03 - QUI\B2- TJRN CONDENA COMERCIANTES REVENDA .gdoc,SIM,DESCONHECIDO,H:\Meu Drive\01_ROTEIROS/DESCONHECIDOS
G:\Meu Drive\2026 (1)\03 - MAR - 26\05 03 - QUI\B4- TJRN MANTÉM LICITAÇÃO CABEAMENTO .gdoc,SIM,DESCONHECIDO,H:\Meu Drive\01_ROTEIROS/DESCONHECIDOS
G:\Meu Drive\2026 (1)\03 - MAR - 26\05 03 - QUI\B6- TJRN RESPOSABILIDADE REDE SOCIAL .gdoc,SIM,DESCONHECIDO,H:\Meu Drive\01_ROTEIROS/DESCONHECIDOS
G:\Meu Drive\2026 (1)\03 - MAR - 26\05 03 - QUI\B10- ESMARN EDITAL PROVA PRÁTICA.gdoc,SIM,DESCONHECIDO,H:\Meu Drive\01_ROTEIROS/DESCONHECIDOS
G:\Meu Drive\2026 (1)\03 - MAR - 26\05 03 - QUI\desktop.ini,NÃO,-,G:\Meu Drive\Arquivos_Pessoais_Para_Verificacao\Outros
G:\Meu Drive\2026 (1)\03 - MAR - 26\26 03 - QUI\B6- TJRN NEGA AÇÃO IMPROBIDADE CONTRATAÇÃO .gdoc,SIM,DESCONHECIDO,H:\Meu Drive\01_ROTEIROS/DESCONHECIDOS
G:\Meu Drive\2026 (1)\03 - MAR - 26\26 03 - QUI\B7- TJRN REMIÇÃO PENA POR ESTUDO .gdoc,SIM,DESCONHECIDO,H:\Meu Drive\01_ROTEIROS/DESCONHECIDOS
G:\Meu Drive\2026 (1)\03 - MAR - 26\26 03 - QUI\B9- TJRN PARNAMIRIM DEVE APRESENTAR PLANO CAPS .gdoc,SIM,DESCONHECIDO,H:\Meu Drive\01_ROTEIROS/DESCONHECIDOS
G:\Meu Drive\2026 (1)\03 - MAR - 26\26 03 - QUI\B5- TJRN EMPRESA HOME CARE CONDENADA .gdoc,SIM,DESCONHECIDO,H:\Meu Drive\01_ROTEIROS/DESCONHECIDOS
G:\Meu Drive\2026 (1)\03 - MAR - 26\26 03 - QUI\B1- TJRN CANGUARETAMA SELEÇÃO INTERINO.gdoc,SIM,DESCONHECIDO,H:\Meu Drive\01_ROTEIROS/DESCONHECIDOS
G:\Meu Drive\2026 (1)\03 - MAR - 26\26 03 - QUI\B2- TJRN INAUGURA PLATAFORMA ACESSIBILIDADE.gdoc,SIM,DESCONHECIDO,H:\Meu Drive\01_ROTEIROS/DESCONHECIDOS
G:\Meu Drive\2026 (1)\03 - MAR - 26\26 03 - QUI\B3- TJRN GARANTE ABANDONO PERMANÊNCIA RETROATIVO .gdoc,SIM,DESCONHECIDO,H:\Meu Drive\01_ROTEIROS/DESCONHECIDOS
G:\Meu Drive\2026 (1)\03 - MAR - 26\26 03 - QUI\B8- TJRN SENTENÇA DETERMINA REPARAÇÃO DEFEITOS .gdoc,SIM,DESCONHECIDO,H:\Meu Drive\01_ROTEIROS/DESCONHECIDOS
G:\Meu Drive\2026 (1)\03 - MAR - 26\26 03 - QUI\B4- TJRN EMPRESA ENERGIA SOLAR CONDENADA .gdoc,SIM,DESCONHECIDO,H:\Meu Drive\01_ROTEIROS/DESCONHECIDOS
G:\Meu Drive\2026 (1)\03 - MAR - 26\26 03 - QUI\B10- TRT RN VARA NEGA DANOS MORAIS .gdoc,SIM,DESCONHECIDO,H:\Meu Drive\01_ROTEIROS/DESCONHECIDOS
G:\Meu Drive\2026 (1)\03 - MAR - 26\26 03 - QUI\desktop.ini,NÃO,-,G:\Meu Drive\Arquivos_Pessoais_Para_Verificacao\Outros
G:\Meu Drive\2026 (1)\03 - MAR - 26\02 03 - SEG\B1- TRE RN ADQUIRE NOVAS CADEIRAS .gdoc,SIM,DESCONHECIDO,H:\Meu Drive\01_ROTEIROS/DESCONHECIDOS
G:\Meu Drive\2026 (1)\03 - MAR - 26\02 03 - SEG\B10- TJRN PRIMEIRO TECNOLOGIA FOCO 2026.gdoc,SIM,DESCONHECIDO,H:\Meu Drive\01_ROTEIROS/DESCONHECIDOS
G:\Meu Drive\2026 (1)\03 - MAR - 26\02 03 - SEG\B9- TJRN JUSTIÇA ELEVA PERCENTUAL ALIMENTOS .gdoc,SIM,DESCONHECIDO,H:\Meu Drive\01_ROTEIROS/DESCONHECIDOS
G:\Meu Drive\2026 (1)\03 - MAR - 26\02 03 - SEG\B2- ACESSIBILIDADE CAPS PARNAMIRIM.gdoc,SIM,DESCONHECIDO,H:\Meu Drive\01_ROTEIROS/DESCONHECIDOS
G:\Meu Drive\2026 (1)\03 - MAR - 26\02 03 - SEG\B4- CONDENAÇÃO SALÁRIO SEM  EXERCER FUNÇÃO.gdoc,SIM,DESCONHECIDO,H:\Meu Drive\01_ROTEIROS/DESCONHECIDOS
G:\Meu Drive\2026 (1)\03 - MAR - 26\02 03 - SEG\B6- CONDENAÇÃO EXTRAVIO BAGAGEM.gdoc,SIM,DESCONHECIDO,H:\Meu Drive\01_ROTEIROS/DESCONHECIDOS
G:\Meu Drive\2026 (1)\03 - MAR - 26\02 03 - SEG\B3- SUSPENSÃO DESCONTO PENSÃO.gdoc,SIM,DESCONHECIDO,H:\Meu Drive\01_ROTEIROS/DESCONHECIDOS
G:\Meu Drive\2026 (1)\03 - MAR - 26\02 03 - SEG\B7- RESPONSÁVEL INTERINO CANGUARETAMA.gdoc,SIM,DESCONHECIDO,H:\Meu Drive\01_ROTEIROS/DESCONHECIDOS
G:\Meu Drive\2026 (1)\03 - MAR - 26\02 03 - SEG\B5- LICENÇA REMUNERADA JOÃO CÂMARA.gdoc,SIM,DESCONHECIDO,H:\Meu Drive\01_ROTEIROS/DESCONHECIDOS
G:\Meu Drive\2026 (1)\03 - MAR - 26\02 03 - SEG\B8- TJRN 2 VARA PARNAMIRIM ESTÁGIO.gdoc,SIM,DESCONHECIDO,H:\Meu Drive\01_ROTEIROS/DESCONHECIDOS
G:\Meu Drive\2026 (1)\03 - MAR - 26\02 03 - SEG\desktop.ini,NÃO,-,G:\Meu Drive\Arquivos_Pessoais_Para_Verificacao\Outros
G:\Meu Drive\2026 (1)\03 - MAR - 26\11 03 - QUA\B4- TJRN JUIZADO VIOLÊNCIA DOMÉSTICA.gdoc,SIM,DESCONHECIDO,H:\Meu Drive\01_ROTEIROS/DESCONHECIDOS
G:\Meu Drive\2026 (1)\03 - MAR - 26\11 03 - QUA\B6- TRE RN 82 ATENDIMENTOS .gdoc,SIM,DESCONHECIDO,H:\Meu Drive\01_ROTEIROS/DESCONHECIDOS
G:\Meu Drive\2026 (1)\03 - MAR - 26\11 03 - QUA\B5- TJRN LIVRO IMPACTOS FEMINICÍDIOS .gdoc,SIM,DESCONHECIDO,H:\Meu Drive\01_ROTEIROS/DESCONHECIDOS
G:\Meu Drive\2026 (1)\03 - MAR - 26\11 03 - QUA\B2- TJRN EMPRESA ÔNIBUS CONDENADA .gdoc,SIM,DESCONHECIDO,H:\Meu Drive\01_ROTEIROS/DESCONHECIDOS
G:\Meu Drive\2026 (1)\03 - MAR - 26\11 03 - QUA\B3- TJRN ACUSADO MATAR PREFEITO .gdoc,SIM,DESCONHECIDO,H:\Meu Drive\01_ROTEIROS/DESCONHECIDOS
G:\Meu Drive\2026 (1)\03 - MAR - 26\11 03 - QUA\B1- TJRN NEGLIGÊNCIA MÉDICA .gdoc,SIM,DESCONHECIDO,H:\Meu Drive\01_ROTEIROS/DESCONHECIDOS
G:\Meu Drive\2026 (1)\03 - MAR - 26\11 03 - QUA\B7- CNJ TRIBUNAIS FERRAMENTA IA .gdoc,SIM,DESCONHECIDO,H:\Meu Drive\01_ROTEIROS/DESCONHECIDOS
G:\Meu Drive\2026 (1)\03 - MAR - 26\11 03 - QUA\B10- CRONOGRAMA OBRAS.gdoc,SIM,DESCONHECIDO,H:\Meu Drive\01_ROTEIROS/DESCONHECIDOS
G:\Meu Drive\2026 (1)\03 - MAR - 26\11 03 - QUA\B9- AFASTAMENTO CURSO FORMAÇÃO.gdoc,SIM,DESCONHECIDO,H:\Meu Drive\01_ROTEIROS/DESCONHECIDOS
G:\Meu Drive\2026 (1)\03 - MAR - 26\11 03 - QUA\B8- ESTÁGIO PÓS ALEXANDRIA.gdoc,SIM,DESCONHECIDO,H:\Meu Drive\01_ROTEIROS/DESCONHECIDOS
G:\Meu Drive\2026 (1)\03 - MAR - 26\11 03 - QUA\desktop.ini,NÃO,-,G:\Meu Drive\Arquivos_Pessoais_Para_Verificacao\Outros
G:\Meu Drive\2026 (1)\03 - MAR - 26\30 03\BOLETIM_RADIO_TJRN_30_03_2026_B2_GMF_EM_ACAO_PAU_DOS_FERROS.mp3,SIM,BOLETIM,H:\Meu Drive\02_PRODUCAO/BOLETINS
G:\Meu Drive\2026 (1)\03 - MAR - 26\30 03\BOLETIM_RADIO_TJRN_30_03_2026_B1_DANOS_MORAIS_NOME_NEGATIVADO.mp3,SIM,BOLETIM,H:\Meu Drive\02_PRODUCAO/BOLETINS
G:\Meu Drive\2026 (1)\03 - MAR - 26\30 03\BOLETIM_RADIO_TJRN_30_03_2026_B3_INDICES_ESTRATEGICOS_2025.mp3,SIM,BOLETIM,H:\Meu Drive\02_PRODUCAO/BOLETINS
G:\Meu Drive\2026 (1)\03 - MAR - 26\30 03\BOLETIM_RADIO_TJRN_30_03_2026_B5_EVENTO_INOVACAO_SETIC.mp3,SIM,BOLETIM,H:\Meu Drive\02_PRODUCAO/BOLETINS
G:\Meu Drive\2026 (1)\03 - MAR - 26\30 03\BOLETIM_RADIO_TJRN_30_03_2026_B4_RESIDENCIA_TERAPEUTICA_EGRESSOS.mp3,SIM,BOLETIM,H:\Meu Drive\02_PRODUCAO/BOLETINS
G:\Meu Drive\2026 (1)\03 - MAR - 26\30 03\BOLETIM_RADIO_TJRN_30_03_2026_B8_BLOQUEIO_INDEVIDO_BANCO.mp3,SIM,BOLETIM,H:\Meu Drive\02_PRODUCAO/BOLETINS
G:\Meu Drive\2026 (1)\03 - MAR - 26\30 03\BOLETIM_RADIO_TJRN_30_03_2026_B7_DESCONTOS_PREVIDENCIARIOS.mp3,SIM,BOLETIM,H:\Meu Drive\02_PRODUCAO/BOLETINS
G:\Meu Drive\2026 (1)\03 - MAR - 26\30 03\BOLETIM_RADIO_TJRN_30_03_2026_B6_AUTOMOVEL_DEFEITO_FABRICACAO.mp3,SIM,BOLETIM,H:\Meu Drive\02_PRODUCAO/BOLETINS
G:\Meu Drive\2026 (1)\03 - MAR - 26\30 03\BOLETIM_RADIO_TJRN_30_03_2026_B9_GMF_ACAO_MOSSORO.mp3,SIM,BOLETIM,H:\Meu Drive\02_PRODUCAO/BOLETINS
G:\Meu Drive\2026 (1)\03 - MAR - 26\30 03\BOLETIM_RADIO_TJRN_30_03_2026_B10_PENSAO_GUARDA_MUNICIPAL.mp3,SIM,BOLETIM,H:\Meu Drive\02_PRODUCAO/BOLETINS
G:\Meu Drive\2026 (1)\03 - MAR - 26\30 03\desktop.ini,NÃO,-,G:\Meu Drive\Arquivos_Pessoais_Para_Verificacao\Outros
G:\Meu Drive\2026 (1)\03 - MAR - 26\13 03 - SEX\B2- TJRN DETERMINA SUSPENSÃO COBRANÇA .gdoc,SIM,DESCONHECIDO,H:\Meu Drive\01_ROTEIROS/DESCONHECIDOS
G:\Meu Drive\2026 (1)\03 - MAR - 26\13 03 - SEX\B4- TJRN HOMEM CONDENADO VIOLÊNCIA PSICOLÓGICA .gdoc,SIM,DESCONHECIDO,H:\Meu Drive\01_ROTEIROS/DESCONHECIDOS
G:\Meu Drive\2026 (1)\03 - MAR - 26\13 03 - SEX\B5- TJRN CLÁUSULAS CLARAS CONSÓRCIO .gdoc,SIM,DESCONHECIDO,H:\Meu Drive\01_ROTEIROS/DESCONHECIDOS
G:\Meu Drive\2026 (1)\03 - MAR - 26\13 03 - SEX\B3- TJRN MANTÉM CONDENAÇÃO DANO AMBIENTAL .gdoc,SIM,DESCONHECIDO,H:\Meu Drive\01_ROTEIROS/DESCONHECIDOS
G:\Meu Drive\2026 (1)\03 - MAR - 26\13 03 - SEX\B6- TJRN VARA MACAÍBA PENAS PECUNIÁRIAS .gdoc,SIM,DESCONHECIDO,H:\Meu Drive\01_ROTEIROS/DESCONHECIDOS
G:\Meu Drive\2026 (1)\03 - MAR - 26\13 03 - SEX\B7- CNJ REDES ATENDIMENTOS DENÚNCIA .gdoc,SIM,DESCONHECIDO,H:\Meu Drive\01_ROTEIROS/DESCONHECIDOS
G:\Meu Drive\2026 (1)\03 - MAR - 26\13 03 - SEX\B1- TJRN NOTIFICAÇÃO DEVEDOR LEGITIMA.gdoc,SIM,DESCONHECIDO,H:\Meu Drive\01_ROTEIROS/DESCONHECIDOS
G:\Meu Drive\2026 (1)\03 - MAR - 26\13 03 - SEX\B9- INDENIZAÇÃO DEMORA CONSERTO VEÍCULO.gdoc,SIM,DESCONHECIDO,H:\Meu Drive\01_ROTEIROS/DESCONHECIDOS
G:\Meu Drive\2026 (1)\03 - MAR - 26\13 03 - SEX\B10- POSSE TERRENO USUCAPIÃO.gdoc,SIM,DESCONHECIDO,H:\Meu Drive\01_ROTEIROS/DESCONHECIDOS
G:\Meu Drive\2026 (1)\03 - MAR - 26\13 03 - SEX\B8- PALESTRA SAÚDE FEMININA.gdoc,SIM,DESCONHECIDO,H:\Meu Drive\01_ROTEIROS/DESCONHECIDOS
G:\Meu Drive\2026 (1)\03 - MAR - 26\13 03 - SEX\desktop.ini,NÃO,-,G:\Meu Drive\Arquivos_Pessoais_Para_Verificacao\Outros
G:\Meu Drive\2026 (1)\02 - FEV - 26\desktop.ini,NÃO,-,G:\Meu Drive\Arquivos_Pessoais_Para_Verificacao\Outros
G:\Meu Drive\2026 (1)\02 - FEV - 26\27 02 - SEX\B10- ESMARN NOVO SITE.gdoc,SIM,DESCONHECIDO,H:\Meu Drive\01_ROTEIROS/DESCONHECIDOS
G:\Meu Drive\2026 (1)\02 - FEV - 26\27 02 - SEX\B7 - ABERTURA ESTÁGIO CURRAIS NOVOS.gdoc,SIM,DESCONHECIDO,H:\Meu Drive\01_ROTEIROS/DESCONHECIDOS
G:\Meu Drive\2026 (1)\02 - FEV - 26\27 02 - SEX\B2 - IMPROBIDADE CONTRATO IGREJA.gdoc,SIM,DESCONHECIDO,H:\Meu Drive\01_ROTEIROS/DESCONHECIDOS
G:\Meu Drive\2026 (1)\02 - FEV - 26\27 02 - SEX\B6 - ABERTURA ESTÁGIO 20 NATAL.gdoc,SIM,DESCONHECIDO,H:\Meu Drive\01_ROTEIROS/DESCONHECIDOS
G:\Meu Drive\2026 (1)\02 - FEV - 26\27 02 - SEX\B8- MPRN OPERAÇÃO CENTRO TERAPÊUTICO .gdoc,SIM,DESCONHECIDO,H:\Meu Drive\01_ROTEIROS/DESCONHECIDOS
G:\Meu Drive\2026 (1)\02 - FEV - 26\27 02 - SEX\B5 - PERFIL DE VENDAS DEVE SER REATIVADO.gdoc,SIM,DESCONHECIDO,H:\Meu Drive\01_ROTEIROS/DESCONHECIDOS
G:\Meu Drive\2026 (1)\02 - FEV - 26\27 02 - SEX\B4 - JUSTIÇA REABRE PREGÃO ELETRÔNICO NATAL.gdoc,SIM,DESCONHECIDO,H:\Meu Drive\01_ROTEIROS/DESCONHECIDOS
G:\Meu Drive\2026 (1)\02 - FEV - 26\27 02 - SEX\B9- TRT RN TRIBUNAIS CONVÊNIO .gdoc,SIM,DESCONHECIDO,H:\Meu Drive\01_ROTEIROS/DESCONHECIDOS
G:\Meu Drive\2026 (1)\02 - FEV - 26\27 02 - SEX\B3 - JÚRI HOMICÍDIO TRÂNSITO.gdoc,SIM,DESCONHECIDO,H:\Meu Drive\01_ROTEIROS/DESCONHECIDOS
G:\Meu Drive\2026 (1)\02 - FEV - 26\27 02 - SEX\B1 - HOMICÍDIO DÍVIDA JÚRI.gdoc,SIM,DESCONHECIDO,H:\Meu Drive\01_ROTEIROS/DESCONHECIDOS
G:\Meu Drive\2026 (1)\02 - FEV - 26\27 02 - SEX\desktop.ini,NÃO,-,G:\Meu Drive\Arquivos_Pessoais_Para_Verificacao\Outros
G:\Meu Drive\2026 (1)\02 - FEV - 26\11 02\BOLETIM_RADIO_TJRN_11_02_2026_B8_MPRN_CRIACAO_PROTOCOLO_UNIDADES_SOCIOEDUCATIVAS.mp3,SIM,BOLETIM,H:\Meu Drive\02_PRODUCAO/BOLETINS
G:\Meu Drive\2026 (1)\02 - FEV - 26\11 02\BOLETIM_RADIO_TJRN_11_02_2026_B1_TJRN_REFORMA_SENTENCA_PLATAFORMA.mp3,SIM,BOLETIM,H:\Meu Drive\02_PRODUCAO/BOLETINS
G:\Meu Drive\2026 (1)\02 - FEV - 26\11 02\BOLETIM_RADIO_TJRN_11_02_2026_B4_TJRN_ALMINO_AFONSO_SELECAO_.mp3,SIM,BOLETIM,H:\Meu Drive\02_PRODUCAO/BOLETINS
G:\Meu Drive\2026 (1)\02 - FEV - 26\11 02\textos 11 02.gdoc,SIM,DESCONHECIDO,H:\Meu Drive\01_ROTEIROS/DESCONHECIDOS
G:\Meu Drive\2026 (1)\02 - FEV - 26\11 02\BOLETIM_RADIO_TJRN_11_02_2026_B2_TJRN_MANTIDA_PENA_ACUSADO.mp3,SIM,BOLETIM,H:\Meu Drive\02_PRODUCAO/BOLETINS
G:\Meu Drive\2026 (1)\02 - FEV - 26\11 02\BOLETIM_RADIO_TJRN_11_02_2026_B5_TJRN_SEGURADORA_CONDENADA_INDENIZACAO_.mp3,SIM,BOLETIM,H:\Meu Drive\02_PRODUCAO/BOLETINS
G:\Meu Drive\2026 (1)\02 - FEV - 26\11 02\BOLETIM_RADIO_TJRN_11_02_2026_B7_TJRN_DEFINIDAS_REGRAS_AREIA_BRANCA_.mp3,SIM,BOLETIM,H:\Meu Drive\02_PRODUCAO/BOLETINS
G:\Meu Drive\2026 (1)\02 - FEV - 26\11 02\BOLETIM_RADIO_TJRN_11_02_2026_B10_TRTRN_CONCLUI_EXPEDICAO_PRECATORIOS_.mp3,SIM,BOLETIM,H:\Meu Drive\02_PRODUCAO/BOLETINS
G:\Meu Drive\2026 (1)\02 - FEV - 26\11 02\BOLETIM_RADIO_TJRN_11_02_2026_B3_TJRN_PLANO_SAUDE_MEDICAMENTOS.mp3,SIM,BOLETIM,H:\Meu Drive\02_PRODUCAO/BOLETINS
G:\Meu Drive\2026 (1)\02 - FEV - 26\11 02\BOLETIM_RADIO_TJRN_11_02_2026_B6_TJRN_DETERMINA_EXCLUSAO_CONTAS_FALSAS.mp3,SIM,BOLETIM,H:\Meu Drive\02_PRODUCAO/BOLETINS
G:\Meu Drive\2026 (1)\02 - FEV - 26\11 02\BOLETIM_RADIO_TJRN_11_02_2026_B9_ALRN_GOVERNADORA_LEITURA_ANUAL_.mp3,SIM,BOLETIM,H:\Meu Drive\02_PRODUCAO/BOLETINS
G:\Meu Drive\2026 (1)\02 - FEV - 26\11 02\desktop.ini,NÃO,-,G:\Meu Drive\Arquivos_Pessoais_Para_Verificacao\Outros
G:\Meu Drive\2026 (1)\02 - FEV - 26\20 02\textos 20 02.gdoc,SIM,DESCONHECIDO,H:\Meu Drive\01_ROTEIROS/DESCONHECIDOS
G:\Meu Drive\2026 (1)\02 - FEV - 26\20 02\BOLETIM_RADIO_TJRN_20_02_2026_B1_TJRN_EMPRESAS_EVENTOS_CONDENADAS_.mp3,SIM,BOLETIM,H:\Meu Drive\02_PRODUCAO/BOLETINS
G:\Meu Drive\2026 (1)\02 - FEV - 26\20 02\BOLETIM_RADIO_TJRN_20_02_2026_B2_TJRN_HOMEM_AGREDIU_COLEGA_TIJOLO.mp3,SIM,BOLETIM,H:\Meu Drive\02_PRODUCAO/BOLETINS
G:\Meu Drive\2026 (1)\02 - FEV - 26\20 02\BOLETIM_RADIO_TJRN_20_02_2026_B8_DPERN_NUCLEO_MACAIBA_PROCESSO_SELETIVO_.mp3,SIM,BOLETIM,H:\Meu Drive\02_PRODUCAO/BOLETINS
G:\Meu Drive\2026 (1)\02 - FEV - 26\20 02\BOLETIM_RADIO_TJRN_20_02_2026_B5_TJRN_PREFEITO_CIDADE_CONDENADO_.mp3,SIM,BOLETIM,H:\Meu Drive\02_PRODUCAO/BOLETINS
G:\Meu Drive\2026 (1)\02 - FEV - 26\20 02\BOLETIM_RADIO_TJRN_20_02_2026_B4_TJRN_MANTIDO_JURI_ACUSADO_TRES_HOMICIDIOS_.mp3,SIM,BOLETIM,H:\Meu Drive\02_PRODUCAO/BOLETINS
G:\Meu Drive\2026 (1)\02 - FEV - 26\20 02\BOLETIM_RADIO_TJRN_20_02_2026_B6_TJRN_SANTA_MARIA_AREA_LIXAO_.mp3,SIM,BOLETIM,H:\Meu Drive\02_PRODUCAO/BOLETINS
G:\Meu Drive\2026 (1)\02 - FEV - 26\20 02\BOLETIM_RADIO_TJRN_20_02_2026_B10_MPRN_CAPACITACAO_PROMOCAO_GESTAO_MUNICIPAL_.mp3,SIM,BOLETIM,H:\Meu Drive\02_PRODUCAO/BOLETINS
G:\Meu Drive\2026 (1)\02 - FEV - 26\20 02\BOLETIM_RADIO_TJRN_20_02_2026_B7_DPERN_DECISAO_PROFISSIONAL_APOIO.mp3,SIM,BOLETIM,H:\Meu Drive\02_PRODUCAO/BOLETINS
G:\Meu Drive\2026 (1)\02 - FEV - 26\20 02\BOLETIM_RADIO_TJRN_20_02_2026_B3_TJRN_RECONHECE_DIREITO_ISENCAO_IPVA.mp3,SIM,BOLETIM,H:\Meu Drive\02_PRODUCAO/BOLETINS
G:\Meu Drive\2026 (1)\02 - FEV - 26\20 02\BOLETIM_RADIO_TJRN_20_02_2026_B9_TRTRN_REVERTIDA_DEMISSAO_JUSTA_CAUSA.mp3,SIM,BOLETIM,H:\Meu Drive\02_PRODUCAO/BOLETINS
G:\Meu Drive\2026 (1)\02 - FEV - 26\20 02\desktop.ini,NÃO,-,G:\Meu Drive\Arquivos_Pessoais_Para_Verificacao\Outros
G:\Meu Drive\2026 (1)\02 - FEV - 26\10 02\BOLETIM_RADIO_TJRN_10_02_2026_B2_TJRN_RISCO_DESABAMENTO_MURO_NATAL.mp3,SIM,BOLETIM,H:\Meu Drive\02_PRODUCAO/BOLETINS
G:\Meu Drive\2026 (1)\02 - FEV - 26\10 02\textos 10 02.gdoc,SIM,DESCONHECIDO,H:\Meu Drive\01_ROTEIROS/DESCONHECIDOS
G:\Meu Drive\2026 (1)\02 - FEV - 26\10 02\BOLETIM_RADIO_TJRN_10_02_2026_B7_TJRN_ALERTA_SOBRE_SMS_FALSO.mp3,SIM,BOLETIM,H:\Meu Drive\02_PRODUCAO/BOLETINS
G:\Meu Drive\2026 (1)\02 - FEV - 26\10 02\BOLETIM_RADIO_TJRN_10_02_2026_B1_TJRN_CONDENA_MUNICIPIO_ALUGUEIS_ATRASADOS_.mp3,SIM,BOLETIM,H:\Meu Drive\02_PRODUCAO/BOLETINS
G:\Meu Drive\2026 (1)\02 - FEV - 26\10 02\BOLETIM_RADIO_TJRN_10_02_2026_B6_TJRN_ORIENTA_PARTICIPACAO_CRIANCAS_.mp3,SIM,BOLETIM,H:\Meu Drive\02_PRODUCAO/BOLETINS
G:\Meu Drive\2026 (1)\02 - FEV - 26\10 02\BOLETIM_RADIO_TJRN_10_02_2026_B3_TJRN_CONSUMIDORA_INDENIZADA_INADIMPLENTES_.mp3,SIM,BOLETIM,H:\Meu Drive\02_PRODUCAO/BOLETINS
G:\Meu Drive\2026 (1)\02 - FEV - 26\10 02\BOLETIM_RADIO_TJRN_10_02_2026_B4_TJRN_REALIZA_MUTIRAO_.mp3,SIM,BOLETIM,H:\Meu Drive\02_PRODUCAO/BOLETINS
G:\Meu Drive\2026 (1)\02 - FEV - 26\10 02\BOLETIM_RADIO_TJRN_10_02_2026_B10_DPERN_DECISAO_FAVORAVEL_PRESO_CONDENACAO_.mp3,SIM,BOLETIM,H:\Meu Drive\02_PRODUCAO/BOLETINS
G:\Meu Drive\2026 (1)\02 - FEV - 26\10 02\BOLETIM_RADIO_TJRN_10_02_2026_B5_TJRN_COMARCA_PORTALEGRE_INSCRICOES_.mp3,SIM,BOLETIM,H:\Meu Drive\02_PRODUCAO/BOLETINS
G:\Meu Drive\2026 (1)\02 - FEV - 26\10 02\BOLETIM_RADIO_TJRN_10_02_2026_B8_OABRN_CENSO_DIFICULDADES_JOVENS_BRASIL.mp3,SIM,BOLETIM,H:\Meu Drive\02_PRODUCAO/BOLETINS
G:\Meu Drive\2026 (1)\02 - FEV - 26\10 02\BOLETIM_RADIO_TJRN_10_02_2026_B9_TRTRN_JUSTICA_RESTAURATIVA.mp3,SIM,BOLETIM,H:\Meu Drive\02_PRODUCAO/BOLETINS
G:\Meu Drive\2026 (1)\02 - FEV - 26\10 02\desktop.ini,NÃO,-,G:\Meu Drive\Arquivos_Pessoais_Para_Verificacao\Outros
G:\Meu Drive\2026 (1)\02 - FEV - 26\09 02\BOLETIM_RADIO_TJRN_09_02_2026_B10_REMUNERACAO_PM_CURSO_FORMACAO.mp3,SIM,BOLETIM,H:\Meu Drive\02_PRODUCAO/BOLETINS
G:\Meu Drive\2026 (1)\02 - FEV - 26\09 02\BOLETIM_RADIO_TJRN_09_02_2026_B2_MPRN_COMBATE_POLUICAO_SONORA_.mp3,SIM,BOLETIM,H:\Meu Drive\02_PRODUCAO/BOLETINS
G:\Meu Drive\2026 (1)\02 - FEV - 26\09 02\BOLETIM_RADIO_TJRN_09_02_2026_B1_TJRN_BALANCO_ACOES_EXECUTADAS.mp3,SIM,BOLETIM,H:\Meu Drive\02_PRODUCAO/BOLETINS
G:\Meu Drive\2026 (1)\02 - FEV - 26\09 02\textos 09 02.gdoc,SIM,DESCONHECIDO,H:\Meu Drive\01_ROTEIROS/DESCONHECIDOS
G:\Meu Drive\2026 (1)\02 - FEV - 26\09 02\BOLETIM_RADIO_TJRN_09_02_2026_B3_REGULARIZACAO_CUSTAS_JUDICIAIS.mp3,SIM,BOLETIM,H:\Meu Drive\02_PRODUCAO/BOLETINS
G:\Meu Drive\2026 (1)\02 - FEV - 26\09 02\BOLETIM_RADIO_TJRN_09_02_2026_B5_RECUPERACAO_CANAL_VIDEOS.mp3,SIM,BOLETIM,H:\Meu Drive\02_PRODUCAO/BOLETINS
G:\Meu Drive\2026 (1)\02 - FEV - 26\09 02\BOLETIM_RADIO_TJRN_09_02_2026_B9_AUSENCIA_ANULACAO_SENTENCA.mp3,SIM,BOLETIM,H:\Meu Drive\02_PRODUCAO/BOLETINS
G:\Meu Drive\2026 (1)\02 - FEV - 26\09 02\BOLETIM_RADIO_TJRN_09_02_2026_B4_RECUPERACAO_CANAL_VIDEOS.mp3,SIM,BOLETIM,H:\Meu Drive\02_PRODUCAO/BOLETINS
G:\Meu Drive\2026 (1)\02 - FEV - 26\09 02\BOLETIM_RADIO_TJRN_09_02_2026_B7_ESTAGIO_POS_MOSSORO_DIREITO.mp3,SIM,BOLETIM,H:\Meu Drive\02_PRODUCAO/BOLETINS
G:\Meu Drive\2026 (1)\02 - FEV - 26\09 02\BOLETIM_RADIO_TJRN_09_02_2026_B8_INDENIZACAO_PACIENTE_DEPRESSIVO.mp3,SIM,BOLETIM,H:\Meu Drive\02_PRODUCAO/BOLETINS
G:\Meu Drive\2026 (1)\02 - FEV - 26\09 02\BOLETIM_RADIO_TJRN_09_02_2026_B6_COMITES_MES_CONSUMIDOR.mp3,SIM,BOLETIM,H:\Meu Drive\02_PRODUCAO/BOLETINS
G:\Meu Drive\2026 (1)\02 - FEV - 26\09 02\desktop.ini,NÃO,-,G:\Meu Drive\Arquivos_Pessoais_Para_Verificacao\Outros
G:\Meu Drive\2026 (1)\02 - FEV - 26\13 02\BOLETIM_RADIO_TJRN_13_02_2026_B7_CONTRATO_VERBAL_IMOVEL.mp3,SIM,BOLETIM,H:\Meu Drive\02_PRODUCAO/BOLETINS
G:\Meu Drive\2026 (1)\02 - FEV - 26\13 02\BOLETIM_RADIO_TJRN_13_02_2026_B9_TJRN_REGRAS_PARTICIPACAO_CRIANCAS_.mp3,SIM,BOLETIM,H:\Meu Drive\02_PRODUCAO/BOLETINS
G:\Meu Drive\2026 (1)\02 - FEV - 26\13 02\BOLETIM_RADIO_TJRN_13_02_2026_B3_TJRN_CEARA_MIRIM_SUSPENDE_EXPEDIENTE_.mp3,SIM,BOLETIM,H:\Meu Drive\02_PRODUCAO/BOLETINS
G:\Meu Drive\2026 (1)\02 - FEV - 26\13 02\BOLETIM_RADIO_TJRN_13_02_2026_B1_TJRN_CARRO_DEFEITO_APOS_COMPRA_.mp3,SIM,BOLETIM,H:\Meu Drive\02_PRODUCAO/BOLETINS
G:\Meu Drive\2026 (1)\02 - FEV - 26\13 02\BOLETIM_RADIO_TJRN_13_02_2026_B4_TJRN_JUIZ_TOMA_POSSE_.mp3,SIM,BOLETIM,H:\Meu Drive\02_PRODUCAO/BOLETINS
G:\Meu Drive\2026 (1)\02 - FEV - 26\13 02\BOLETIM_RADIO_TJRN_13_02_2026_B2_TJRN_COMARCA_ALEXANDRIA_SELECAO_INTERINOS.mp3,SIM,BOLETIM,H:\Meu Drive\02_PRODUCAO/BOLETINS
G:\Meu Drive\2026 (1)\02 - FEV - 26\13 02\BOLETIM_RADIO_TJRN_13_02_2026_B5_CANCELADA_SESSAO_3_CAMARA_CIVEL.mp3,SIM,BOLETIM,H:\Meu Drive\02_PRODUCAO/BOLETINS
G:\Meu Drive\2026 (1)\02 - FEV - 26\13 02\BOLETIM_RADIO_TJRN_13_02_2026_B8_TJRN_BRINQUE_DIREITO_CAMPANHA_.mp3,SIM,BOLETIM,H:\Meu Drive\02_PRODUCAO/BOLETINS
G:\Meu Drive\2026 (1)\02 - FEV - 26\13 02\BOLETIM_RADIO_TJRN_13_02_2026_B6_EXAMES_RESSONANCIA_TORAX.mp3,SIM,BOLETIM,H:\Meu Drive\02_PRODUCAO/BOLETINS
G:\Meu Drive\2026 (1)\02 - FEV - 26\13 02\BOLETIM_RADIO_TJRN_13_02_2026_B10_TJRN_ACUSADOS_INTEGRAR_FACCAO_.mp3,SIM,BOLETIM,H:\Meu Drive\02_PRODUCAO/BOLETINS
G:\Meu Drive\2026 (1)\02 - FEV - 26\13 02\desktop.ini,NÃO,-,G:\Meu Drive\Arquivos_Pessoais_Para_Verificacao\Outros
G:\Meu Drive\2026 (1)\02 - FEV - 26\05 02\BOLETIM_RADIO_TJRN_05_02_2026_B7_TRTRN_BANCO_DANOS_MORAIS_ADOECIMENTO_MENTAL.mp3,SIM,BOLETIM,H:\Meu Drive\02_PRODUCAO/BOLETINS
G:\Meu Drive\2026 (1)\02 - FEV - 26\05 02\BOLETIM_RADIO_TJRN_05_02_2026_B8_OABRN_ALERTA_GOLPE_EXAME_ORDEM.mp3,SIM,BOLETIM,H:\Meu Drive\02_PRODUCAO/BOLETINS
G:\Meu Drive\2026 (1)\02 - FEV - 26\05 02\BOLETIM_RADIO_TJRN_05_02_2026_B9_SESSAO_EXTRAORDINARIA_PRIMEIRA_CAMARA_CIVEL.mp3,SIM,BOLETIM,H:\Meu Drive\02_PRODUCAO/BOLETINS
G:\Meu Drive\2026 (1)\02 - FEV - 26\05 02\BOLETIM_RADIO_TJRN_05_02_2026_B6_TJRN_CONDENA_BANCO_DIGITAL_.mp3,SIM,BOLETIM,H:\Meu Drive\02_PRODUCAO/BOLETINS
G:\Meu Drive\2026 (1)\02 - FEV - 26\05 02\BOLETIM_RADIO_TJRN_05_02_2026_B10_ACAO_NACIONAL_CONTRA_FEMINICIDIO.mp3,SIM,BOLETIM,H:\Meu Drive\02_PRODUCAO/BOLETINS
G:\Meu Drive\2026 (1)\02 - FEV - 26\05 02\BOLETIM_RADIO_TJRN_05_02_2026_B2_TJRN_MORADOR_MOSSORO_TRATAMENTO_MEDICO_.mp3,SIM,BOLETIM,H:\Meu Drive\02_PRODUCAO/BOLETINS
G:\Meu Drive\2026 (1)\02 - FEV - 26\05 02\BOLETIM_RADIO_TJRN_05_02_2026_B1_TJRN_INSTALACAO_MEDIDORES_ENERGIA.mp3,SIM,BOLETIM,H:\Meu Drive\02_PRODUCAO/BOLETINS
G:\Meu Drive\2026 (1)\02 - FEV - 26\05 02\BOLETIM_RADIO_TJRN_05_02_2026_B4_TJRN_HOMEM_CONDENADO_ROUBO_.mp3,SIM,BOLETIM,H:\Meu Drive\02_PRODUCAO/BOLETINS
G:\Meu Drive\2026 (1)\02 - FEV - 26\05 02\BOLETIM_RADIO_TJRN_05_02_2026_B3_TJRN_CONDENA_EX_ASSESSORA_IMPROBIDADE.mp3,SIM,BOLETIM,H:\Meu Drive\02_PRODUCAO/BOLETINS
G:\Meu Drive\2026 (1)\02 - FEV - 26\05 02\BOLETIM_RADIO_TJRN_05_02_2026_B5_TJRN_REDE_SOCIAL_CONTA_PERFIL.mp3,SIM,BOLETIM,H:\Meu Drive\02_PRODUCAO/BOLETINS
G:\Meu Drive\2026 (1)\02 - FEV - 26\05 02\desktop.ini,NÃO,-,G:\Meu Drive\Arquivos_Pessoais_Para_Verificacao\Outros
G:\Meu Drive\2026 (1)\02 - FEV - 26\19 02\BOLETIM_RADIO_TJRN_19_02_2026_B4_ACIDENTE_PARTICIPANTE_PROJETO_SOCIAL.mp3,SIM,BOLETIM,H:\Meu Drive\02_PRODUCAO/BOLETINS
G:\Meu Drive\2026 (1)\02 - FEV - 26\19 02\BOLETIM_RADIO_TJRN_19_02_2026_B1_TJRN_PLANO_SAUDE_VALOR_.mp3,SIM,BOLETIM,H:\Meu Drive\02_PRODUCAO/BOLETINS
G:\Meu Drive\2026 (1)\02 - FEV - 26\19 02\BOLETIM_RADIO_TJRN_19_02_2026_B5_JURI_POPULAR_TENTATIVA_HOMICIDIO.mp3,SIM,BOLETIM,H:\Meu Drive\02_PRODUCAO/BOLETINS
G:\Meu Drive\2026 (1)\02 - FEV - 26\19 02\BOLETIM_RADIO_TJRN_19_02_2026_B9_VISITA_TECNICA_COMISSAO_FUNDIARIA.mp3,SIM,BOLETIM,H:\Meu Drive\02_PRODUCAO/BOLETINS
G:\Meu Drive\2026 (1)\02 - FEV - 26\19 02\BOLETIM_RADIO_TJRN_19_02_2026_B8_CONDENACAO_ROUBO_COM_ARMA.mp3,SIM,BOLETIM,H:\Meu Drive\02_PRODUCAO/BOLETINS
G:\Meu Drive\2026 (1)\02 - FEV - 26\19 02\BOLETIM_RADIO_TJRN_19_02_2026_B3_CONDENACAO_CANCELAMENTO_RESERVA_VIAGEM.mp3,SIM,BOLETIM,H:\Meu Drive\02_PRODUCAO/BOLETINS
G:\Meu Drive\2026 (1)\02 - FEV - 26\19 02\BOLETIM_RADIO_TJRN_19_02_2026_B2_TJRN_SESSAO_ORDINARIA_CANCELADA.mp3,SIM,BOLETIM,H:\Meu Drive\02_PRODUCAO/BOLETINS
G:\Meu Drive\2026 (1)\02 - FEV - 26\19 02\BOLETIM_RADIO_TJRN_19_02_2026_B10_INDENIZACAO_CANCELAMENTO_VOO.mp3,SIM,BOLETIM,H:\Meu Drive\02_PRODUCAO/BOLETINS
G:\Meu Drive\2026 (1)\02 - FEV - 26\19 02\BOLETIM_RADIO_TJRN_19_02_2026_B6_REATIVACAO_CONTA_MOTORISTA.mp3,SIM,BOLETIM,H:\Meu Drive\02_PRODUCAO/BOLETINS
G:\Meu Drive\2026 (1)\02 - FEV - 26\19 02\BOLETIM_RADIO_TJRN_19_02_2026_B7_IMPROBIDADE_GUAMARE.mp3,SIM,BOLETIM,H:\Meu Drive\02_PRODUCAO/BOLETINS
G:\Meu Drive\2026 (1)\02 - FEV - 26\19 02\desktop.ini,NÃO,-,G:\Meu Drive\Arquivos_Pessoais_Para_Verificacao\Outros
G:\Meu Drive\2026 (1)\02 - FEV - 26\27 02\BOLETIM_RADIO_TJRN_27_02_2026_B2_IMPROBIDADE_CONTRATO_IGREJA.mp3,SIM,BOLETIM,H:\Meu Drive\02_PRODUCAO/BOLETINS
G:\Meu Drive\2026 (1)\02 - FEV - 26\27 02\BOLETIM_RADIO_TJRN_27_02_2026_B3_JURI_HOMICIDIO_TRANSITO.mp3,SIM,BOLETIM,H:\Meu Drive\02_PRODUCAO/BOLETINS
G:\Meu Drive\2026 (1)\02 - FEV - 26\27 02\BOLETIM_RADIO_TJRN_27_02_2026_B1_HOMICIDIO_DIVIDA_JURI.mp3,SIM,BOLETIM,H:\Meu Drive\02_PRODUCAO/BOLETINS
G:\Meu Drive\2026 (1)\02 - FEV - 26\27 02\BOLETIM_RADIO_TJRN_27_02_2026_B4_JUSTICA_REABRE_PREGAO_ELETRONICO_NATAL.mp3,SIM,BOLETIM,H:\Meu Drive\02_PRODUCAO/BOLETINS
G:\Meu Drive\2026 (1)\02 - FEV - 26\27 02\BOLETIM_RADIO_TJRN_27_02_2026_B6_ABERTURA_ESTAGIO_20_NATAL.mp3,SIM,BOLETIM,H:\Meu Drive\02_PRODUCAO/BOLETINS
G:\Meu Drive\2026 (1)\02 - FEV - 26\27 02\BOLETIM_RADIO_TJRN_27_02_2026_B7_ABERTURA_ESTAGIO_CURRAIS_NOVOS.mp3,SIM,BOLETIM,H:\Meu Drive\02_PRODUCAO/BOLETINS
G:\Meu Drive\2026 (1)\02 - FEV - 26\27 02\BOLETIM_RADIO_TJRN_27_02_2026_B8_MPRN_OPERACAO_CENTRO_TERAPEUTICO_.mp3,SIM,BOLETIM,H:\Meu Drive\02_PRODUCAO/BOLETINS
G:\Meu Drive\2026 (1)\02 - FEV - 26\27 02\BOLETIM_RADIO_TJRN_27_02_2026_B10_ESMARN_NOVO_SITE.mp3,SIM,BOLETIM,H:\Meu Drive\02_PRODUCAO/BOLETINS
G:\Meu Drive\2026 (1)\02 - FEV - 26\27 02\BOLETIM_RADIO_TJRN_27_02_2026_B9_TRTRN_TRIBUNAIS_CONVENIO_.mp3,SIM,BOLETIM,H:\Meu Drive\02_PRODUCAO/BOLETINS
G:\Meu Drive\2026 (1)\02 - FEV - 26\27 02\BOLETIM_RADIO_TJRN_27_02_2026_B5_PERFIL_DE_VENDAS_DEVE_SER_REATIVADO.mp3,SIM,BOLETIM,H:\Meu Drive\02_PRODUCAO/BOLETINS
G:\Meu Drive\2026 (1)\02 - FEV - 26\27 02\desktop.ini,NÃO,-,G:\Meu Drive\Arquivos_Pessoais_Para_Verificacao\Outros
G:\Meu Drive\2026 (1)\02 - FEV - 26\04 02\BOLETIM_RADIO_TJRN_04_02_2026_B2_DOACAO_LIVROS_SISTEMA_PRISIONAL.mp3,SIM,BOLETIM,H:\Meu Drive\02_PRODUCAO/BOLETINS
G:\Meu Drive\2026 (1)\02 - FEV - 26\04 02\BOLETIM_RADIO_TJRN_04_02_2026_B5_CONDENACAO_ROUBO_POLICIAL_MACAIBA.mp3,SIM,BOLETIM,H:\Meu Drive\02_PRODUCAO/BOLETINS
G:\Meu Drive\2026 (1)\02 - FEV - 26\04 02\BOLETIM_RADIO_TJRN_04_02_2026_B7_INDENIZACAO_EXTRAVIO_BAGAGEM_ASSU.mp3,SIM,BOLETIM,H:\Meu Drive\02_PRODUCAO/BOLETINS
G:\Meu Drive\2026 (1)\02 - FEV - 26\04 02\BOLETIM_RADIO_TJRN_04_02_2026_B3_MANUAL_DE_GESTAO_PROCESSUAL.mp3,SIM,BOLETIM,H:\Meu Drive\02_PRODUCAO/BOLETINS
G:\Meu Drive\2026 (1)\02 - FEV - 26\04 02\BOLETIM_RADIO_TJRN_04_02_2026_B9_MUDANCA_HORARIO_SEGUNDA_CAMARA.mp3,SIM,BOLETIM,H:\Meu Drive\02_PRODUCAO/BOLETINS
G:\Meu Drive\2026 (1)\02 - FEV - 26\04 02\BOLETIM_RADIO_TJRN_04_02_2026_B4_INDENIZACAO_MEDICAMENTOS_COSERN.mp3,SIM,BOLETIM,H:\Meu Drive\02_PRODUCAO/BOLETINS
G:\Meu Drive\2026 (1)\02 - FEV - 26\04 02\BOLETIM_RADIO_TJRN_04_02_2026_B10_TJRN_NOMEACAO_CANDIDATO_CONCURSO_.mp3,SIM,BOLETIM,H:\Meu Drive\02_PRODUCAO/BOLETINS
G:\Meu Drive\2026 (1)\02 - FEV - 26\04 02\BOLETIM_RADIO_TJRN_04_02_2026_B6_CONDENACAO_BANCO_GOLPE_VEICULO.mp3,SIM,BOLETIM,H:\Meu Drive\02_PRODUCAO/BOLETINS
G:\Meu Drive\2026 (1)\02 - FEV - 26\04 02\BOLETIM_RADIO_TJRN_04_02_2026_B1_CONVOCACAO_JUIZES_LEIGOS_JUIZADOS.mp3,SIM,BOLETIM,H:\Meu Drive\02_PRODUCAO/BOLETINS
G:\Meu Drive\2026 (1)\02 - FEV - 26\04 02\BOLETIM_RADIO_TJRN_04_02_2026_B8_MEDICAMENTO_ESCLEROSE_PLANO_SAUDE.mp3,SIM,BOLETIM,H:\Meu Drive\02_PRODUCAO/BOLETINS
G:\Meu Drive\2026 (1)\02 - FEV - 26\04 02\desktop.ini,NÃO,-,G:\Meu Drive\Arquivos_Pessoais_Para_Verificacao\Outros
G:\Meu Drive\2026 (1)\02 - FEV - 26\26 02\BOLETIM_RADIO_TJRN_26_02_2026_B4_TJRN_PEDIDO_PENSAO_PROVISORIA_.mp3,SIM,BOLETIM,H:\Meu Drive\02_PRODUCAO/BOLETINS
G:\Meu Drive\2026 (1)\02 - FEV - 26\26 02\BOLETIM_RADIO_TJRN_26_02_2026_B6_SESSAO_HIBRIDA_CRIMINAL_2_03.mp3,SIM,BOLETIM,H:\Meu Drive\02_PRODUCAO/BOLETINS
G:\Meu Drive\2026 (1)\02 - FEV - 26\26 02\BOLETIM_RADIO_TJRN_26_02_2026_B5_DANOS_MORAIS_VENDA_VEICULO.mp3,SIM,BOLETIM,H:\Meu Drive\02_PRODUCAO/BOLETINS
G:\Meu Drive\2026 (1)\02 - FEV - 26\26 02\BOLETIM_RADIO_TJRN_26_02_2026_B7_MEDIDA_PROTETIVA_RELACAO_HOMOAFETIVA.mp3,SIM,BOLETIM,H:\Meu Drive\02_PRODUCAO/BOLETINS
G:\Meu Drive\2026 (1)\02 - FEV - 26\26 02\BOLETIM_RADIO_TJRN_26_02_2026_B2_TJRN_MANTIDA_SENTENCA_APLICADA_.mp3,SIM,BOLETIM,H:\Meu Drive\02_PRODUCAO/BOLETINS
G:\Meu Drive\2026 (1)\02 - FEV - 26\26 02\BOLETIM_RADIO_TJRN_26_02_2026_B3_TJRN_REDE_SOCIAL_DEVE_EXCLUIR.mp3,SIM,BOLETIM,H:\Meu Drive\02_PRODUCAO/BOLETINS
G:\Meu Drive\2026 (1)\02 - FEV - 26\26 02\BOLETIM_RADIO_TJRN_26_02_2026_B8_CARTILHA_JULGAMENTO_PERSPECTIVA_DE_GENERO.mp3,SIM,BOLETIM,H:\Meu Drive\02_PRODUCAO/BOLETINS
G:\Meu Drive\2026 (1)\02 - FEV - 26\26 02\BOLETIM_RADIO_TJRN_26_02_2026_B10_INDENIZACAO_PATINETE_ELETRICO_.mp3,SIM,BOLETIM,H:\Meu Drive\02_PRODUCAO/BOLETINS
G:\Meu Drive\2026 (1)\02 - FEV - 26\26 02\BOLETIM_RADIO_TJRN_26_02_2026_B1_TJRN_ESTADO_REALIZE_PROCEDIMENTO_MEDICO_.mp3,SIM,BOLETIM,H:\Meu Drive\02_PRODUCAO/BOLETINS
G:\Meu Drive\2026 (1)\02 - FEV - 26\26 02\BOLETIM_RADIO_TJRN_26_02_2026_B9_MEDICAMENTO_ANEMIA_FALCIFORME.mp3,SIM,BOLETIM,H:\Meu Drive\02_PRODUCAO/BOLETINS
G:\Meu Drive\2026 (1)\02 - FEV - 26\26 02\desktop.ini,NÃO,-,G:\Meu Drive\Arquivos_Pessoais_Para_Verificacao\Outros
G:\Meu Drive\2026 (1)\02 - FEV - 26\23 02\BOLETIM_RADIO_TJRN_23_02_2026_B1_TJRN_LAUDO_MEDICO_ASSISTENTE.mp3,SIM,BOLETIM,H:\Meu Drive\02_PRODUCAO/BOLETINS
G:\Meu Drive\2026 (1)\02 - FEV - 26\23 02\BOLETIM_RADIO_TJRN_23_02_2026_B7_DANOS_MORAIS_ATRASO_VOO.mp3,SIM,BOLETIM,H:\Meu Drive\02_PRODUCAO/BOLETINS
G:\Meu Drive\2026 (1)\02 - FEV - 26\23 02\BOLETIM_RADIO_TJRN_23_02_2026_B6_FORNECIMENTO_ENERGIA_ESCOLAS.mp3,SIM,BOLETIM,H:\Meu Drive\02_PRODUCAO/BOLETINS
G:\Meu Drive\2026 (1)\02 - FEV - 26\23 02\BOLETIM_RADIO_TJRN_23_02_2026_B9_INDENIZACAO_FALHAS_PANO_SAUDE.mp3,SIM,BOLETIM,H:\Meu Drive\02_PRODUCAO/BOLETINS
G:\Meu Drive\2026 (1)\02 - FEV - 26\23 02\BOLETIM_RADIO_TJRN_23_02_2026_B4_TJRN_SEMANA_MULHER_2026.mp3,SIM,BOLETIM,H:\Meu Drive\02_PRODUCAO/BOLETINS
G:\Meu Drive\2026 (1)\02 - FEV - 26\23 02\BOLETIM_RADIO_TJRN_23_02_2026_B3_TJRN_PLANO_SAUDE_CUSTEAR_TRATAMENTO.mp3,SIM,BOLETIM,H:\Meu Drive\02_PRODUCAO/BOLETINS
G:\Meu Drive\2026 (1)\02 - FEV - 26\23 02\BOLETIM_RADIO_TJRN_23_02_2026_B8_COSERN_DANOS_MORAIS.mp3,SIM,BOLETIM,H:\Meu Drive\02_PRODUCAO/BOLETINS
G:\Meu Drive\2026 (1)\02 - FEV - 26\23 02\BOLETIM_RADIO_TJRN_23_02_2026_B10_CONDENACAO_FALSO_TERAPEUTA.mp3,SIM,BOLETIM,H:\Meu Drive\02_PRODUCAO/BOLETINS
G:\Meu Drive\2026 (1)\02 - FEV - 26\23 02\TEXTOS 23 02.gdoc,SIM,DESCONHECIDO,H:\Meu Drive\01_ROTEIROS/DESCONHECIDOS
G:\Meu Drive\2026 (1)\02 - FEV - 26\23 02\BOLETIM_RADIO_TJRN_23_02_2026_B5_ESTAGIO_CEJUSC_CURRAIS_NOVOS.mp3,SIM,BOLETIM,H:\Meu Drive\02_PRODUCAO/BOLETINS
G:\Meu Drive\2026 (1)\02 - FEV - 26\23 02\BOLETIM_RADIO_TJRN_23_02_2026_B2_TJRN_MULHER_CONDENADA_DETENCAO_.mp3,SIM,BOLETIM,H:\Meu Drive\02_PRODUCAO/BOLETINS
G:\Meu Drive\2026 (1)\02 - FEV - 26\23 02\desktop.ini,NÃO,-,G:\Meu Drive\Arquivos_Pessoais_Para_Verificacao\Outros
G:\Meu Drive\2026 (1)\02 - FEV - 26\02 02\BOLETIM_RADIO_TJRN_02_02_2026_B7_TJRN_ANULA_PREGAO_CONSORCIO_.mp3,SIM,BOLETIM,H:\Meu Drive\02_PRODUCAO/BOLETINS
G:\Meu Drive\2026 (1)\02 - FEV - 26\02 02\BOLETIM_RADIO_TJRN_02_02_2026_B5_TJRN_ESTAGIO_GRUPO_METAS.mp3,SIM,BOLETIM,H:\Meu Drive\02_PRODUCAO/BOLETINS
G:\Meu Drive\2026 (1)\02 - FEV - 26\02 02\BOLETIM_RADIO_TJRN_02_02_2026_B1_TJRN_ACAO_IMPROBIDADE_SERVIDOR_DETRAN.mp3,SIM,BOLETIM,H:\Meu Drive\02_PRODUCAO/BOLETINS
G:\Meu Drive\2026 (1)\02 - FEV - 26\02 02\BOLETIM_RADIO_TJRN_02_02_2026_B6_TJRN_CONDENA_HOMEM_MAUS_TRATOS.mp3,SIM,BOLETIM,H:\Meu Drive\02_PRODUCAO/BOLETINS
G:\Meu Drive\2026 (1)\02 - FEV - 26\02 02\BOLETIM_RADIO_TJRN_02_02_2026_B10_DPERN_PRAZO_INSCRICOES_SUSTENTABILIDADE.mp3,SIM,BOLETIM,H:\Meu Drive\02_PRODUCAO/BOLETINS
G:\Meu Drive\2026 (1)\02 - FEV - 26\02 02\BOLETIM_RADIO_TJRN_02_02_2026_B2_TJRN_CRESCIMENTO_CAMARA_CRIMINAL_.mp3,SIM,BOLETIM,H:\Meu Drive\02_PRODUCAO/BOLETINS
G:\Meu Drive\2026 (1)\02 - FEV - 26\02 02\BOLETIM_RADIO_TJRN_02_02_2026_B3_TJRN_ACOES_PENITENCIARIA_ALCACUZ_.mp3,SIM,BOLETIM,H:\Meu Drive\02_PRODUCAO/BOLETINS
G:\Meu Drive\2026 (1)\02 - FEV - 26\02 02\BOLETIM_RADIO_TJRN_02_02_2026_B9_TRTRN_DESCARACTERIZA_TRABALHO_INTERMITENTE.mp3,SIM,BOLETIM,H:\Meu Drive\02_PRODUCAO/BOLETINS
G:\Meu Drive\2026 (1)\02 - FEV - 26\02 02\BOLETIM_RADIO_TJRN_02_02_2026_B4_TJRN_FABRICANTE_REDE_FARMACIA_.mp3,SIM,BOLETIM,H:\Meu Drive\02_PRODUCAO/BOLETINS
G:\Meu Drive\2026 (1)\02 - FEV - 26\02 02\BOLETIM_RADIO_TJRN_02_02_2026_B8_TJRN_INCONSTITUCIONALIDADE_LEI_ENEM_.mp3,SIM,BOLETIM,H:\Meu Drive\02_PRODUCAO/BOLETINS
G:\Meu Drive\2026 (1)\02 - FEV - 26\02 02\desktop.ini,NÃO,-,G:\Meu Drive\Arquivos_Pessoais_Para_Verificacao\Outros
G:\Meu Drive\2026 (1)\02 - FEV - 26\24 02\textos 24 02.gdoc,SIM,DESCONHECIDO,H:\Meu Drive\01_ROTEIROS/DESCONHECIDOS
G:\Meu Drive\2026 (1)\02 - FEV - 26\24 02\BOLETIM_RADIO_TJRN_24_02_2026_B5_TJRN_PARTICIPACAO_EMPRESA_SAUDE.mp3,SIM,BOLETIM,H:\Meu Drive\02_PRODUCAO/BOLETINS
G:\Meu Drive\2026 (1)\02 - FEV - 26\24 02\BOLETIM_RADIO_TJRN_24_02_2026_B2_TJRN_ACOLHE_APELO_MP_.mp3,SIM,BOLETIM,H:\Meu Drive\02_PRODUCAO/BOLETINS
G:\Meu Drive\2026 (1)\02 - FEV - 26\24 02\BOLETIM_RADIO_TJRN_24_02_2026_B3_TJRN_MANTEM_DECISAO_NOMEACAO_.mp3,SIM,BOLETIM,H:\Meu Drive\02_PRODUCAO/BOLETINS
G:\Meu Drive\2026 (1)\02 - FEV - 26\24 02\BOLETIM_RADIO_TJRN_24_02_2026_B1_TJRN_SAO_JOSE_PROCESSO_SELETIVO_.mp3,SIM,BOLETIM,H:\Meu Drive\02_PRODUCAO/BOLETINS
G:\Meu Drive\2026 (1)\02 - FEV - 26\24 02\BOLETIM_RADIO_TJRN_24_02_2026_B9_MPRN_UFRN_SEMINARIO_POLITICAS_PUBLICAS_.mp3,SIM,BOLETIM,H:\Meu Drive\02_PRODUCAO/BOLETINS
G:\Meu Drive\2026 (1)\02 - FEV - 26\24 02\BOLETIM_RADIO_TJRN_24_02_2026_B4_TJRN_IMOBILIARIA_CONDENADA_.mp3,SIM,BOLETIM,H:\Meu Drive\02_PRODUCAO/BOLETINS
G:\Meu Drive\2026 (1)\02 - FEV - 26\24 02\BOLETIM_RADIO_TJRN_24_02_2026_B8_CNJ_PRAZO_ENVIO_CONTRIBUICOES.mp3,SIM,BOLETIM,H:\Meu Drive\02_PRODUCAO/BOLETINS
G:\Meu Drive\2026 (1)\02 - FEV - 26\24 02\BOLETIM_RADIO_TJRN_24_02_2026_B7_ESMARN_CURSO_PLANILHAS_ELETRONICAS_.mp3,SIM,BOLETIM,H:\Meu Drive\02_PRODUCAO/BOLETINS
G:\Meu Drive\2026 (1)\02 - FEV - 26\24 02\BOLETIM_RADIO_TJRN_24_02_2026_B10_ESMARN_ATUALIZACAO_SITE.mp3,SIM,BOLETIM,H:\Meu Drive\02_PRODUCAO/BOLETINS
G:\Meu Drive\2026 (1)\02 - FEV - 26\24 02\BOLETIM_RADIO_TJRN_24_02_2026_B6_VARA_FAMILIA_ESTAGIO_.mp3,SIM,BOLETIM,H:\Meu Drive\02_PRODUCAO/BOLETINS
G:\Meu Drive\2026 (1)\02 - FEV - 26\24 02\desktop.ini,NÃO,-,G:\Meu Drive\Arquivos_Pessoais_Para_Verificacao\Outros
G:\Meu Drive\2026 (1)\02 - FEV - 26\04 02 - QUA\B1 - CONVOCAÇÃO JUÍZES LEIGOS JUIZADOS.gdoc,SIM,DESCONHECIDO,H:\Meu Drive\01_ROTEIROS/DESCONHECIDOS
G:\Meu Drive\2026 (1)\02 - FEV - 26\04 02 - QUA\B4 - INDENIZAÇÃO MEDICAMENTOS COSERN.gdoc,SIM,DESCONHECIDO,H:\Meu Drive\01_ROTEIROS/DESCONHECIDOS
G:\Meu Drive\2026 (1)\02 - FEV - 26\04 02 - QUA\B3 - MANUAL DE GESTÃO PROCESSUAL.gdoc,SIM,DESCONHECIDO,H:\Meu Drive\01_ROTEIROS/DESCONHECIDOS
G:\Meu Drive\2026 (1)\02 - FEV - 26\04 02 - QUA\B2 - DOAÇÃO LIVROS SISTEMA PRISIONAL.gdoc,SIM,DESCONHECIDO,H:\Meu Drive\01_ROTEIROS/DESCONHECIDOS
G:\Meu Drive\2026 (1)\02 - FEV - 26\04 02 - QUA\B7 - INDENIZAÇÃO EXTRAVIO BAGAGEM ASSÚ.gdoc,SIM,DESCONHECIDO,H:\Meu Drive\01_ROTEIROS/DESCONHECIDOS
G:\Meu Drive\2026 (1)\02 - FEV - 26\04 02 - QUA\B9 - MUDANÇA HORÁRIO SEGUNDA CÂMARA.gdoc,SIM,DESCONHECIDO,H:\Meu Drive\01_ROTEIROS/DESCONHECIDOS
G:\Meu Drive\2026 (1)\02 - FEV - 26\04 02 - QUA\B8 - MEDICAMENTO ESCLEROSE PLANO SAÚDE.gdoc,SIM,DESCONHECIDO,H:\Meu Drive\01_ROTEIROS/DESCONHECIDOS
G:\Meu Drive\2026 (1)\02 - FEV - 26\04 02 - QUA\B6 - CONDENAÇÃO BANCO GOLPE VEÍCULO.gdoc,SIM,DESCONHECIDO,H:\Meu Drive\01_ROTEIROS/DESCONHECIDOS
G:\Meu Drive\2026 (1)\02 - FEV - 26\04 02 - QUA\B5 - CONDENAÇÃO ROUBO POLICIAL MACAÍBA.gdoc,SIM,DESCONHECIDO,H:\Meu Drive\01_ROTEIROS/DESCONHECIDOS
G:\Meu Drive\2026 (1)\02 - FEV - 26\04 02 - QUA\B10- TJRN NOMEAÇÃO CANDIDATO CONCURSO .gdoc,SIM,DESCONHECIDO,H:\Meu Drive\01_ROTEIROS/DESCONHECIDOS
G:\Meu Drive\2026 (1)\02 - FEV - 26\04 02 - QUA\desktop.ini,NÃO,-,G:\Meu Drive\Arquivos_Pessoais_Para_Verificacao\Outros
G:\Meu Drive\2026 (1)\02 - FEV - 26\12 02\BOLETIM_RADIO_TJRN_12_02_2026_B4_TJRN_PLANO_COMPROVAR_MENSALIDADE.mp3,SIM,BOLETIM,H:\Meu Drive\02_PRODUCAO/BOLETINS
G:\Meu Drive\2026 (1)\02 - FEV - 26\12 02\BOLETIM_RADIO_TJRN_12_02_2026_B1_TJRN_RECOMENDACAO_CNJ.mp3,SIM,BOLETIM,H:\Meu Drive\02_PRODUCAO/BOLETINS
G:\Meu Drive\2026 (1)\02 - FEV - 26\12 02\BOLETIM_RADIO_TJRN_12_02_2026_B3_TJRN_PLANO_SAUDE_TRATAMENTO_CRIANCA_.mp3,SIM,BOLETIM,H:\Meu Drive\02_PRODUCAO/BOLETINS
G:\Meu Drive\2026 (1)\02 - FEV - 26\12 02\BOLETIM_RADIO_TJRN_12_02_2026_B6_TJRN_ACUSADA_ESTELIONATOS_.mp3,SIM,BOLETIM,H:\Meu Drive\02_PRODUCAO/BOLETINS
G:\Meu Drive\2026 (1)\02 - FEV - 26\12 02\BOLETIM_RADIO_TJRN_12_02_2026_B8_MPRN_RESTRICAO_RECIPIENTES_VIDRO_.mp3,SIM,BOLETIM,H:\Meu Drive\02_PRODUCAO/BOLETINS
G:\Meu Drive\2026 (1)\02 - FEV - 26\12 02\BOLETIM_RADIO_TJRN_12_02_2026_B10_ESMARN_DIVULGADO_PROJETOS_DINTER.mp3,SIM,BOLETIM,H:\Meu Drive\02_PRODUCAO/BOLETINS
G:\Meu Drive\2026 (1)\02 - FEV - 26\12 02\BOLETIM_RADIO_TJRN_12_02_2026_B5_TJRN_DECISAO_DEFINE_INCIDENCIA_JUROS_.mp3,SIM,BOLETIM,H:\Meu Drive\02_PRODUCAO/BOLETINS
G:\Meu Drive\2026 (1)\02 - FEV - 26\12 02\BOLETIM_RADIO_TJRN_12_02_2026_B2_TJRN_CAMARAS_PRODUTIVIDADE.mp3,SIM,BOLETIM,H:\Meu Drive\02_PRODUCAO/BOLETINS
G:\Meu Drive\2026 (1)\02 - FEV - 26\12 02\BOLETIM_RADIO_TJRN_12_02_2026_B9_TRT_RN_INAUGURA_SALA_CLIMATIZADAS.mp3,SIM,BOLETIM,H:\Meu Drive\02_PRODUCAO/BOLETINS
G:\Meu Drive\2026 (1)\02 - FEV - 26\12 02\textos 12 02.gdoc,SIM,DESCONHECIDO,H:\Meu Drive\01_ROTEIROS/DESCONHECIDOS
G:\Meu Drive\2026 (1)\02 - FEV - 26\12 02\BOLETIM_RADIO_TJRN_12_02_2026_B7_TJRN_JUSTICA_CONDENA_IDOSO_MAUS_TRATOS.mp3,SIM,BOLETIM,H:\Meu Drive\02_PRODUCAO/BOLETINS
G:\Meu Drive\2026 (1)\02 - FEV - 26\12 02\desktop.ini,NÃO,-,G:\Meu Drive\Arquivos_Pessoais_Para_Verificacao\Outros
G:\Meu Drive\2026 (1)\02 - FEV - 26\25 02\BOLETIM_RADIO_TJRN_25_02_2026_B5_TJRN_EMPRESA_VAREJISTA_CONDENADA_.mp3,SIM,BOLETIM,H:\Meu Drive\02_PRODUCAO/BOLETINS
G:\Meu Drive\2026 (1)\02 - FEV - 26\25 02\BOLETIM_RADIO_TJRN_25_02_2026_B9_TRTRN_EMPRESA_CONDENADA_EX_EMPREGADA_DOMESTICA_.mp3,SIM,BOLETIM,H:\Meu Drive\02_PRODUCAO/BOLETINS
G:\Meu Drive\2026 (1)\02 - FEV - 26\25 02\BOLETIM_RADIO_TJRN_25_02_2026_B8_TJRN_CONGRESSOS_PRIMEIRA_INSTANCIA_.mp3,SIM,BOLETIM,H:\Meu Drive\02_PRODUCAO/BOLETINS
G:\Meu Drive\2026 (1)\02 - FEV - 26\25 02\BOLETIM_RADIO_TJRN_25_02_2026_B4_TJRN_REDE_SOCIAL_BLOQUEIA_CONTA_ADVOGADO_.mp3,SIM,BOLETIM,H:\Meu Drive\02_PRODUCAO/BOLETINS
G:\Meu Drive\2026 (1)\02 - FEV - 26\25 02\BOLETIM_RADIO_TJRN_25_02_2026_B6_TJRN_CORREGEDORIA_PROCESSO_SELETIVO_.mp3,SIM,BOLETIM,H:\Meu Drive\02_PRODUCAO/BOLETINS
G:\Meu Drive\2026 (1)\02 - FEV - 26\25 02\BOLETIM_RADIO_TJRN_25_02_2026_B1_TJRN_NEGA_ATO_IMPROBIDADE.mp3,SIM,BOLETIM,H:\Meu Drive\02_PRODUCAO/BOLETINS
G:\Meu Drive\2026 (1)\02 - FEV - 26\25 02\BOLETIM_RADIO_TJRN_25_02_2026_B10_TRERN_REDE_ENFRENTA_DESINFORMACAO.mp3,SIM,BOLETIM,H:\Meu Drive\02_PRODUCAO/BOLETINS
G:\Meu Drive\2026 (1)\02 - FEV - 26\25 02\BOLETIM_RADIO_TJRN_25_02_2026_B7_TJRN_BLOQUEIO_86_MIL.mp3,SIM,BOLETIM,H:\Meu Drive\02_PRODUCAO/BOLETINS
G:\Meu Drive\2026 (1)\02 - FEV - 26\25 02\BOLETIM_RADIO_TJRN_25_02_2026_B3_TJRN_JULGA_IMPROCEDENTE_FRAUDES.mp3,SIM,BOLETIM,H:\Meu Drive\02_PRODUCAO/BOLETINS
G:\Meu Drive\2026 (1)\02 - FEV - 26\25 02\BOLETIM_RADIO_TJRN_25_02_2026_B2_TJRN_MANTEM_LEI_MUNICIPAL_.mp3,SIM,BOLETIM,H:\Meu Drive\02_PRODUCAO/BOLETINS
G:\Meu Drive\2026 (1)\02 - FEV - 26\25 02\textos 25 02.gdoc,SIM,DESCONHECIDO,H:\Meu Drive\01_ROTEIROS/DESCONHECIDOS
G:\Meu Drive\2026 (1)\02 - FEV - 26\25 02\desktop.ini,NÃO,-,G:\Meu Drive\Arquivos_Pessoais_Para_Verificacao\Outros
G:\Meu Drive\2026 (1)\02 - FEV - 26\03 02\BOLETIM_RADIO_TJRN_03_02_2026_B5_TRERN_CANAL_RECEBIMENTO_DENUNCIAS_.mp3,SIM,BOLETIM,H:\Meu Drive\02_PRODUCAO/BOLETINS
G:\Meu Drive\2026 (1)\02 - FEV - 26\03 02\BOLETIM_RADIO_TJRN_03_02_2026_B2_TJRN_IA_ROTINAS_PRESTACAO_JURISDICIONAL.mp3,SIM,BOLETIM,H:\Meu Drive\02_PRODUCAO/BOLETINS
G:\Meu Drive\2026 (1)\02 - FEV - 26\03 02\BOLETIM_RADIO_TJRN_03_02_2026_B3_VARA_CRIMINAL_ESTAGIO_.mp3,SIM,BOLETIM,H:\Meu Drive\02_PRODUCAO/BOLETINS
G:\Meu Drive\2026 (1)\02 - FEV - 26\03 02\BOLETIM_RADIO_TJRN_03_02_2026_B10_TJRN_REDE_SOCIAL_CONDENADA_.mp3,SIM,BOLETIM,H:\Meu Drive\02_PRODUCAO/BOLETINS
G:\Meu Drive\2026 (1)\02 - FEV - 26\03 02\BOLETIM_RADIO_TJRN_03_02_2026_B4_TJRN_COMARCA_EXTREMOZ_DEMANDAS_JUDICIAIS_.mp3,SIM,BOLETIM,H:\Meu Drive\02_PRODUCAO/BOLETINS
G:\Meu Drive\2026 (1)\02 - FEV - 26\03 02\BOLETIM_RADIO_TJRN_03_02_2026_B1_TJRN_SUSPENDE_LICITACAO_CANGUARETAMA_.mp3,SIM,BOLETIM,H:\Meu Drive\02_PRODUCAO/BOLETINS
G:\Meu Drive\2026 (1)\02 - FEV - 26\03 02\BOLETIM_RADIO_TJRN_03_02_2026_B9_TJRN_COMARCA_SAO_BENTO_INTERINO_.mp3,SIM,BOLETIM,H:\Meu Drive\02_PRODUCAO/BOLETINS
G:\Meu Drive\2026 (1)\02 - FEV - 26\03 02\BOLETIM_RADIO_TJRN_03_02_2026_B8_TJRN_OPERADORA_SAUDE_TRATAMENTO_AUTISMO_.mp3,SIM,BOLETIM,H:\Meu Drive\02_PRODUCAO/BOLETINS
G:\Meu Drive\2026 (1)\02 - FEV - 26\03 02\BOLETIM_RADIO_TJRN_03_02_2026_B7_TJRN_MANTEM_INDEFERIMENTO_TRAILER_MOSSORO_.mp3,SIM,BOLETIM,H:\Meu Drive\02_PRODUCAO/BOLETINS
G:\Meu Drive\2026 (1)\02 - FEV - 26\03 02\BOLETIM_RADIO_TJRN_03_02_2026_B6_TJRN_PASSAGEIRO_INDENIZADO_.mp3,SIM,BOLETIM,H:\Meu Drive\02_PRODUCAO/BOLETINS
G:\Meu Drive\2026 (1)\02 - FEV - 26\03 02\desktop.ini,NÃO,-,G:\Meu Drive\Arquivos_Pessoais_Para_Verificacao\Outros
G:\Meu Drive\2026 (1)\02 - FEV - 26\06 02\BOLETIM_RADIO_TJRN_06_02_2026_B2_ALRN_ABRE_TRABALHOS_LEGISLATIVO_.mp3,SIM,BOLETIM,H:\Meu Drive\02_PRODUCAO/BOLETINS
G:\Meu Drive\2026 (1)\02 - FEV - 26\06 02\BOLETIM_RADIO_TJRN_06_02_2026_B5_CNJ_INSCRICOES_CIENCIAS_DE_DADOS_.mp3,SIM,BOLETIM,H:\Meu Drive\02_PRODUCAO/BOLETINS
G:\Meu Drive\2026 (1)\02 - FEV - 26\06 02\BOLETIM_RADIO_TJRN_06_02_2026_B9_TJRN_CUSTO_OBRAS_ACESSIBILIDADE.mp3,SIM,BOLETIM,H:\Meu Drive\02_PRODUCAO/BOLETINS
G:\Meu Drive\2026 (1)\02 - FEV - 26\06 02\BOLETIM_RADIO_TJRN_06_02_2026_B10_TJRN_EMPRESA_TRANSPORTE_CONDENADA.mp3,SIM,BOLETIM,H:\Meu Drive\02_PRODUCAO/BOLETINS
G:\Meu Drive\2026 (1)\02 - FEV - 26\06 02\BOLETIM_RADIO_TJRN_06_02_2026_B8_TJRN_RECONHECE_DESVIO_FUNCAO_.mp3,SIM,BOLETIM,H:\Meu Drive\02_PRODUCAO/BOLETINS
G:\Meu Drive\2026 (1)\02 - FEV - 26\06 02\BOLETIM_RADIO_TJRN_06_02_2026_B3_DPERN_CRIACAO_CARGOS_APOIO_ESCOLAR_.mp3,SIM,BOLETIM,H:\Meu Drive\02_PRODUCAO/BOLETINS
G:\Meu Drive\2026 (1)\02 - FEV - 26\06 02\BOLETIM_RADIO_TJRN_06_02_2026_B7_TJRN_IDOSA_CAPITALIZACAO_.mp3,SIM,BOLETIM,H:\Meu Drive\02_PRODUCAO/BOLETINS
G:\Meu Drive\2026 (1)\02 - FEV - 26\06 02\BOLETIM_RADIO_TJRN_06_02_2026_B6_ESMARN_CURSO_INTELIGENCIA_ARTIFICIAL_.mp3,SIM,BOLETIM,H:\Meu Drive\02_PRODUCAO/BOLETINS
G:\Meu Drive\2026 (1)\02 - FEV - 26\06 02\BOLETIM_RADIO_TJRN_06_02_2026_B1_MPRN_CONDENACAO_EMPRESARIOS_.mp3,SIM,BOLETIM,H:\Meu Drive\02_PRODUCAO/BOLETINS
G:\Meu Drive\2026 (1)\02 - FEV - 26\06 02\BOLETIM_RADIO_TJRN_06_02_2026_B4_TRTRN_DOA_VEICULOS_INSTITUTO_CEGOS.mp3,SIM,BOLETIM,H:\Meu Drive\02_PRODUCAO/BOLETINS
G:\Meu Drive\2026 (1)\02 - FEV - 26\06 02\desktop.ini,NÃO,-,G:\Meu Drive\Arquivos_Pessoais_Para_Verificacao\Outros
G:\Meu Drive\2026 (1)\02 - FEV - 26\25 02 - QUA\B8- TJRN CONGRESSOS PRIMEIRA INSTÂNCIA .gdoc,SIM,DESCONHECIDO,H:\Meu Drive\01_ROTEIROS/DESCONHECIDOS
G:\Meu Drive\2026 (1)\02 - FEV - 26\25 02 - QUA\B5- TJRN EMPRESA VAREJISTA CONDENADA .gdoc,SIM,DESCONHECIDO,H:\Meu Drive\01_ROTEIROS/DESCONHECIDOS
G:\Meu Drive\2026 (1)\02 - FEV - 26\25 02 - QUA\B10- TRE RN REDE ENFRENTA DESINFORMAÇÃO.gdoc,SIM,DESCONHECIDO,H:\Meu Drive\01_ROTEIROS/DESCONHECIDOS
G:\Meu Drive\2026 (1)\02 - FEV - 26\25 02 - QUA\B2- TJRN MANTÉM LEI MUNICIPAL .gdoc,SIM,DESCONHECIDO,H:\Meu Drive\01_ROTEIROS/DESCONHECIDOS
G:\Meu Drive\2026 (1)\02 - FEV - 26\25 02 - QUA\B4- TJRN REDE SOCIAL BLOQUEIA CONTA ADVOGADO .gdoc,SIM,DESCONHECIDO,H:\Meu Drive\01_ROTEIROS/DESCONHECIDOS
G:\Meu Drive\2026 (1)\02 - FEV - 26\25 02 - QUA\B9- TRT RN EMPRESA CONDENADA EX-EMPREGADA DOMÉSTICA .gdoc,SIM,DESCONHECIDO,H:\Meu Drive\01_ROTEIROS/DESCONHECIDOS
G:\Meu Drive\2026 (1)\02 - FEV - 26\25 02 - QUA\B6- TJRN CORREGEDORIA PROCESSO SELETIVO .gdoc,SIM,DESCONHECIDO,H:\Meu Drive\01_ROTEIROS/DESCONHECIDOS
G:\Meu Drive\2026 (1)\02 - FEV - 26\25 02 - QUA\B1- TJRN NEGA ATO IMPROBIDADE.gdoc,SIM,DESCONHECIDO,H:\Meu Drive\01_ROTEIROS/DESCONHECIDOS
G:\Meu Drive\2026 (1)\02 - FEV - 26\25 02 - QUA\B3- TJRN JULGA IMPROCEDENTE FRAUDES.gdoc,SIM,DESCONHECIDO,H:\Meu Drive\01_ROTEIROS/DESCONHECIDOS
G:\Meu Drive\2026 (1)\02 - FEV - 26\25 02 - QUA\B7- TJRN BLOQUEIO 86 MIL.gdoc,SIM,DESCONHECIDO,H:\Meu Drive\01_ROTEIROS/DESCONHECIDOS
G:\Meu Drive\2026 (1)\02 - FEV - 26\25 02 - QUA\desktop.ini,NÃO,-,G:\Meu Drive\Arquivos_Pessoais_Para_Verificacao\Outros
G:\Meu Drive\2026 (1)\02 - FEV - 26\24 02 - TER\B9- MPRN UFRN SEMINÁRIO POLÍTICAS PÚBLICAS .gdoc,SIM,DESCONHECIDO,H:\Meu Drive\01_ROTEIROS/DESCONHECIDOS
G:\Meu Drive\2026 (1)\02 - FEV - 26\24 02 - TER\B2- TJRN ACOLHE APELO MP .gdoc,SIM,DESCONHECIDO,H:\Meu Drive\01_ROTEIROS/DESCONHECIDOS
G:\Meu Drive\2026 (1)\02 - FEV - 26\24 02 - TER\B10- ESMARN ATUALIZAÇÃO SITE.gdoc,SIM,DESCONHECIDO,H:\Meu Drive\01_ROTEIROS/DESCONHECIDOS
G:\Meu Drive\2026 (1)\02 - FEV - 26\24 02 - TER\B4- TJRN IMOBILIÁRIA CONDENADA .gdoc,SIM,DESCONHECIDO,H:\Meu Drive\01_ROTEIROS/DESCONHECIDOS
G:\Meu Drive\2026 (1)\02 - FEV - 26\24 02 - TER\B6- VARA FAMILIA ESTÁGIO .gdoc,SIM,DESCONHECIDO,H:\Meu Drive\01_ROTEIROS/DESCONHECIDOS
G:\Meu Drive\2026 (1)\02 - FEV - 26\24 02 - TER\B3- TJRN MANTÉM DECISÃO NOMEAÇÃO  .gdoc,SIM,DESCONHECIDO,H:\Meu Drive\01_ROTEIROS/DESCONHECIDOS
G:\Meu Drive\2026 (1)\02 - FEV - 26\24 02 - TER\B8- CNJ PRAZO ENVIO CONTRIBUIÇÕES.gdoc,SIM,DESCONHECIDO,H:\Meu Drive\01_ROTEIROS/DESCONHECIDOS
G:\Meu Drive\2026 (1)\02 - FEV - 26\24 02 - TER\B5- TJRN PARTICIPAÇÃO EMPRESA SAÚDE.gdoc,SIM,DESCONHECIDO,H:\Meu Drive\01_ROTEIROS/DESCONHECIDOS
G:\Meu Drive\2026 (1)\02 - FEV - 26\24 02 - TER\B1- TJRN SÃO JOSÉ PROCESSO SELETIVO .gdoc,SIM,DESCONHECIDO,H:\Meu Drive\01_ROTEIROS/DESCONHECIDOS
G:\Meu Drive\2026 (1)\02 - FEV - 26\24 02 - TER\B7- ESMARN CURSO PLANILHAS ELETRÔNICAS .gdoc,SIM,DESCONHECIDO,H:\Meu Drive\01_ROTEIROS/DESCONHECIDOS
G:\Meu Drive\2026 (1)\02 - FEV - 26\24 02 - TER\desktop.ini,NÃO,-,G:\Meu Drive\Arquivos_Pessoais_Para_Verificacao\Outros
G:\Meu Drive\2026 (1)\02 - FEV - 26\06 02 - SEX\B10- TJRN EMPRESA TRANSPORTE CONDENADA.gdoc,SIM,DESCONHECIDO,H:\Meu Drive\01_ROTEIROS/DESCONHECIDOS
G:\Meu Drive\2026 (1)\02 - FEV - 26\06 02 - SEX\B8- TJRN RECONHECE DESVIO FUNÇÃO .gdoc,SIM,DESCONHECIDO,H:\Meu Drive\01_ROTEIROS/DESCONHECIDOS
G:\Meu Drive\2026 (1)\02 - FEV - 26\06 02 - SEX\B7- TJRN IDOSA CAPITALIZAÇÃO .gdoc,SIM,DESCONHECIDO,H:\Meu Drive\01_ROTEIROS/DESCONHECIDOS
G:\Meu Drive\2026 (1)\02 - FEV - 26\06 02 - SEX\B3- DPERN CRIAÇÃO CARGOS APOIO ESCOLAR .gdoc,SIM,DESCONHECIDO,H:\Meu Drive\01_ROTEIROS/DESCONHECIDOS
G:\Meu Drive\2026 (1)\02 - FEV - 26\06 02 - SEX\B6- ESMARN CURSO INTELIGÊNCIA ARTIFICIAL .gdoc,SIM,DESCONHECIDO,H:\Meu Drive\01_ROTEIROS/DESCONHECIDOS
G:\Meu Drive\2026 (1)\02 - FEV - 26\06 02 - SEX\B5- CNJ INSCRIÇÕES CIENCIAS DE DADOS .gdoc,SIM,DESCONHECIDO,H:\Meu Drive\01_ROTEIROS/DESCONHECIDOS
G:\Meu Drive\2026 (1)\02 - FEV - 26\06 02 - SEX\B9- TJRN CUSTO OBRAS ACESSIBILIDADE.gdoc,SIM,DESCONHECIDO,H:\Meu Drive\01_ROTEIROS/DESCONHECIDOS
G:\Meu Drive\2026 (1)\02 - FEV - 26\06 02 - SEX\B2- ALRN ABRE TRABALHOS LEGISLATIVO .gdoc,SIM,DESCONHECIDO,H:\Meu Drive\01_ROTEIROS/DESCONHECIDOS
G:\Meu Drive\2026 (1)\02 - FEV - 26\06 02 - SEX\B4- TRT RN DOA VEÍCULOS INSTITUTO CEGOS.gdoc,SIM,DESCONHECIDO,H:\Meu Drive\01_ROTEIROS/DESCONHECIDOS
G:\Meu Drive\2026 (1)\02 - FEV - 26\06 02 - SEX\B1- MPRN CONDENAÇÃO EMPRESÁRIOS .gdoc,SIM,DESCONHECIDO,H:\Meu Drive\01_ROTEIROS/DESCONHECIDOS
G:\Meu Drive\2026 (1)\02 - FEV - 26\06 02 - SEX\desktop.ini,NÃO,-,G:\Meu Drive\Arquivos_Pessoais_Para_Verificacao\Outros
G:\Meu Drive\2026 (1)\02 - FEV - 26\02 02 - SEG\B8- TJRN INCONSTITUCIONALIDADE LEI ENEM .gdoc,SIM,DESCONHECIDO,H:\Meu Drive\01_ROTEIROS/DESCONHECIDOS
G:\Meu Drive\2026 (1)\02 - FEV - 26\02 02 - SEG\B3- TJRN AÇÕES PENITENCIÁRIA ALCAÇUZ .gdoc,SIM,DESCONHECIDO,H:\Meu Drive\01_ROTEIROS/DESCONHECIDOS
G:\Meu Drive\2026 (1)\02 - FEV - 26\02 02 - SEG\B1- TJRN AÇÃO IMPROBIDADE SERVIDOR DETRAN.gdoc,SIM,DESCONHECIDO,H:\Meu Drive\01_ROTEIROS/DESCONHECIDOS
G:\Meu Drive\2026 (1)\02 - FEV - 26\02 02 - SEG\B9- TRT RN DESCARACTERIZA TRABALHO INTERMITENTE.gdoc,SIM,DESCONHECIDO,H:\Meu Drive\01_ROTEIROS/DESCONHECIDOS
G:\Meu Drive\2026 (1)\02 - FEV - 26\02 02 - SEG\B2- TJRN CRESCIMENTO CAMARA CRIMINAL .gdoc,SIM,DESCONHECIDO,H:\Meu Drive\01_ROTEIROS/DESCONHECIDOS
G:\Meu Drive\2026 (1)\02 - FEV - 26\02 02 - SEG\B10- DPERN PRAZO INSCRIÇÕES SUSTENTABILIDADE.gdoc,SIM,DESCONHECIDO,H:\Meu Drive\01_ROTEIROS/DESCONHECIDOS
G:\Meu Drive\2026 (1)\02 - FEV - 26\02 02 - SEG\B7- TJRN ANULA PREGÃO CONSÓRCIO .gdoc,SIM,DESCONHECIDO,H:\Meu Drive\01_ROTEIROS/DESCONHECIDOS
G:\Meu Drive\2026 (1)\02 - FEV - 26\02 02 - SEG\B4- TJRN FABRICANTE REDE FARMACIA .gdoc,SIM,DESCONHECIDO,H:\Meu Drive\01_ROTEIROS/DESCONHECIDOS
G:\Meu Drive\2026 (1)\02 - FEV - 26\02 02 - SEG\B5- TJRN ESTÁGIO GRUPO METAS.gdoc,SIM,DESCONHECIDO,H:\Meu Drive\01_ROTEIROS/DESCONHECIDOS
G:\Meu Drive\2026 (1)\02 - FEV - 26\02 02 - SEG\B6- TJRN CONDENA HOMEM MAUS-TRATOS.gdoc,SIM,DESCONHECIDO,H:\Meu Drive\01_ROTEIROS/DESCONHECIDOS
G:\Meu Drive\2026 (1)\02 - FEV - 26\02 02 - SEG\desktop.ini,NÃO,-,G:\Meu Drive\Arquivos_Pessoais_Para_Verificacao\Outros
G:\Meu Drive\2026 (1)\02 - FEV - 26\19 02 - QUI\B6- REATIVAÇÃO CONTA MOTORISTA.gdoc,SIM,DESCONHECIDO,H:\Meu Drive\01_ROTEIROS/DESCONHECIDOS
G:\Meu Drive\2026 (1)\02 - FEV - 26\19 02 - QUI\B4- ACIDENTE PARTICIPANTE PROJETO SOCIAL.gdoc,SIM,DESCONHECIDO,H:\Meu Drive\01_ROTEIROS/DESCONHECIDOS
G:\Meu Drive\2026 (1)\02 - FEV - 26\19 02 - QUI\B9- VISITA TÉCNICA COMISSÃO FUNDIÁRIA.gdoc,SIM,DESCONHECIDO,H:\Meu Drive\01_ROTEIROS/DESCONHECIDOS
G:\Meu Drive\2026 (1)\02 - FEV - 26\19 02 - QUI\B2- TJRN SESSÃO ORDINÁRIA CANCELADA.gdoc,SIM,DESCONHECIDO,H:\Meu Drive\01_ROTEIROS/DESCONHECIDOS
G:\Meu Drive\2026 (1)\02 - FEV - 26\19 02 - QUI\B3- CONDENAÇÃO CANCELAMENTO RESERVA VIAGEM.gdoc,SIM,DESCONHECIDO,H:\Meu Drive\01_ROTEIROS/DESCONHECIDOS
G:\Meu Drive\2026 (1)\02 - FEV - 26\19 02 - QUI\B8- CONDENAÇÃO ROUBO COM ARMA.gdoc,SIM,DESCONHECIDO,H:\Meu Drive\01_ROTEIROS/DESCONHECIDOS
G:\Meu Drive\2026 (1)\02 - FEV - 26\19 02 - QUI\B5- JÚRI POPULAR TENTATIVA HOMICÍDIO.gdoc,SIM,DESCONHECIDO,H:\Meu Drive\01_ROTEIROS/DESCONHECIDOS
G:\Meu Drive\2026 (1)\02 - FEV - 26\19 02 - QUI\B7- IMPROBIDADE GUAMARÉ.gdoc,SIM,DESCONHECIDO,H:\Meu Drive\01_ROTEIROS/DESCONHECIDOS
G:\Meu Drive\2026 (1)\02 - FEV - 26\19 02 - QUI\B1- TJRN PLANO SAÚDE VALOR .gdoc,SIM,DESCONHECIDO,H:\Meu Drive\01_ROTEIROS/DESCONHECIDOS
G:\Meu Drive\2026 (1)\02 - FEV - 26\19 02 - QUI\B10- INDENIZAÇÃO CANCELAMENTO VOO.gdoc,SIM,DESCONHECIDO,H:\Meu Drive\01_ROTEIROS/DESCONHECIDOS
G:\Meu Drive\2026 (1)\02 - FEV - 26\19 02 - QUI\desktop.ini,NÃO,-,G:\Meu Drive\Arquivos_Pessoais_Para_Verificacao\Outros
G:\Meu Drive\2026 (1)\02 - FEV - 26\05 02 - QUI\B9 - SESSÃO EXTRAORDINÁRIA PRIMEIRA CÂMARA CÍVEL.gdoc,SIM,DESCONHECIDO,H:\Meu Drive\01_ROTEIROS/DESCONHECIDOS
G:\Meu Drive\2026 (1)\02 - FEV - 26\05 02 - QUI\B10 - AÇÃO NACIONAL CONTRA FEMINICÍDIO.gdoc,SIM,DESCONHECIDO,H:\Meu Drive\01_ROTEIROS/DESCONHECIDOS
G:\Meu Drive\2026 (1)\02 - FEV - 26\05 02 - QUI\B8- OAB RN ALERTA GOLPE EXAME ORDEM.gdoc,SIM,DESCONHECIDO,H:\Meu Drive\01_ROTEIROS/DESCONHECIDOS
G:\Meu Drive\2026 (1)\02 - FEV - 26\05 02 - QUI\B7- TRT RN BANCO DANOS MORAIS ADOECIMENTO MENTAL.gdoc,SIM,DESCONHECIDO,H:\Meu Drive\01_ROTEIROS/DESCONHECIDOS
G:\Meu Drive\2026 (1)\02 - FEV - 26\05 02 - QUI\B4- TJRN HOMEM CONDENADO ROUBO .gdoc,SIM,DESCONHECIDO,H:\Meu Drive\01_ROTEIROS/DESCONHECIDOS
G:\Meu Drive\2026 (1)\02 - FEV - 26\05 02 - QUI\B6- TJRN CONDENA BANCO DIGITAL .gdoc,SIM,DESCONHECIDO,H:\Meu Drive\01_ROTEIROS/DESCONHECIDOS
G:\Meu Drive\2026 (1)\02 - FEV - 26\05 02 - QUI\B1- TJRN INSTALAÇÃO MEDIDORES ENERGIA.gdoc,SIM,DESCONHECIDO,H:\Meu Drive\01_ROTEIROS/DESCONHECIDOS
G:\Meu Drive\2026 (1)\02 - FEV - 26\05 02 - QUI\B3- TJRN CONDENA EX-ASSESSORA IMPROBIDADE.gdoc,SIM,DESCONHECIDO,H:\Meu Drive\01_ROTEIROS/DESCONHECIDOS
G:\Meu Drive\2026 (1)\02 - FEV - 26\05 02 - QUI\B2- TJRN MORADOR MOSSORÓ TRATAMENTO MÉDICO .gdoc,SIM,DESCONHECIDO,H:\Meu Drive\01_ROTEIROS/DESCONHECIDOS
G:\Meu Drive\2026 (1)\02 - FEV - 26\05 02 - QUI\B5- TJRN REDE SOCIAL CONTA PERFIL.gdoc,SIM,DESCONHECIDO,H:\Meu Drive\01_ROTEIROS/DESCONHECIDOS
G:\Meu Drive\2026 (1)\02 - FEV - 26\05 02 - QUI\desktop.ini,NÃO,-,G:\Meu Drive\Arquivos_Pessoais_Para_Verificacao\Outros
G:\Meu Drive\2026 (1)\02 - FEV - 26\20 02 - SEX\B2- TJRN HOMEM AGREDIU COLEGA TIJOLO.gdoc,SIM,DESCONHECIDO,H:\Meu Drive\01_ROTEIROS/DESCONHECIDOS
G:\Meu Drive\2026 (1)\02 - FEV - 26\20 02 - SEX\B3- TJRN RECONHECE DIREITO ISENÇÃO IPVA.gdoc,SIM,DESCONHECIDO,H:\Meu Drive\01_ROTEIROS/DESCONHECIDOS
G:\Meu Drive\2026 (1)\02 - FEV - 26\20 02 - SEX\B8- DPERN NUCLEO MACAÍBA PROCESSO SELETIVO .gdoc,SIM,DESCONHECIDO,H:\Meu Drive\01_ROTEIROS/DESCONHECIDOS
G:\Meu Drive\2026 (1)\02 - FEV - 26\20 02 - SEX\B10- MPRN CAPACITAÇÃO PROMOÇÃO GESTÃO MUNICIPAL .gdoc,SIM,DESCONHECIDO,H:\Meu Drive\01_ROTEIROS/DESCONHECIDOS
G:\Meu Drive\2026 (1)\02 - FEV - 26\20 02 - SEX\B4- TJRN MANTIDO JÚRI ACUSADO TRÊS HOMICÍDIOS .gdoc,SIM,DESCONHECIDO,H:\Meu Drive\01_ROTEIROS/DESCONHECIDOS
G:\Meu Drive\2026 (1)\02 - FEV - 26\20 02 - SEX\B5- TJRN PREFEITO CIDADE CONDENADO .gdoc,SIM,DESCONHECIDO,H:\Meu Drive\01_ROTEIROS/DESCONHECIDOS
G:\Meu Drive\2026 (1)\02 - FEV - 26\20 02 - SEX\B1- TJRN EMPRESAS EVENTOS CONDENADAS .gdoc,SIM,DESCONHECIDO,H:\Meu Drive\01_ROTEIROS/DESCONHECIDOS
G:\Meu Drive\2026 (1)\02 - FEV - 26\20 02 - SEX\B7- DPERN DECISÃO PROFISSIONAL APOIO.gdoc,SIM,DESCONHECIDO,H:\Meu Drive\01_ROTEIROS/DESCONHECIDOS
G:\Meu Drive\2026 (1)\02 - FEV - 26\20 02 - SEX\B9- TRT RN REVERTIDA DEMISSÃO JUSTA CAUSA.gdoc,SIM,DESCONHECIDO,H:\Meu Drive\01_ROTEIROS/DESCONHECIDOS
G:\Meu Drive\2026 (1)\02 - FEV - 26\20 02 - SEX\B6- TJRN SANTA MARIA AREA LIXÃO .gdoc,SIM,DESCONHECIDO,H:\Meu Drive\01_ROTEIROS/DESCONHECIDOS
G:\Meu Drive\2026 (1)\02 - FEV - 26\20 02 - SEX\desktop.ini,NÃO,-,G:\Meu Drive\Arquivos_Pessoais_Para_Verificacao\Outros
G:\Meu Drive\2026 (1)\02 - FEV - 26\26 02 - QUI\B3- TJRN REDE SOCIAL DEVE EXCLUIR.gdoc,SIM,DESCONHECIDO,H:\Meu Drive\01_ROTEIROS/DESCONHECIDOS
G:\Meu Drive\2026 (1)\02 - FEV - 26\26 02 - QUI\B8 - CARTILHA JULGAMENTO PERSPECTIVA DE GÊNERO.gdoc,SIM,DESCONHECIDO,H:\Meu Drive\01_ROTEIROS/DESCONHECIDOS
G:\Meu Drive\2026 (1)\02 - FEV - 26\26 02 - QUI\B10 - INDENIZAÇÃO PATINETE ELÉTRICO .gdoc,SIM,DESCONHECIDO,H:\Meu Drive\01_ROTEIROS/DESCONHECIDOS
G:\Meu Drive\2026 (1)\02 - FEV - 26\26 02 - QUI\B2- TJRN MANTIDA SENTENÇA APLICADA .gdoc,SIM,DESCONHECIDO,H:\Meu Drive\01_ROTEIROS/DESCONHECIDOS
G:\Meu Drive\2026 (1)\02 - FEV - 26\26 02 - QUI\B4- TJRN PEDIDO PENSÃO PROVISÓRIA .gdoc,SIM,DESCONHECIDO,H:\Meu Drive\01_ROTEIROS/DESCONHECIDOS
G:\Meu Drive\2026 (1)\02 - FEV - 26\26 02 - QUI\B9 - MEDICAMENTO ANEMIA FALCIFORME.gdoc,SIM,DESCONHECIDO,H:\Meu Drive\01_ROTEIROS/DESCONHECIDOS
G:\Meu Drive\2026 (1)\02 - FEV - 26\26 02 - QUI\B1- TJRN ESTADO REALIZE PROCEDIMENTO MÉDICO .gdoc,SIM,DESCONHECIDO,H:\Meu Drive\01_ROTEIROS/DESCONHECIDOS
G:\Meu Drive\2026 (1)\02 - FEV - 26\26 02 - QUI\B5 - DANOS MORAIS VENDA VEÍCULO.gdoc,SIM,DESCONHECIDO,H:\Meu Drive\01_ROTEIROS/DESCONHECIDOS
G:\Meu Drive\2026 (1)\02 - FEV - 26\26 02 - QUI\B7 - MEDIDA PROTETIVA RELAÇÃO HOMOAFETIVA.gdoc,SIM,DESCONHECIDO,H:\Meu Drive\01_ROTEIROS/DESCONHECIDOS
G:\Meu Drive\2026 (1)\02 - FEV - 26\26 02 - QUI\B6 - SESSÃO HÍBRIDA CRIMINAL 2-03.gdoc,SIM,DESCONHECIDO,H:\Meu Drive\01_ROTEIROS/DESCONHECIDOS
G:\Meu Drive\2026 (1)\02 - FEV - 26\26 02 - QUI\desktop.ini,NÃO,-,G:\Meu Drive\Arquivos_Pessoais_Para_Verificacao\Outros
G:\Meu Drive\2026 (1)\02 - FEV - 26\10 02 - TER\B7- TJRN ALERTA SOBRE SMS FALSO.gdoc,SIM,DESCONHECIDO,H:\Meu Drive\01_ROTEIROS/DESCONHECIDOS
G:\Meu Drive\2026 (1)\02 - FEV - 26\10 02 - TER\B4- TJRN REALIZA MUTIRÃO .gdoc,SIM,DESCONHECIDO,H:\Meu Drive\01_ROTEIROS/DESCONHECIDOS
G:\Meu Drive\2026 (1)\02 - FEV - 26\10 02 - TER\B1- TJRN CONDENA MUNICIPIO ALUGUEIS ATRASADOS .gdoc,SIM,DESCONHECIDO,H:\Meu Drive\01_ROTEIROS/DESCONHECIDOS
G:\Meu Drive\2026 (1)\02 - FEV - 26\10 02 - TER\B5- TJRN COMARCA PORTALEGRE INSCRIÇÕES .gdoc,SIM,DESCONHECIDO,H:\Meu Drive\01_ROTEIROS/DESCONHECIDOS
G:\Meu Drive\2026 (1)\02 - FEV - 26\10 02 - TER\B8- OAB RN CENSO DIFICULDADES JOVENS BRASIL.gdoc,SIM,DESCONHECIDO,H:\Meu Drive\01_ROTEIROS/DESCONHECIDOS
G:\Meu Drive\2026 (1)\02 - FEV - 26\10 02 - TER\B3- TJRN CONSUMIDORA INDENIZADA INADIMPLENTES .gdoc,SIM,DESCONHECIDO,H:\Meu Drive\01_ROTEIROS/DESCONHECIDOS
G:\Meu Drive\2026 (1)\02 - FEV - 26\10 02 - TER\B2- TJRN RISCO DESABAMENTO MURO NATAL.gdoc,SIM,DESCONHECIDO,H:\Meu Drive\01_ROTEIROS/DESCONHECIDOS
G:\Meu Drive\2026 (1)\02 - FEV - 26\10 02 - TER\B9- TRT RN JUSTIÇA RESTAURATIVA.gdoc,SIM,DESCONHECIDO,H:\Meu Drive\01_ROTEIROS/DESCONHECIDOS
G:\Meu Drive\2026 (1)\02 - FEV - 26\10 02 - TER\B6- TJRN ORIENTA PARTICIPAÇÃO CRIANÇAS .gdoc,SIM,DESCONHECIDO,H:\Meu Drive\01_ROTEIROS/DESCONHECIDOS
G:\Meu Drive\2026 (1)\02 - FEV - 26\10 02 - TER\B10- DPERN DECISÃO FAVORÁVEL PRESO CONDENAÇÃO .gdoc,SIM,DESCONHECIDO,H:\Meu Drive\01_ROTEIROS/DESCONHECIDOS
G:\Meu Drive\2026 (1)\02 - FEV - 26\10 02 - TER\desktop.ini,NÃO,-,G:\Meu Drive\Arquivos_Pessoais_Para_Verificacao\Outros
G:\Meu Drive\2026 (1)\02 - FEV - 26\11 02- QUA\B9- ALRN GOVERNADORA LEITURA ANUAL  .gdoc,SIM,DESCONHECIDO,H:\Meu Drive\01_ROTEIROS/DESCONHECIDOS
G:\Meu Drive\2026 (1)\02 - FEV - 26\11 02- QUA\B2- TJRN MANTIDA PENA ACUSADO.gdoc,SIM,DESCONHECIDO,H:\Meu Drive\01_ROTEIROS/DESCONHECIDOS
G:\Meu Drive\2026 (1)\02 - FEV - 26\11 02- QUA\B6- TJRN DETERMINA EXCLUSÃO CONTAS FALSAS.gdoc,SIM,DESCONHECIDO,H:\Meu Drive\01_ROTEIROS/DESCONHECIDOS
G:\Meu Drive\2026 (1)\02 - FEV - 26\11 02- QUA\B7- TJRN DEFINIDAS REGRAS AREIA BRANCA .gdoc,SIM,DESCONHECIDO,H:\Meu Drive\01_ROTEIROS/DESCONHECIDOS
G:\Meu Drive\2026 (1)\02 - FEV - 26\11 02- QUA\B8- MPRN CRIAÇÃO PROTOCOLO UNIDADES SOCIOEDUCATIVAS.gdoc,SIM,DESCONHECIDO,H:\Meu Drive\01_ROTEIROS/DESCONHECIDOS
G:\Meu Drive\2026 (1)\02 - FEV - 26\11 02- QUA\B5- TJRN SEGURADORA CONDENADA INDENIZAÇÃO .gdoc,SIM,DESCONHECIDO,H:\Meu Drive\01_ROTEIROS/DESCONHECIDOS
G:\Meu Drive\2026 (1)\02 - FEV - 26\11 02- QUA\B10- TRT RN CONCLUI EXPEDIÇÃO PRECATÓRIOS .gdoc,SIM,DESCONHECIDO,H:\Meu Drive\01_ROTEIROS/DESCONHECIDOS
G:\Meu Drive\2026 (1)\02 - FEV - 26\11 02- QUA\B3- TJRN PLANO SAÚDE MEDICAMENTOS.gdoc,SIM,DESCONHECIDO,H:\Meu Drive\01_ROTEIROS/DESCONHECIDOS
G:\Meu Drive\2026 (1)\02 - FEV - 26\11 02- QUA\B1- TJRN REFORMA SENTENÇA PLATAFORMA.gdoc,SIM,DESCONHECIDO,H:\Meu Drive\01_ROTEIROS/DESCONHECIDOS
G:\Meu Drive\2026 (1)\02 - FEV - 26\11 02- QUA\B4- TJRN ALMINO AFONSO SELEÇÃO .gdoc,SIM,DESCONHECIDO,H:\Meu Drive\01_ROTEIROS/DESCONHECIDOS
G:\Meu Drive\2026 (1)\02 - FEV - 26\11 02- QUA\desktop.ini,NÃO,-,G:\Meu Drive\Arquivos_Pessoais_Para_Verificacao\Outros
G:\Meu Drive\2026 (1)\02 - FEV - 26\03 02 - TER\B3- VARA CRIMINAL ESTÁGIO .gdoc,SIM,DESCONHECIDO,H:\Meu Drive\01_ROTEIROS/DESCONHECIDOS
G:\Meu Drive\2026 (1)\02 - FEV - 26\03 02 - TER\B9- TJRN COMARCA SÃO BENTO INTERINO .gdoc,SIM,DESCONHECIDO,H:\Meu Drive\01_ROTEIROS/DESCONHECIDOS
G:\Meu Drive\2026 (1)\02 - FEV - 26\03 02 - TER\B2- TJRN IA ROTINAS PRESTAÇÃO JURISDICIONAL.gdoc,SIM,DESCONHECIDO,H:\Meu Drive\01_ROTEIROS/DESCONHECIDOS
G:\Meu Drive\2026 (1)\02 - FEV - 26\03 02 - TER\B4- TJRN COMARCA EXTREMOZ DEMANDAS JUDICIAIS .gdoc,SIM,DESCONHECIDO,H:\Meu Drive\01_ROTEIROS/DESCONHECIDOS
G:\Meu Drive\2026 (1)\02 - FEV - 26\03 02 - TER\B6- TJRN PASSAGEIRO INDENIZADO .gdoc,SIM,DESCONHECIDO,H:\Meu Drive\01_ROTEIROS/DESCONHECIDOS
G:\Meu Drive\2026 (1)\02 - FEV - 26\03 02 - TER\B1- TJRN SUSPENDE LICITAÇÃO CANGUARETAMA .gdoc,SIM,DESCONHECIDO,H:\Meu Drive\01_ROTEIROS/DESCONHECIDOS
G:\Meu Drive\2026 (1)\02 - FEV - 26\03 02 - TER\B7- TJRN MANTÉM INDEFERIMENTO TRAILER MOSSORÓ .gdoc,SIM,DESCONHECIDO,H:\Meu Drive\01_ROTEIROS/DESCONHECIDOS
G:\Meu Drive\2026 (1)\02 - FEV - 26\03 02 - TER\B10- TJRN REDE SOCIAL CONDENADA .gdoc,SIM,DESCONHECIDO,H:\Meu Drive\01_ROTEIROS/DESCONHECIDOS
G:\Meu Drive\2026 (1)\02 - FEV - 26\03 02 - TER\B5- TRE RN CANAL RECEBIMENTO DENÚNCIAS .gdoc,SIM,DESCONHECIDO,H:\Meu Drive\01_ROTEIROS/DESCONHECIDOS
G:\Meu Drive\2026 (1)\02 - FEV - 26\03 02 - TER\B8- TJRN OPERADORA SAÚDE TRATAMENTO AUTISMO .gdoc,SIM,DESCONHECIDO,H:\Meu Drive\01_ROTEIROS/DESCONHECIDOS
G:\Meu Drive\2026 (1)\02 - FEV - 26\03 02 - TER\desktop.ini,NÃO,-,G:\Meu Drive\Arquivos_Pessoais_Para_Verificacao\Outros
G:\Meu Drive\2026 (1)\02 - FEV - 26\23 02 - SEG\B2- TJRN MULHER CONDENADA DETENÇÃO .gdoc,SIM,DESCONHECIDO,H:\Meu Drive\01_ROTEIROS/DESCONHECIDOS
G:\Meu Drive\2026 (1)\02 - FEV - 26\23 02 - SEG\B1- TJRN LAUDO MÉDICO ASSISTENTE.gdoc,SIM,DESCONHECIDO,H:\Meu Drive\01_ROTEIROS/DESCONHECIDOS
G:\Meu Drive\2026 (1)\02 - FEV - 26\23 02 - SEG\B3- TJRN PLANO SAÚDE CUSTEAR TRATAMENTO.gdoc,SIM,DESCONHECIDO,H:\Meu Drive\01_ROTEIROS/DESCONHECIDOS
G:\Meu Drive\2026 (1)\02 - FEV - 26\23 02 - SEG\B4- TJRN SEMANA MULHER 2026.gdoc,SIM,DESCONHECIDO,H:\Meu Drive\01_ROTEIROS/DESCONHECIDOS
G:\Meu Drive\2026 (1)\02 - FEV - 26\23 02 - SEG\B5- ESTÁGIO CEJUSC CURRAIS NOVOS.gdoc,SIM,DESCONHECIDO,H:\Meu Drive\01_ROTEIROS/DESCONHECIDOS
G:\Meu Drive\2026 (1)\02 - FEV - 26\23 02 - SEG\B8- COSERN DANOS MORAIS.gdoc,SIM,DESCONHECIDO,H:\Meu Drive\01_ROTEIROS/DESCONHECIDOS
G:\Meu Drive\2026 (1)\02 - FEV - 26\23 02 - SEG\B10- CONDENAÇÃO FALSO TERAPEUTA.gdoc,SIM,DESCONHECIDO,H:\Meu Drive\01_ROTEIROS/DESCONHECIDOS
G:\Meu Drive\2026 (1)\02 - FEV - 26\23 02 - SEG\B6- FORNECIMENTO ENERGIA ESCOLAS.gdoc,SIM,DESCONHECIDO,H:\Meu Drive\01_ROTEIROS/DESCONHECIDOS
G:\Meu Drive\2026 (1)\02 - FEV - 26\23 02 - SEG\B7- DANOS MORAIS ATRASO VOO.gdoc,SIM,DESCONHECIDO,H:\Meu Drive\01_ROTEIROS/DESCONHECIDOS
G:\Meu Drive\2026 (1)\02 - FEV - 26\23 02 - SEG\B9- INDENIZAÇÃO FALHAS PANO SAÚDE.gdoc,SIM,DESCONHECIDO,H:\Meu Drive\01_ROTEIROS/DESCONHECIDOS
G:\Meu Drive\2026 (1)\02 - FEV - 26\23 02 - SEG\desktop.ini,NÃO,-,G:\Meu Drive\Arquivos_Pessoais_Para_Verificacao\Outros
G:\Meu Drive\2026 (1)\02 - FEV - 26\13 02 - SEX\B9- TJRN REGRAS PARTICIPAÇÃO CRIANÇAS .gdoc,SIM,DESCONHECIDO,H:\Meu Drive\01_ROTEIROS/DESCONHECIDOS
G:\Meu Drive\2026 (1)\02 - FEV - 26\13 02 - SEX\B2- TJRN COMARCA ALEXANDRIA SELEÇÃO INTERINOS.gdoc,SIM,DESCONHECIDO,H:\Meu Drive\01_ROTEIROS/DESCONHECIDOS
G:\Meu Drive\2026 (1)\02 - FEV - 26\13 02 - SEX\B6 - EXAMES RESSONÂNCIA TÓRAX.gdoc,SIM,DESCONHECIDO,H:\Meu Drive\01_ROTEIROS/DESCONHECIDOS
G:\Meu Drive\2026 (1)\02 - FEV - 26\13 02 - SEX\B10- TJRN ACUSADOS INTEGRAR FACÇÃO .gdoc,SIM,DESCONHECIDO,H:\Meu Drive\01_ROTEIROS/DESCONHECIDOS
G:\Meu Drive\2026 (1)\02 - FEV - 26\13 02 - SEX\B3- TJRN CEARÁ-MIRIM SUSPENDE EXPEDIENTE .gdoc,SIM,DESCONHECIDO,H:\Meu Drive\01_ROTEIROS/DESCONHECIDOS
G:\Meu Drive\2026 (1)\02 - FEV - 26\13 02 - SEX\B8- TJRN BRINQUE DIREITO CAMPANHA .gdoc,SIM,DESCONHECIDO,H:\Meu Drive\01_ROTEIROS/DESCONHECIDOS
G:\Meu Drive\2026 (1)\02 - FEV - 26\13 02 - SEX\B5 - CANCELADA SESSÃO 3ª CÂMARA CÍVEL.gdoc,SIM,DESCONHECIDO,H:\Meu Drive\01_ROTEIROS/DESCONHECIDOS
G:\Meu Drive\2026 (1)\02 - FEV - 26\13 02 - SEX\B1- TJRN CARRO DEFEITO APÓS COMPRA .gdoc,SIM,DESCONHECIDO,H:\Meu Drive\01_ROTEIROS/DESCONHECIDOS
G:\Meu Drive\2026 (1)\02 - FEV - 26\13 02 - SEX\B7 - CONTRATO VERBAL IMÓVEL.gdoc,SIM,DESCONHECIDO,H:\Meu Drive\01_ROTEIROS/DESCONHECIDOS
G:\Meu Drive\2026 (1)\02 - FEV - 26\13 02 - SEX\B4- TJRN JUIZ TOMA POSSE .gdoc,SIM,DESCONHECIDO,H:\Meu Drive\01_ROTEIROS/DESCONHECIDOS
G:\Meu Drive\2026 (1)\02 - FEV - 26\13 02 - SEX\desktop.ini,NÃO,-,G:\Meu Drive\Arquivos_Pessoais_Para_Verificacao\Outros
G:\Meu Drive\2026 (1)\02 - FEV - 26\12 02 - QUI\B10- ESMARN DIVULGADO PROJETOS DINTER.gdoc,SIM,DESCONHECIDO,H:\Meu Drive\01_ROTEIROS/DESCONHECIDOS
G:\Meu Drive\2026 (1)\02 - FEV - 26\12 02 - QUI\B2- TJRN CÂMARAS PRODUTIVIDADE.gdoc,SIM,DESCONHECIDO,H:\Meu Drive\01_ROTEIROS/DESCONHECIDOS
G:\Meu Drive\2026 (1)\02 - FEV - 26\12 02 - QUI\B9- TRT-RN INAUGURA SALA CLIMATIZADAS.gdoc,SIM,DESCONHECIDO,H:\Meu Drive\01_ROTEIROS/DESCONHECIDOS
G:\Meu Drive\2026 (1)\02 - FEV - 26\12 02 - QUI\B4- TJRN PLANO COMPROVAR MENSALIDADE.gdoc,SIM,DESCONHECIDO,H:\Meu Drive\01_ROTEIROS/DESCONHECIDOS
G:\Meu Drive\2026 (1)\02 - FEV - 26\12 02 - QUI\B8- MPRN RESTRIÇÃO RECIPIENTES VIDRO .gdoc,SIM,DESCONHECIDO,H:\Meu Drive\01_ROTEIROS/DESCONHECIDOS
G:\Meu Drive\2026 (1)\02 - FEV - 26\12 02 - QUI\B6- TJRN ACUSADA ESTELIONATOS .gdoc,SIM,DESCONHECIDO,H:\Meu Drive\01_ROTEIROS/DESCONHECIDOS
G:\Meu Drive\2026 (1)\02 - FEV - 26\12 02 - QUI\B1- TJRN RECOMENDAÇÃO CNJ.gdoc,SIM,DESCONHECIDO,H:\Meu Drive\01_ROTEIROS/DESCONHECIDOS
G:\Meu Drive\2026 (1)\02 - FEV - 26\12 02 - QUI\B7- TJRN JUSTIÇA CONDENA IDOSO MAUS-TRATOS.gdoc,SIM,DESCONHECIDO,H:\Meu Drive\01_ROTEIROS/DESCONHECIDOS
G:\Meu Drive\2026 (1)\02 - FEV - 26\12 02 - QUI\B5- TJRN DECISÃO DEFINE INCIDÊNCIA JUROS .gdoc,SIM,DESCONHECIDO,H:\Meu Drive\01_ROTEIROS/DESCONHECIDOS
G:\Meu Drive\2026 (1)\02 - FEV - 26\12 02 - QUI\B3- TJRN PLANO SAÚDE TRATAMENTO CRIANÇA .gdoc,SIM,DESCONHECIDO,H:\Meu Drive\01_ROTEIROS/DESCONHECIDOS
G:\Meu Drive\2026 (1)\02 - FEV - 26\12 02 - QUI\desktop.ini,NÃO,-,G:\Meu Drive\Arquivos_Pessoais_Para_Verificacao\Outros
G:\Meu Drive\2026 (1)\02 - FEV - 26\09 02 - SEG\B1- TJRN BALANÇO AÇÕES EXECUTADAS.gdoc,SIM,DESCONHECIDO,H:\Meu Drive\01_ROTEIROS/DESCONHECIDOS
G:\Meu Drive\2026 (1)\02 - FEV - 26\09 02 - SEG\B3 - REGULARIZAÇÃO CUSTAS JUDICIAIS.gdoc,SIM,DESCONHECIDO,H:\Meu Drive\01_ROTEIROS/DESCONHECIDOS
G:\Meu Drive\2026 (1)\02 - FEV - 26\09 02 - SEG\B7 - ESTÁGIO-PÓS MOSSORÓ DIREITO.gdoc,SIM,DESCONHECIDO,H:\Meu Drive\01_ROTEIROS/DESCONHECIDOS
G:\Meu Drive\2026 (1)\02 - FEV - 26\09 02 - SEG\B4 - RECUPERAÇÃO CANAL VÍDEOS.gdoc,SIM,DESCONHECIDO,H:\Meu Drive\01_ROTEIROS/DESCONHECIDOS
G:\Meu Drive\2026 (1)\02 - FEV - 26\09 02 - SEG\B9 - AUSÊNCIA ANULAÇÃO SENTENÇA.gdoc,SIM,DESCONHECIDO,H:\Meu Drive\01_ROTEIROS/DESCONHECIDOS
G:\Meu Drive\2026 (1)\02 - FEV - 26\09 02 - SEG\B2- MPRN COMBATE POLUIÇÃO SONORA .gdoc,SIM,DESCONHECIDO,H:\Meu Drive\01_ROTEIROS/DESCONHECIDOS
G:\Meu Drive\2026 (1)\02 - FEV - 26\09 02 - SEG\B10 - REMUNERAÇÃO PM CURSO FORMAÇÃO.gdoc,SIM,DESCONHECIDO,H:\Meu Drive\01_ROTEIROS/DESCONHECIDOS
G:\Meu Drive\2026 (1)\02 - FEV - 26\09 02 - SEG\B6 - COMITÊS MÊS CONSUMIDOR.gdoc,SIM,DESCONHECIDO,H:\Meu Drive\01_ROTEIROS/DESCONHECIDOS
G:\Meu Drive\2026 (1)\02 - FEV - 26\09 02 - SEG\B5 - RECUPERAÇÃO CANAL VÍDEOS.gdoc,SIM,DESCONHECIDO,H:\Meu Drive\01_ROTEIROS/DESCONHECIDOS
G:\Meu Drive\2026 (1)\02 - FEV - 26\09 02 - SEG\B8 - INDENIZAÇÃO PACIENTE DEPRESSIVO.gdoc,SIM,DESCONHECIDO,H:\Meu Drive\01_ROTEIROS/DESCONHECIDOS
G:\Meu Drive\2026 (1)\02 - FEV - 26\09 02 - SEG\desktop.ini,NÃO,-,G:\Meu Drive\Arquivos_Pessoais_Para_Verificacao\Outros
G:\Meu Drive\PROGRAMAS\PROG MENSAIS - RADIO JUST POTIGUAR - Controle produção.gsheet,NÃO,-,G:\Meu Drive\Arquivos_Pessoais_Para_Verificacao\Documentos_e_Planilhas
G:\Meu Drive\PROGRAMAS\Documento sem título.gdoc,NÃO,-,G:\Meu Drive\Arquivos_Pessoais_Para_Verificacao\Documentos_e_Planilhas
G:\Meu Drive\PROGRAMAS\PROGRAMA MEMÓRIA DA JUSTIÇA (40min)\MEMÓRIA 12 - PROCESSOS LAMPIÃO .gdoc,SIM,MEMORIA,H:\Meu Drive\01_ROTEIROS/MEMORIA
G:\Meu Drive\PROGRAMAS\PROGRAMA MEMÓRIA DA JUSTIÇA (40min)\MEMÓRIA 21 - 10 ANOS CEIJ.gdoc,SIM,MEMORIA,H:\Meu Drive\01_ROTEIROS/MEMORIA
G:\Meu Drive\PROGRAMAS\PROGRAMA MEMÓRIA DA JUSTIÇA (40min)\Lista programas memória justiça.gdoc,SIM,MEMORIA,H:\Meu Drive\01_ROTEIROS/MEMORIA
G:\Meu Drive\PROGRAMAS\PROGRAMA MEMÓRIA DA JUSTIÇA (40min)\Roteiro Programa 1.gdoc,SIM,MEMORIA,H:\Meu Drive\01_ROTEIROS/MEMORIA
G:\Meu Drive\PROGRAMAS\PROGRAMA MEMÓRIA DA JUSTIÇA (40min)\MEMÓRIA 04 - SOCORRO PINTO.gdoc,SIM,MEMORIA,H:\Meu Drive\01_ROTEIROS/MEMORIA
G:\Meu Drive\PROGRAMAS\PROGRAMA MEMÓRIA DA JUSTIÇA (40min)\MEMÓRIA 22 - 12 ANOS UNIDADE MÓVEL DE TRÂNSITO .gdoc,SIM,MEMORIA,H:\Meu Drive\01_ROTEIROS/MEMORIA
G:\Meu Drive\PROGRAMAS\PROGRAMA MEMÓRIA DA JUSTIÇA (40min)\MJ- 26 NOVA GESTAO 2021 2022.gdoc,SIM,MEMORIA,H:\Meu Drive\01_ROTEIROS/MEMORIA
G:\Meu Drive\PROGRAMAS\PROGRAMA MEMÓRIA DA JUSTIÇA (40min)\MEMÓRIA 23 – DESA. JUDITE DE MIRANDA MONTE NUNES.gdoc,SIM,MEMORIA,H:\Meu Drive\01_ROTEIROS/MEMORIA
G:\Meu Drive\PROGRAMAS\PROGRAMA MEMÓRIA DA JUSTIÇA (40min)\MEMORIA 13 - ELIANE DAS VIRGENS.gdoc,SIM,MEMORIA,H:\Meu Drive\01_ROTEIROS/MEMORIA
G:\Meu Drive\PROGRAMAS\PROGRAMA MEMÓRIA DA JUSTIÇA (40min)\MEMÓRIA 19 - WANDECI VERAS.gdoc,SIM,MEMORIA,H:\Meu Drive\01_ROTEIROS/MEMORIA
G:\Meu Drive\PROGRAMAS\PROGRAMA MEMÓRIA DA JUSTIÇA (40min)\MEMÓRIA 01 - EDUARDO GOSSON.gdoc,SIM,MEMORIA,H:\Meu Drive\01_ROTEIROS/MEMORIA
G:\Meu Drive\PROGRAMAS\PROGRAMA MEMÓRIA DA JUSTIÇA (40min)\Sugestões Memória da Justiça.gdoc,SIM,MEMORIA,H:\Meu Drive\01_ROTEIROS/MEMORIA
G:\Meu Drive\PROGRAMAS\PROGRAMA MEMÓRIA DA JUSTIÇA (40min)\MEMÓRIA 17 - FLORIANO CAVALCANTI.gdoc,SIM,MEMORIA,H:\Meu Drive\01_ROTEIROS/MEMORIA
G:\Meu Drive\PROGRAMAS\PROGRAMA MEMÓRIA DA JUSTIÇA (40min)\MEMÓRIA 14 - AÇÕES SOCIOAMBIENTAIS.gdoc,SIM,MEMORIA,H:\Meu Drive\01_ROTEIROS/MEMORIA
G:\Meu Drive\PROGRAMAS\PROGRAMA MEMÓRIA DA JUSTIÇA (40min)\MEMÓRIA 03 - JOSÉ DANTAS DE PAIVA.gdoc,SIM,MEMORIA,H:\Meu Drive\01_ROTEIROS/MEMORIA
G:\Meu Drive\PROGRAMAS\PROGRAMA MEMÓRIA DA JUSTIÇA (40min)\MEMÓRIA 20 - DES. AMAURY MOURA SOBRINHO.gdoc,SIM,MEMORIA,H:\Meu Drive\01_ROTEIROS/MEMORIA
G:\Meu Drive\PROGRAMAS\PROGRAMA MEMÓRIA DA JUSTIÇA (40min)\MEMÓRIA 18 - 10 COMITÊ SAÚDE.gdoc,SIM,MEMORIA,H:\Meu Drive\01_ROTEIROS/MEMORIA
G:\Meu Drive\PROGRAMAS\PROGRAMA MEMÓRIA DA JUSTIÇA (40min)\Pesquisa - Desembargador Expedito Ferreira.gdoc,SIM,MEMORIA,H:\Meu Drive\01_ROTEIROS/MEMORIA
G:\Meu Drive\PROGRAMAS\PROGRAMA MEMÓRIA DA JUSTIÇA (40min)\MEMÓRIA 02 - ARMANDO HOLLANDA.gdoc,SIM,MEMORIA,H:\Meu Drive\01_ROTEIROS/MEMORIA
G:\Meu Drive\PROGRAMAS\PROGRAMA MEMÓRIA DA JUSTIÇA (40min)\MEMÓRIA 11 - 10 ANOS NOVOS RUMOS.gdoc,SIM,MEMORIA,H:\Meu Drive\01_ROTEIROS/MEMORIA
G:\Meu Drive\PROGRAMAS\PROGRAMA MEMÓRIA DA JUSTIÇA (40min)\MEMÓRIA 15 - SEABRA FAGUNDES.gdoc,SIM,MEMORIA,H:\Meu Drive\01_ROTEIROS/MEMORIA
G:\Meu Drive\PROGRAMAS\PROGRAMA MEMÓRIA DA JUSTIÇA (40min)\TEMPO VINHETAS.gdoc,SIM,MEMORIA,H:\Meu Drive\01_ROTEIROS/MEMORIA
G:\Meu Drive\PROGRAMAS\PROGRAMA MEMÓRIA DA JUSTIÇA (40min)\MEMÓRIA 07 - CRISTÓVAM PRAXEDES.gdoc,SIM,MEMORIA,H:\Meu Drive\01_ROTEIROS/MEMORIA
G:\Meu Drive\PROGRAMAS\PROGRAMA MEMÓRIA DA JUSTIÇA (40min)\APOIO.gdoc,SIM,MEMORIA,H:\Meu Drive\01_ROTEIROS/MEMORIA
G:\Meu Drive\PROGRAMAS\PROGRAMA MEMÓRIA DA JUSTIÇA (40min)\MEMÓRIA - DES. VICENTE DE LEMOS.gdoc,SIM,MEMORIA,H:\Meu Drive\01_ROTEIROS/MEMORIA
G:\Meu Drive\PROGRAMAS\PROGRAMA MEMÓRIA DA JUSTIÇA (40min)\MEMÓRIA 10 - Manoel dos Santos.gdoc,SIM,MEMORIA,H:\Meu Drive\01_ROTEIROS/MEMORIA
G:\Meu Drive\PROGRAMAS\PROGRAMA MEMÓRIA DA JUSTIÇA (40min)\MEMÓRIA 09 - CAIO ALENCAR.gdoc,SIM,MEMORIA,H:\Meu Drive\01_ROTEIROS/MEMORIA
G:\Meu Drive\PROGRAMAS\PROGRAMA MEMÓRIA DA JUSTIÇA (40min)\MEMÓRIA 16 - 31 ANOS ESMARN.gdoc,SIM,MEMORIA,H:\Meu Drive\01_ROTEIROS/MEMORIA
G:\Meu Drive\PROGRAMAS\PROGRAMA MEMÓRIA DA JUSTIÇA (40min)\MEMÓRIA 08- DWIGHT BARBOSA.gdoc,SIM,MEMORIA,H:\Meu Drive\01_ROTEIROS/MEMORIA
G:\Meu Drive\PROGRAMAS\PROGRAMA MEMÓRIA DA JUSTIÇA (40min)\MEMÓRIA 06 - ERICK PEREIRA.gdoc,SIM,MEMORIA,H:\Meu Drive\01_ROTEIROS/MEMORIA
G:\Meu Drive\PROGRAMAS\PROGRAMA MEMÓRIA DA JUSTIÇA (40min)\MEMÓRIA 05 - EDILSON FRANÇA.gdoc,SIM,MEMORIA,H:\Meu Drive\01_ROTEIROS/MEMORIA
G:\Meu Drive\PROGRAMAS\PROGRAMA MEMÓRIA DA JUSTIÇA (40min)\Sugestões para próximos temas.gdoc,SIM,MEMORIA,H:\Meu Drive\01_ROTEIROS/MEMORIA
G:\Meu Drive\PROGRAMAS\PROGRAMA MEMÓRIA DA JUSTIÇA (40min)\Pesquisa - Des. Cláudio Santos.gdoc,SIM,MEMORIA,H:\Meu Drive\01_ROTEIROS/MEMORIA
G:\Meu Drive\PROGRAMAS\PROGRAMA MEMÓRIA DA JUSTIÇA (40min)\Pesquisa - revista de jurisprudência.gdoc,SIM,MEMORIA,H:\Meu Drive\01_ROTEIROS/MEMORIA
G:\Meu Drive\PROGRAMAS\PROGRAMA MEMÓRIA DA JUSTIÇA (40min)\MEMÓRIA 24 - 128 ANOS TJRN.gdoc,SIM,MEMORIA,H:\Meu Drive\01_ROTEIROS/MEMORIA
G:\Meu Drive\PROGRAMAS\PROGRAMA MEMÓRIA DA JUSTIÇA (40min)\desktop.ini,NÃO,-,G:\Meu Drive\Arquivos_Pessoais_Para_Verificacao\Outros
G:\Meu Drive\PROGRAMAS\PROGRAMA MEMÓRIA DA JUSTIÇA (40min)\MJ04 - SOCORRO PINTO - EDIÇÃO ESPECIAL\MJ4 - SOCORRO PINTO - EDIÇÃO ESPECIAL_SITE.mp3,SIM,MEMORIA,H:\Meu Drive\02_PRODUCAO/MEMORIA
G:\Meu Drive\PROGRAMAS\PROGRAMA MEMÓRIA DA JUSTIÇA (40min)\MJ04 - SOCORRO PINTO - EDIÇÃO ESPECIAL\MJ4 - SOCORRO PINTO - EDIÇÃO ESPECIAL.mp3,SIM,MEMORIA,H:\Meu Drive\02_PRODUCAO/MEMORIA
G:\Meu Drive\PROGRAMAS\PROGRAMA MEMÓRIA DA JUSTIÇA (40min)\MJ04 - SOCORRO PINTO - EDIÇÃO ESPECIAL\desktop.ini,NÃO,-,G:\Meu Drive\Arquivos_Pessoais_Para_Verificacao\Outros
G:\Meu Drive\PROGRAMAS\PROGRAMA MEMÓRIA DA JUSTIÇA (40min)\MJ 09 - Caio Alencar\desktop.ini,NÃO,-,G:\Meu Drive\Arquivos_Pessoais_Para_Verificacao\Outros
G:\Meu Drive\PROGRAMAS\PROGRAMA MEMÓRIA DA JUSTIÇA (40min)\MJ03 - JOSÉ DANTAS\MEMÓRIA DA JUSTIÇA - JOSÉ DANTAS_site.mp3,SIM,MEMORIA,H:\Meu Drive\02_PRODUCAO/MEMORIA
G:\Meu Drive\PROGRAMAS\PROGRAMA MEMÓRIA DA JUSTIÇA (40min)\MJ03 - JOSÉ DANTAS\MEMÓRIA DA JUSTIÇA - JOSÉ DANTAS.mp3,SIM,MEMORIA,H:\Meu Drive\02_PRODUCAO/MEMORIA
G:\Meu Drive\PROGRAMAS\PROGRAMA MEMÓRIA DA JUSTIÇA (40min)\MJ03 - JOSÉ DANTAS\desktop.ini,NÃO,-,G:\Meu Drive\Arquivos_Pessoais_Para_Verificacao\Outros
G:\Meu Drive\PROGRAMAS\PROGRAMA MEMÓRIA DA JUSTIÇA (40min)\MJ14 - AÇÕES SOCIOAMBIENTAIS TJRN\MEMÓRIA DA JUSTIÇA - AÇÕES SOCIOAMBIENTAIS - Baixa.mp3,SIM,MEMORIA,H:\Meu Drive\02_PRODUCAO/MEMORIA
G:\Meu Drive\PROGRAMAS\PROGRAMA MEMÓRIA DA JUSTIÇA (40min)\MJ14 - AÇÕES SOCIOAMBIENTAIS TJRN\MEMÓRIA DA JUSTIÇA - AÇÕES SOCIOAMBIENTAIS.mp3,SIM,MEMORIA,H:\Meu Drive\02_PRODUCAO/MEMORIA
G:\Meu Drive\PROGRAMAS\PROGRAMA MEMÓRIA DA JUSTIÇA (40min)\MJ14 - AÇÕES SOCIOAMBIENTAIS TJRN\desktop.ini,NÃO,-,G:\Meu Drive\Arquivos_Pessoais_Para_Verificacao\Outros
G:\Meu Drive\PROGRAMAS\PROGRAMA MEMÓRIA DA JUSTIÇA (40min)\MJ43 - Projeto de Apoio ao Desempenho Jurisdicional\MJ43 - Projeto de Apoio ao Desempenho Jurisdicional  site.mp3,SIM,MEMORIA,H:\Meu Drive\02_PRODUCAO/MEMORIA
G:\Meu Drive\PROGRAMAS\PROGRAMA MEMÓRIA DA JUSTIÇA (40min)\MJ43 - Projeto de Apoio ao Desempenho Jurisdicional\MJ43 - Projeto de Apoio ao Desempenho Jurisdicional.mp3,SIM,MEMORIA,H:\Meu Drive\02_PRODUCAO/MEMORIA
G:\Meu Drive\PROGRAMAS\PROGRAMA MEMÓRIA DA JUSTIÇA (40min)\MJ43 - Projeto de Apoio ao Desempenho Jurisdicional\MJ 43 - Projeto de Apoio ao Desempenho Jurisdicional.gdoc,SIM,MEMORIA,H:\Meu Drive\01_ROTEIROS/MEMORIA
G:\Meu Drive\PROGRAMAS\PROGRAMA MEMÓRIA DA JUSTIÇA (40min)\MJ43 - Projeto de Apoio ao Desempenho Jurisdicional\PESQUISA MJ43 - Projeto de Apoio ao Desempenho Jurisdicional.gdoc,SIM,MEMORIA,H:\Meu Drive\01_ROTEIROS/MEMORIA
G:\Meu Drive\PROGRAMAS\PROGRAMA MEMÓRIA DA JUSTIÇA (40min)\MJ43 - Projeto de Apoio ao Desempenho Jurisdicional\desktop.ini,NÃO,-,G:\Meu Drive\Arquivos_Pessoais_Para_Verificacao\Outros
G:\Meu Drive\PROGRAMAS\PROGRAMA MEMÓRIA DA JUSTIÇA (40min)\MJ43 - Projeto de Apoio ao Desempenho Jurisdicional\OFFS\MJ - 43 BLOCO 1.mp3,SIM,MEMORIA,H:\Meu Drive\02_PRODUCAO/MEMORIA
G:\Meu Drive\PROGRAMAS\PROGRAMA MEMÓRIA DA JUSTIÇA (40min)\MJ43 - Projeto de Apoio ao Desempenho Jurisdicional\OFFS\desktop.ini,NÃO,-,G:\Meu Drive\Arquivos_Pessoais_Para_Verificacao\Outros
G:\Meu Drive\PROGRAMAS\PROGRAMA MEMÓRIA DA JUSTIÇA (40min)\MJ24 - 128 ANOS TJRN\MJ24 - 128 Anos TJRN.mp3,SIM,MEMORIA,H:\Meu Drive\02_PRODUCAO/MEMORIA
G:\Meu Drive\PROGRAMAS\PROGRAMA MEMÓRIA DA JUSTIÇA (40min)\MJ24 - 128 ANOS TJRN\desktop.ini,NÃO,-,G:\Meu Drive\Arquivos_Pessoais_Para_Verificacao\Outros
G:\Meu Drive\PROGRAMAS\PROGRAMA MEMÓRIA DA JUSTIÇA (40min)\MJ24 - 128 ANOS TJRN\offs\MJ 25.m4a,SIM,MEMORIA,H:\Meu Drive\02_PRODUCAO/MEMORIA
G:\Meu Drive\PROGRAMAS\PROGRAMA MEMÓRIA DA JUSTIÇA (40min)\MJ24 - 128 ANOS TJRN\offs\Mj 24 e 24..1.m4a,SIM,MEMORIA,H:\Meu Drive\02_PRODUCAO/MEMORIA
G:\Meu Drive\PROGRAMAS\PROGRAMA MEMÓRIA DA JUSTIÇA (40min)\MJ24 - 128 ANOS TJRN\offs\Mj 5.m4a,SIM,MEMORIA,H:\Meu Drive\02_PRODUCAO/MEMORIA
G:\Meu Drive\PROGRAMAS\PROGRAMA MEMÓRIA DA JUSTIÇA (40min)\MJ24 - 128 ANOS TJRN\offs\Mj 4.1.m4a,SIM,MEMORIA,H:\Meu Drive\02_PRODUCAO/MEMORIA
G:\Meu Drive\PROGRAMAS\PROGRAMA MEMÓRIA DA JUSTIÇA (40min)\MJ24 - 128 ANOS TJRN\offs\Mj 18.m4a,SIM,MEMORIA,H:\Meu Drive\02_PRODUCAO/MEMORIA
G:\Meu Drive\PROGRAMAS\PROGRAMA MEMÓRIA DA JUSTIÇA (40min)\MJ24 - 128 ANOS TJRN\offs\Mj 23.m4a,SIM,MEMORIA,H:\Meu Drive\02_PRODUCAO/MEMORIA
G:\Meu Drive\PROGRAMAS\PROGRAMA MEMÓRIA DA JUSTIÇA (40min)\MJ24 - 128 ANOS TJRN\offs\Mj 10.m4a,SIM,MEMORIA,H:\Meu Drive\02_PRODUCAO/MEMORIA
G:\Meu Drive\PROGRAMAS\PROGRAMA MEMÓRIA DA JUSTIÇA (40min)\MJ24 - 128 ANOS TJRN\offs\Mj 15 e 16.m4a,SIM,MEMORIA,H:\Meu Drive\02_PRODUCAO/MEMORIA
G:\Meu Drive\PROGRAMAS\PROGRAMA MEMÓRIA DA JUSTIÇA (40min)\MJ24 - 128 ANOS TJRN\offs\Mj 12.m4a,SIM,MEMORIA,H:\Meu Drive\02_PRODUCAO/MEMORIA
G:\Meu Drive\PROGRAMAS\PROGRAMA MEMÓRIA DA JUSTIÇA (40min)\MJ24 - 128 ANOS TJRN\offs\Mj 3.m4a,SIM,MEMORIA,H:\Meu Drive\02_PRODUCAO/MEMORIA
G:\Meu Drive\PROGRAMAS\PROGRAMA MEMÓRIA DA JUSTIÇA (40min)\MJ24 - 128 ANOS TJRN\offs\Mj 19.m4a,SIM,MEMORIA,H:\Meu Drive\02_PRODUCAO/MEMORIA
G:\Meu Drive\PROGRAMAS\PROGRAMA MEMÓRIA DA JUSTIÇA (40min)\MJ24 - 128 ANOS TJRN\offs\Mj 13.m4a,SIM,MEMORIA,H:\Meu Drive\02_PRODUCAO/MEMORIA
G:\Meu Drive\PROGRAMAS\PROGRAMA MEMÓRIA DA JUSTIÇA (40min)\MJ24 - 128 ANOS TJRN\offs\Mj 7.m4a,SIM,MEMORIA,H:\Meu Drive\02_PRODUCAO/MEMORIA
G:\Meu Drive\PROGRAMAS\PROGRAMA MEMÓRIA DA JUSTIÇA (40min)\MJ24 - 128 ANOS TJRN\offs\Mj 30.m4a,SIM,MEMORIA,H:\Meu Drive\02_PRODUCAO/MEMORIA
G:\Meu Drive\PROGRAMAS\PROGRAMA MEMÓRIA DA JUSTIÇA (40min)\MJ24 - 128 ANOS TJRN\offs\MJ 1.m4a,SIM,MEMORIA,H:\Meu Drive\02_PRODUCAO/MEMORIA
G:\Meu Drive\PROGRAMAS\PROGRAMA MEMÓRIA DA JUSTIÇA (40min)\MJ24 - 128 ANOS TJRN\offs\Mj 14.m4a,SIM,MEMORIA,H:\Meu Drive\02_PRODUCAO/MEMORIA
G:\Meu Drive\PROGRAMAS\PROGRAMA MEMÓRIA DA JUSTIÇA (40min)\MJ24 - 128 ANOS TJRN\offs\Mj 27.m4a,SIM,MEMORIA,H:\Meu Drive\02_PRODUCAO/MEMORIA
G:\Meu Drive\PROGRAMAS\PROGRAMA MEMÓRIA DA JUSTIÇA (40min)\MJ24 - 128 ANOS TJRN\offs\Mj 21.m4a,SIM,MEMORIA,H:\Meu Drive\02_PRODUCAO/MEMORIA
G:\Meu Drive\PROGRAMAS\PROGRAMA MEMÓRIA DA JUSTIÇA (40min)\MJ24 - 128 ANOS TJRN\offs\Mj 20.m4a,SIM,MEMORIA,H:\Meu Drive\02_PRODUCAO/MEMORIA
G:\Meu Drive\PROGRAMAS\PROGRAMA MEMÓRIA DA JUSTIÇA (40min)\MJ24 - 128 ANOS TJRN\offs\Mj 9.m4a,SIM,MEMORIA,H:\Meu Drive\02_PRODUCAO/MEMORIA
G:\Meu Drive\PROGRAMAS\PROGRAMA MEMÓRIA DA JUSTIÇA (40min)\MJ24 - 128 ANOS TJRN\offs\Mj 29.m4a,SIM,MEMORIA,H:\Meu Drive\02_PRODUCAO/MEMORIA
G:\Meu Drive\PROGRAMAS\PROGRAMA MEMÓRIA DA JUSTIÇA (40min)\MJ24 - 128 ANOS TJRN\offs\Mj 22.m4a,SIM,MEMORIA,H:\Meu Drive\02_PRODUCAO/MEMORIA
G:\Meu Drive\PROGRAMAS\PROGRAMA MEMÓRIA DA JUSTIÇA (40min)\MJ24 - 128 ANOS TJRN\offs\Mj 8.m4a,SIM,MEMORIA,H:\Meu Drive\02_PRODUCAO/MEMORIA
G:\Meu Drive\PROGRAMAS\PROGRAMA MEMÓRIA DA JUSTIÇA (40min)\MJ24 - 128 ANOS TJRN\offs\Mj 26.m4a,SIM,MEMORIA,H:\Meu Drive\02_PRODUCAO/MEMORIA
G:\Meu Drive\PROGRAMAS\PROGRAMA MEMÓRIA DA JUSTIÇA (40min)\MJ24 - 128 ANOS TJRN\offs\Mj 2.m4a,SIM,MEMORIA,H:\Meu Drive\02_PRODUCAO/MEMORIA
G:\Meu Drive\PROGRAMAS\PROGRAMA MEMÓRIA DA JUSTIÇA (40min)\MJ24 - 128 ANOS TJRN\offs\Mj 32.m4a,SIM,MEMORIA,H:\Meu Drive\02_PRODUCAO/MEMORIA
G:\Meu Drive\PROGRAMAS\PROGRAMA MEMÓRIA DA JUSTIÇA (40min)\MJ24 - 128 ANOS TJRN\offs\Mj 4.m4a,SIM,MEMORIA,H:\Meu Drive\02_PRODUCAO/MEMORIA
G:\Meu Drive\PROGRAMAS\PROGRAMA MEMÓRIA DA JUSTIÇA (40min)\MJ24 - 128 ANOS TJRN\offs\Mj 28.m4a,SIM,MEMORIA,H:\Meu Drive\02_PRODUCAO/MEMORIA
G:\Meu Drive\PROGRAMAS\PROGRAMA MEMÓRIA DA JUSTIÇA (40min)\MJ24 - 128 ANOS TJRN\offs\Mj 31.m4a,SIM,MEMORIA,H:\Meu Drive\02_PRODUCAO/MEMORIA
G:\Meu Drive\PROGRAMAS\PROGRAMA MEMÓRIA DA JUSTIÇA (40min)\MJ24 - 128 ANOS TJRN\offs\Mj 11.m4a,SIM,MEMORIA,H:\Meu Drive\02_PRODUCAO/MEMORIA
G:\Meu Drive\PROGRAMAS\PROGRAMA MEMÓRIA DA JUSTIÇA (40min)\MJ24 - 128 ANOS TJRN\offs\Mj 17.m4a,SIM,MEMORIA,H:\Meu Drive\02_PRODUCAO/MEMORIA
G:\Meu Drive\PROGRAMAS\PROGRAMA MEMÓRIA DA JUSTIÇA (40min)\MJ24 - 128 ANOS TJRN\offs\Mj 3 CORREÇÃO.m4a,SIM,MEMORIA,H:\Meu Drive\02_PRODUCAO/MEMORIA
G:\Meu Drive\PROGRAMAS\PROGRAMA MEMÓRIA DA JUSTIÇA (40min)\MJ24 - 128 ANOS TJRN\offs\Mj 6.m4a,SIM,MEMORIA,H:\Meu Drive\02_PRODUCAO/MEMORIA
G:\Meu Drive\PROGRAMAS\PROGRAMA MEMÓRIA DA JUSTIÇA (40min)\MJ24 - 128 ANOS TJRN\offs\desktop.ini,NÃO,-,G:\Meu Drive\Arquivos_Pessoais_Para_Verificacao\Outros
G:\Meu Drive\PROGRAMAS\PROGRAMA MEMÓRIA DA JUSTIÇA (40min)\MJ48 - LUMIAR 130 PROGRAMA 2\MJ48 - LUMIAR 130 PROGRAMA 02.VIP,NÃO,-,G:\Meu Drive\Arquivos_Pessoais_Para_Verificacao\Outros
G:\Meu Drive\PROGRAMAS\PROGRAMA MEMÓRIA DA JUSTIÇA (40min)\MJ48 - LUMIAR 130 PROGRAMA 2\MJ48 - LUMIAR 130 PROGRAMA 02.mp3,SIM,MEMORIA,H:\Meu Drive\02_PRODUCAO/MEMORIA
G:\Meu Drive\PROGRAMAS\PROGRAMA MEMÓRIA DA JUSTIÇA (40min)\MJ48 - LUMIAR 130 PROGRAMA 2\MJ48 - LUMIAR 130 PROGRAMA 2.gdoc,SIM,MEMORIA,H:\Meu Drive\01_ROTEIROS/MEMORIA
G:\Meu Drive\PROGRAMAS\PROGRAMA MEMÓRIA DA JUSTIÇA (40min)\MJ48 - LUMIAR 130 PROGRAMA 2\desktop.ini,NÃO,-,G:\Meu Drive\Arquivos_Pessoais_Para_Verificacao\Outros
G:\Meu Drive\PROGRAMAS\PROGRAMA MEMÓRIA DA JUSTIÇA (40min)\MJ48 - LUMIAR 130 PROGRAMA 2\PROG 2\CABEÇA.mp3,SIM,MEMORIA,H:\Meu Drive\02_PRODUCAO/MEMORIA
G:\Meu Drive\PROGRAMAS\PROGRAMA MEMÓRIA DA JUSTIÇA (40min)\MJ48 - LUMIAR 130 PROGRAMA 2\PROG 2\RAINEL BATISTA.mp3,SIM,MEMORIA,H:\Meu Drive\02_PRODUCAO/MEMORIA
G:\Meu Drive\PROGRAMAS\PROGRAMA MEMÓRIA DA JUSTIÇA (40min)\MJ48 - LUMIAR 130 PROGRAMA 2\PROG 2\OFF RAINEL.HM2,NÃO,-,G:\Meu Drive\Arquivos_Pessoais_Para_Verificacao\Outros
G:\Meu Drive\PROGRAMAS\PROGRAMA MEMÓRIA DA JUSTIÇA (40min)\MJ48 - LUMIAR 130 PROGRAMA 2\PROG 2\OFF COMPLETO.mp3,SIM,MEMORIA,H:\Meu Drive\02_PRODUCAO/MEMORIA
G:\Meu Drive\PROGRAMAS\PROGRAMA MEMÓRIA DA JUSTIÇA (40min)\MJ48 - LUMIAR 130 PROGRAMA 2\PROG 2\OFF JULIANO.HMP,NÃO,-,G:\Meu Drive\Arquivos_Pessoais_Para_Verificacao\Outros
G:\Meu Drive\PROGRAMAS\PROGRAMA MEMÓRIA DA JUSTIÇA (40min)\MJ48 - LUMIAR 130 PROGRAMA 2\PROG 2\OFF RAINEL.HMP,NÃO,-,G:\Meu Drive\Arquivos_Pessoais_Para_Verificacao\Outros
G:\Meu Drive\PROGRAMAS\PROGRAMA MEMÓRIA DA JUSTIÇA (40min)\MJ48 - LUMIAR 130 PROGRAMA 2\PROG 2\OFF JULIANO.HM2,NÃO,-,G:\Meu Drive\Arquivos_Pessoais_Para_Verificacao\Outros
G:\Meu Drive\PROGRAMAS\PROGRAMA MEMÓRIA DA JUSTIÇA (40min)\MJ48 - LUMIAR 130 PROGRAMA 2\PROG 2\desktop.ini,NÃO,-,G:\Meu Drive\Arquivos_Pessoais_Para_Verificacao\Outros
G:\Meu Drive\PROGRAMAS\PROGRAMA MEMÓRIA DA JUSTIÇA (40min)\MJ53 - DESEMBARGADORA ZENEIDE BEZERRA\PESQUISA MJ 53 - DES. ZENEIDE BEZERRA.gdoc,SIM,MEMORIA,H:\Meu Drive\01_ROTEIROS/MEMORIA
G:\Meu Drive\PROGRAMAS\PROGRAMA MEMÓRIA DA JUSTIÇA (40min)\MJ53 - DESEMBARGADORA ZENEIDE BEZERRA\MEMÓRIA 53 - DESA. ZENEIDE BEZERRA.gdoc,SIM,MEMORIA,H:\Meu Drive\01_ROTEIROS/MEMORIA
G:\Meu Drive\PROGRAMAS\PROGRAMA MEMÓRIA DA JUSTIÇA (40min)\MJ53 - DESEMBARGADORA ZENEIDE BEZERRA\desktop.ini,NÃO,-,G:\Meu Drive\Arquivos_Pessoais_Para_Verificacao\Outros
G:\Meu Drive\PROGRAMAS\PROGRAMA MEMÓRIA DA JUSTIÇA (40min)\MJ53 - DESEMBARGADORA ZENEIDE BEZERRA\SONORAS\Assessora Flávia Vergara.m4a,SIM,MEMORIA,H:\Meu Drive\02_PRODUCAO/MEMORIA
G:\Meu Drive\PROGRAMAS\PROGRAMA MEMÓRIA DA JUSTIÇA (40min)\MJ53 - DESEMBARGADORA ZENEIDE BEZERRA\SONORAS\Desembargador Amaury Moura Sobrinho.m4a,SIM,MEMORIA,H:\Meu Drive\02_PRODUCAO/MEMORIA
G:\Meu Drive\PROGRAMAS\PROGRAMA MEMÓRIA DA JUSTIÇA (40min)\MJ53 - DESEMBARGADORA ZENEIDE BEZERRA\SONORAS\Irmão Cláudio Henrique.m4a,SIM,MEMORIA,H:\Meu Drive\02_PRODUCAO/MEMORIA
G:\Meu Drive\PROGRAMAS\PROGRAMA MEMÓRIA DA JUSTIÇA (40min)\MJ53 - DESEMBARGADORA ZENEIDE BEZERRA\SONORAS\desktop.ini,NÃO,-,G:\Meu Drive\Arquivos_Pessoais_Para_Verificacao\Outros
G:\Meu Drive\PROGRAMAS\PROGRAMA MEMÓRIA DA JUSTIÇA (40min)\MJ53 - DESEMBARGADORA ZENEIDE BEZERRA\OFFS\BLOCO 2 PAULINA.mp3,SIM,MEMORIA,H:\Meu Drive\02_PRODUCAO/MEMORIA
G:\Meu Drive\PROGRAMAS\PROGRAMA MEMÓRIA DA JUSTIÇA (40min)\MJ53 - DESEMBARGADORA ZENEIDE BEZERRA\OFFS\BLOCO 1 PAULINA.mp3,SIM,MEMORIA,H:\Meu Drive\02_PRODUCAO/MEMORIA
G:\Meu Drive\PROGRAMAS\PROGRAMA MEMÓRIA DA JUSTIÇA (40min)\MJ53 - DESEMBARGADORA ZENEIDE BEZERRA\OFFS\desktop.ini,NÃO,-,G:\Meu Drive\Arquivos_Pessoais_Para_Verificacao\Outros
G:\Meu Drive\PROGRAMAS\PROGRAMA MEMÓRIA DA JUSTIÇA (40min)\MJ54 - DESEMBARGADOR GILSON BARBOSA\Raquel Dias.m4a,SIM,MEMORIA,H:\Meu Drive\02_PRODUCAO/MEMORIA
G:\Meu Drive\PROGRAMAS\PROGRAMA MEMÓRIA DA JUSTIÇA (40min)\MJ54 - DESEMBARGADOR GILSON BARBOSA\Juiz Paulo Lima.m4a,SIM,MEMORIA,H:\Meu Drive\02_PRODUCAO/MEMORIA
G:\Meu Drive\PROGRAMAS\PROGRAMA MEMÓRIA DA JUSTIÇA (40min)\MJ54 - DESEMBARGADOR GILSON BARBOSA\MEMÓRIA 54 - DES. GILSON BARBOSA.gdoc,SIM,MEMORIA,H:\Meu Drive\01_ROTEIROS/MEMORIA
G:\Meu Drive\PROGRAMAS\PROGRAMA MEMÓRIA DA JUSTIÇA (40min)\MJ54 - DESEMBARGADOR GILSON BARBOSA\Des. Amaury.m4a,SIM,MEMORIA,H:\Meu Drive\02_PRODUCAO/MEMORIA
G:\Meu Drive\PROGRAMAS\PROGRAMA MEMÓRIA DA JUSTIÇA (40min)\MJ54 - DESEMBARGADOR GILSON BARBOSA\PESQUISA MJ 54 - DES. GILSON BARBOSA.gdoc,SIM,MEMORIA,H:\Meu Drive\01_ROTEIROS/MEMORIA
G:\Meu Drive\PROGRAMAS\PROGRAMA MEMÓRIA DA JUSTIÇA (40min)\MJ54 - DESEMBARGADOR GILSON BARBOSA\desktop.ini,NÃO,-,G:\Meu Drive\Arquivos_Pessoais_Para_Verificacao\Outros
G:\Meu Drive\PROGRAMAS\PROGRAMA MEMÓRIA DA JUSTIÇA (40min)\MJ25 - 10 ANOS PJe\Perguntas PJe.gdoc,SIM,MEMORIA,H:\Meu Drive\01_ROTEIROS/MEMORIA
G:\Meu Drive\PROGRAMAS\PROGRAMA MEMÓRIA DA JUSTIÇA (40min)\MJ25 - 10 ANOS PJe\Pesquisa 10 anos PJe.gdoc,SIM,MEMORIA,H:\Meu Drive\01_ROTEIROS/MEMORIA
G:\Meu Drive\PROGRAMAS\PROGRAMA MEMÓRIA DA JUSTIÇA (40min)\MJ25 - 10 ANOS PJe\MEMÓRIA 25 - 10 ANOS PJE.gdoc,SIM,MEMORIA,H:\Meu Drive\01_ROTEIROS/MEMORIA
G:\Meu Drive\PROGRAMAS\PROGRAMA MEMÓRIA DA JUSTIÇA (40min)\MJ25 - 10 ANOS PJe\desktop.ini,NÃO,-,G:\Meu Drive\Arquivos_Pessoais_Para_Verificacao\Outros
G:\Meu Drive\PROGRAMAS\PROGRAMA MEMÓRIA DA JUSTIÇA (40min)\MJ25 - 10 ANOS PJe\Áudios\BG LONGO.mp3,SIM,MEMORIA,H:\Meu Drive\02_PRODUCAO/MEMORIA
G:\Meu Drive\PROGRAMAS\PROGRAMA MEMÓRIA DA JUSTIÇA (40min)\MJ25 - 10 ANOS PJe\Áudios\Gerânio Gomes 4,NÃO,-,G:\Meu Drive\Arquivos_Pessoais_Para_Verificacao\Outros
G:\Meu Drive\PROGRAMAS\PROGRAMA MEMÓRIA DA JUSTIÇA (40min)\MJ25 - 10 ANOS PJe\Áudios\Gerânio Gomes 2,NÃO,-,G:\Meu Drive\Arquivos_Pessoais_Para_Verificacao\Outros
G:\Meu Drive\PROGRAMAS\PROGRAMA MEMÓRIA DA JUSTIÇA (40min)\MJ25 - 10 ANOS PJe\Áudios\Dr. Fábio Filgueira 1,NÃO,-,G:\Meu Drive\Arquivos_Pessoais_Para_Verificacao\Outros
G:\Meu Drive\PROGRAMAS\PROGRAMA MEMÓRIA DA JUSTIÇA (40min)\MJ25 - 10 ANOS PJe\Áudios\Dr. Fábio Filgueira 2,NÃO,-,G:\Meu Drive\Arquivos_Pessoais_Para_Verificacao\Outros
G:\Meu Drive\PROGRAMAS\PROGRAMA MEMÓRIA DA JUSTIÇA (40min)\MJ25 - 10 ANOS PJe\Áudios\Dr. Fábio Filgueira 7,NÃO,-,G:\Meu Drive\Arquivos_Pessoais_Para_Verificacao\Outros
G:\Meu Drive\PROGRAMAS\PROGRAMA MEMÓRIA DA JUSTIÇA (40min)\MJ25 - 10 ANOS PJe\Áudios\Dr. Marivaldo final,NÃO,-,G:\Meu Drive\Arquivos_Pessoais_Para_Verificacao\Outros
G:\Meu Drive\PROGRAMAS\PROGRAMA MEMÓRIA DA JUSTIÇA (40min)\MJ25 - 10 ANOS PJe\Áudios\Dr. Fábio Filgueira 5,NÃO,-,G:\Meu Drive\Arquivos_Pessoais_Para_Verificacao\Outros
G:\Meu Drive\PROGRAMAS\PROGRAMA MEMÓRIA DA JUSTIÇA (40min)\MJ25 - 10 ANOS PJe\Áudios\Dr. Marivaldo 4,NÃO,-,G:\Meu Drive\Arquivos_Pessoais_Para_Verificacao\Outros
G:\Meu Drive\PROGRAMAS\PROGRAMA MEMÓRIA DA JUSTIÇA (40min)\MJ25 - 10 ANOS PJe\Áudios\Dr. Fábio Filgueira 4,NÃO,-,G:\Meu Drive\Arquivos_Pessoais_Para_Verificacao\Outros
G:\Meu Drive\PROGRAMAS\PROGRAMA MEMÓRIA DA JUSTIÇA (40min)\MJ25 - 10 ANOS PJe\Áudios\Dr. Marivaldo 5,NÃO,-,G:\Meu Drive\Arquivos_Pessoais_Para_Verificacao\Outros
G:\Meu Drive\PROGRAMAS\PROGRAMA MEMÓRIA DA JUSTIÇA (40min)\MJ25 - 10 ANOS PJe\Áudios\Dr. Marivaldo 8,NÃO,-,G:\Meu Drive\Arquivos_Pessoais_Para_Verificacao\Outros
G:\Meu Drive\PROGRAMAS\PROGRAMA MEMÓRIA DA JUSTIÇA (40min)\MJ25 - 10 ANOS PJe\Áudios\Dr. Marivaldo 3,NÃO,-,G:\Meu Drive\Arquivos_Pessoais_Para_Verificacao\Outros
G:\Meu Drive\PROGRAMAS\PROGRAMA MEMÓRIA DA JUSTIÇA (40min)\MJ25 - 10 ANOS PJe\Áudios\Gerânio Gomes 3,NÃO,-,G:\Meu Drive\Arquivos_Pessoais_Para_Verificacao\Outros
G:\Meu Drive\PROGRAMAS\PROGRAMA MEMÓRIA DA JUSTIÇA (40min)\MJ25 - 10 ANOS PJe\Áudios\Dr. Fábio Filgueira 3,NÃO,-,G:\Meu Drive\Arquivos_Pessoais_Para_Verificacao\Outros
G:\Meu Drive\PROGRAMAS\PROGRAMA MEMÓRIA DA JUSTIÇA (40min)\MJ25 - 10 ANOS PJe\Áudios\Dr. Marivaldo introdução,NÃO,-,G:\Meu Drive\Arquivos_Pessoais_Para_Verificacao\Outros
G:\Meu Drive\PROGRAMAS\PROGRAMA MEMÓRIA DA JUSTIÇA (40min)\MJ25 - 10 ANOS PJe\Áudios\Gerânio Gomes 1,NÃO,-,G:\Meu Drive\Arquivos_Pessoais_Para_Verificacao\Outros
G:\Meu Drive\PROGRAMAS\PROGRAMA MEMÓRIA DA JUSTIÇA (40min)\MJ25 - 10 ANOS PJe\Áudios\Dr. Fábio Filgueira 6,NÃO,-,G:\Meu Drive\Arquivos_Pessoais_Para_Verificacao\Outros
G:\Meu Drive\PROGRAMAS\PROGRAMA MEMÓRIA DA JUSTIÇA (40min)\MJ25 - 10 ANOS PJe\Áudios\Dr. Marivaldo 1,NÃO,-,G:\Meu Drive\Arquivos_Pessoais_Para_Verificacao\Outros
G:\Meu Drive\PROGRAMAS\PROGRAMA MEMÓRIA DA JUSTIÇA (40min)\MJ25 - 10 ANOS PJe\Áudios\Gerânio Gomes 5,NÃO,-,G:\Meu Drive\Arquivos_Pessoais_Para_Verificacao\Outros
G:\Meu Drive\PROGRAMAS\PROGRAMA MEMÓRIA DA JUSTIÇA (40min)\MJ25 - 10 ANOS PJe\Áudios\Dr. Marivaldo 2,NÃO,-,G:\Meu Drive\Arquivos_Pessoais_Para_Verificacao\Outros
G:\Meu Drive\PROGRAMAS\PROGRAMA MEMÓRIA DA JUSTIÇA (40min)\MJ25 - 10 ANOS PJe\Áudios\Dr. Marivaldo 7,NÃO,-,G:\Meu Drive\Arquivos_Pessoais_Para_Verificacao\Outros
G:\Meu Drive\PROGRAMAS\PROGRAMA MEMÓRIA DA JUSTIÇA (40min)\MJ25 - 10 ANOS PJe\Áudios\desktop.ini,NÃO,-,G:\Meu Drive\Arquivos_Pessoais_Para_Verificacao\Outros
G:\Meu Drive\PROGRAMAS\PROGRAMA MEMÓRIA DA JUSTIÇA (40min)\MJ25 - 10 ANOS PJe\OFFS\OFF NOVO 1.wav,SIM,MEMORIA,H:\Meu Drive\02_PRODUCAO/MEMORIA
G:\Meu Drive\PROGRAMAS\PROGRAMA MEMÓRIA DA JUSTIÇA (40min)\MJ25 - 10 ANOS PJe\OFFS\OFF 6.wav,SIM,MEMORIA,H:\Meu Drive\02_PRODUCAO/MEMORIA
G:\Meu Drive\PROGRAMAS\PROGRAMA MEMÓRIA DA JUSTIÇA (40min)\MJ25 - 10 ANOS PJe\OFFS\OFF 7.wav,SIM,MEMORIA,H:\Meu Drive\02_PRODUCAO/MEMORIA
G:\Meu Drive\PROGRAMAS\PROGRAMA MEMÓRIA DA JUSTIÇA (40min)\MJ25 - 10 ANOS PJe\OFFS\desktop.ini,NÃO,-,G:\Meu Drive\Arquivos_Pessoais_Para_Verificacao\Outros
G:\Meu Drive\PROGRAMAS\PROGRAMA MEMÓRIA DA JUSTIÇA (40min)\MJ56 - DESEMBARGADOR EXPEDITO FERREIRA\MJ56 - DES EXPEDITO.mp3,SIM,MEMORIA,H:\Meu Drive\02_PRODUCAO/MEMORIA
G:\Meu Drive\PROGRAMAS\PROGRAMA MEMÓRIA DA JUSTIÇA (40min)\MJ56 - DESEMBARGADOR EXPEDITO FERREIRA\MEMÓRIA 56 - DES. EXPEDITO FERREIRA.gdoc,SIM,MEMORIA,H:\Meu Drive\01_ROTEIROS/MEMORIA
G:\Meu Drive\PROGRAMAS\PROGRAMA MEMÓRIA DA JUSTIÇA (40min)\MJ56 - DESEMBARGADOR EXPEDITO FERREIRA\PESQUISA MJ 56 - DES. EXPEDITO FERREIRA.gdoc,SIM,MEMORIA,H:\Meu Drive\01_ROTEIROS/MEMORIA
G:\Meu Drive\PROGRAMAS\PROGRAMA MEMÓRIA DA JUSTIÇA (40min)\MJ56 - DESEMBARGADOR EXPEDITO FERREIRA\desktop.ini,NÃO,-,G:\Meu Drive\Arquivos_Pessoais_Para_Verificacao\Outros
G:\Meu Drive\PROGRAMAS\PROGRAMA MEMÓRIA DA JUSTIÇA (40min)\MJ46 - SEGURANÇA NAS ELEIÇÕES\PROG 46 - SEG NAS ELEIÇÕES.mp3,SIM,MEMORIA,H:\Meu Drive\02_PRODUCAO/MEMORIA
G:\Meu Drive\PROGRAMAS\PROGRAMA MEMÓRIA DA JUSTIÇA (40min)\MJ46 - SEGURANÇA NAS ELEIÇÕES\MJ46 - SEGURANÇA NAS ELEIÇÕES.gdoc,SIM,MEMORIA,H:\Meu Drive\01_ROTEIROS/MEMORIA
G:\Meu Drive\PROGRAMAS\PROGRAMA MEMÓRIA DA JUSTIÇA (40min)\MJ46 - SEGURANÇA NAS ELEIÇÕES\PESQUISA MJ 46 - SEGURANÇA NAS ELEIÇÕES.gdoc,SIM,MEMORIA,H:\Meu Drive\01_ROTEIROS/MEMORIA
G:\Meu Drive\PROGRAMAS\PROGRAMA MEMÓRIA DA JUSTIÇA (40min)\MJ46 - SEGURANÇA NAS ELEIÇÕES\desktop.ini,NÃO,-,G:\Meu Drive\Arquivos_Pessoais_Para_Verificacao\Outros
G:\Meu Drive\PROGRAMAS\PROGRAMA MEMÓRIA DA JUSTIÇA (40min)\MJ46 - SEGURANÇA NAS ELEIÇÕES\Sonoras\Sonora - Osmar Fernandes.mp3,SIM,MEMORIA,H:\Meu Drive\02_PRODUCAO/MEMORIA
G:\Meu Drive\PROGRAMAS\PROGRAMA MEMÓRIA DA JUSTIÇA (40min)\MJ46 - SEGURANÇA NAS ELEIÇÕES\Sonoras\SONORA 04 07 JOÃO PAULO DE ARAÚJO.mp3,SIM,MEMORIA,H:\Meu Drive\02_PRODUCAO/MEMORIA
G:\Meu Drive\PROGRAMAS\PROGRAMA MEMÓRIA DA JUSTIÇA (40min)\MJ46 - SEGURANÇA NAS ELEIÇÕES\Sonoras\desktop.ini,NÃO,-,G:\Meu Drive\Arquivos_Pessoais_Para_Verificacao\Outros
G:\Meu Drive\PROGRAMAS\PROGRAMA MEMÓRIA DA JUSTIÇA (40min)\MJ55 - REVITALIZAÇÃO MEMORIAL JUSTIÇA POTIGUAR\Pesquisa MJ55 - Revitalização memorial da justiça.gdoc,SIM,MEMORIA,H:\Meu Drive\01_ROTEIROS/MEMORIA
G:\Meu Drive\PROGRAMAS\PROGRAMA MEMÓRIA DA JUSTIÇA (40min)\MJ55 - REVITALIZAÇÃO MEMORIAL JUSTIÇA POTIGUAR\MJ55 - REVITALIZAÇÃO MEMORIAL DA JUSTIÇA.gdoc,SIM,MEMORIA,H:\Meu Drive\01_ROTEIROS/MEMORIA
G:\Meu Drive\PROGRAMAS\PROGRAMA MEMÓRIA DA JUSTIÇA (40min)\MJ55 - REVITALIZAÇÃO MEMORIAL JUSTIÇA POTIGUAR\desktop.ini,NÃO,-,G:\Meu Drive\Arquivos_Pessoais_Para_Verificacao\Outros
G:\Meu Drive\PROGRAMAS\PROGRAMA MEMÓRIA DA JUSTIÇA (40min)\MJ30 - 6 anos da audiência de custódia\MJ30 - 6 ANOS DA AUDIÊNCIA DE CUSTÓDIA.gdoc,SIM,MEMORIA,H:\Meu Drive\01_ROTEIROS/MEMORIA
G:\Meu Drive\PROGRAMAS\PROGRAMA MEMÓRIA DA JUSTIÇA (40min)\MJ30 - 6 anos da audiência de custódia\Pesquisa 6 anos da audiência de custódia.gdoc,SIM,MEMORIA,H:\Meu Drive\01_ROTEIROS/MEMORIA
G:\Meu Drive\PROGRAMAS\PROGRAMA MEMÓRIA DA JUSTIÇA (40min)\MJ30 - 6 anos da audiência de custódia\desktop.ini,NÃO,-,G:\Meu Drive\Arquivos_Pessoais_Para_Verificacao\Outros
G:\Meu Drive\PROGRAMAS\PROGRAMA MEMÓRIA DA JUSTIÇA (40min)\MJ30 - 6 anos da audiência de custódia\Sonora Dr. Diego\Juiz Diego Dantas 2,NÃO,-,G:\Meu Drive\Arquivos_Pessoais_Para_Verificacao\Outros
G:\Meu Drive\PROGRAMAS\PROGRAMA MEMÓRIA DA JUSTIÇA (40min)\MJ30 - 6 anos da audiência de custódia\Sonora Dr. Diego\Juiz Diego Dantas,NÃO,-,G:\Meu Drive\Arquivos_Pessoais_Para_Verificacao\Outros
G:\Meu Drive\PROGRAMAS\PROGRAMA MEMÓRIA DA JUSTIÇA (40min)\MJ30 - 6 anos da audiência de custódia\Sonora Dr. Diego\desktop.ini,NÃO,-,G:\Meu Drive\Arquivos_Pessoais_Para_Verificacao\Outros
G:\Meu Drive\PROGRAMAS\PROGRAMA MEMÓRIA DA JUSTIÇA (40min)\MJ30 - 6 anos da audiência de custódia\OFF\Off Memória da justiça 30 bloco 1.m4a,SIM,MEMORIA,H:\Meu Drive\02_PRODUCAO/MEMORIA
G:\Meu Drive\PROGRAMAS\PROGRAMA MEMÓRIA DA JUSTIÇA (40min)\MJ30 - 6 anos da audiência de custódia\OFF\Off memória da justiça 30 bloco 2.m4a,SIM,MEMORIA,H:\Meu Drive\02_PRODUCAO/MEMORIA
G:\Meu Drive\PROGRAMAS\PROGRAMA MEMÓRIA DA JUSTIÇA (40min)\MJ30 - 6 anos da audiência de custódia\OFF\OFF 13 memória da justiça.m4a,SIM,MEMORIA,H:\Meu Drive\02_PRODUCAO/MEMORIA
G:\Meu Drive\PROGRAMAS\PROGRAMA MEMÓRIA DA JUSTIÇA (40min)\MJ30 - 6 anos da audiência de custódia\OFF\OFF 20 Memória da justiça.m4a,SIM,MEMORIA,H:\Meu Drive\02_PRODUCAO/MEMORIA
G:\Meu Drive\PROGRAMAS\PROGRAMA MEMÓRIA DA JUSTIÇA (40min)\MJ30 - 6 anos da audiência de custódia\OFF\desktop.ini,NÃO,-,G:\Meu Drive\Arquivos_Pessoais_Para_Verificacao\Outros
G:\Meu Drive\PROGRAMAS\PROGRAMA MEMÓRIA DA JUSTIÇA (40min)\MJ30 - 6 anos da audiência de custódia\Sonora Dr Henrique Baltazar\OFF BRUTO.mp3,SIM,MEMORIA,H:\Meu Drive\02_PRODUCAO/MEMORIA
G:\Meu Drive\PROGRAMAS\PROGRAMA MEMÓRIA DA JUSTIÇA (40min)\MJ30 - 6 anos da audiência de custódia\Sonora Dr Henrique Baltazar\desktop.ini,NÃO,-,G:\Meu Drive\Arquivos_Pessoais_Para_Verificacao\Outros
G:\Meu Drive\PROGRAMAS\PROGRAMA MEMÓRIA DA JUSTIÇA (40min)\MJ30 - 6 anos da audiência de custódia\Sonora Desbargador Cláudio Santos\RESPOSTA 4.m4a,SIM,MEMORIA,H:\Meu Drive\02_PRODUCAO/MEMORIA
G:\Meu Drive\PROGRAMAS\PROGRAMA MEMÓRIA DA JUSTIÇA (40min)\MJ30 - 6 anos da audiência de custódia\Sonora Desbargador Cláudio Santos\RESPOSTA 3.m4a,SIM,MEMORIA,H:\Meu Drive\02_PRODUCAO/MEMORIA
G:\Meu Drive\PROGRAMAS\PROGRAMA MEMÓRIA DA JUSTIÇA (40min)\MJ30 - 6 anos da audiência de custódia\Sonora Desbargador Cláudio Santos\RESPOSTA 2.m4a,SIM,MEMORIA,H:\Meu Drive\02_PRODUCAO/MEMORIA
G:\Meu Drive\PROGRAMAS\PROGRAMA MEMÓRIA DA JUSTIÇA (40min)\MJ30 - 6 anos da audiência de custódia\Sonora Desbargador Cláudio Santos\RESPOSTA 1.m4a,SIM,MEMORIA,H:\Meu Drive\02_PRODUCAO/MEMORIA
G:\Meu Drive\PROGRAMAS\PROGRAMA MEMÓRIA DA JUSTIÇA (40min)\MJ30 - 6 anos da audiência de custódia\Sonora Desbargador Cláudio Santos\RESPOSTA 5.m4a,SIM,MEMORIA,H:\Meu Drive\02_PRODUCAO/MEMORIA
G:\Meu Drive\PROGRAMAS\PROGRAMA MEMÓRIA DA JUSTIÇA (40min)\MJ30 - 6 anos da audiência de custódia\Sonora Desbargador Cláudio Santos\desktop.ini,NÃO,-,G:\Meu Drive\Arquivos_Pessoais_Para_Verificacao\Outros
G:\Meu Drive\PROGRAMAS\PROGRAMA MEMÓRIA DA JUSTIÇA (40min)\MJ30 - 6 anos da audiência de custódia\Sonora Dra. Ticiana Nobre\ÁUDIO 2.m4a,SIM,MEMORIA,H:\Meu Drive\02_PRODUCAO/MEMORIA
G:\Meu Drive\PROGRAMAS\PROGRAMA MEMÓRIA DA JUSTIÇA (40min)\MJ30 - 6 anos da audiência de custódia\Sonora Dra. Ticiana Nobre\AÚDIO 1.m4a,SIM,MEMORIA,H:\Meu Drive\02_PRODUCAO/MEMORIA
G:\Meu Drive\PROGRAMAS\PROGRAMA MEMÓRIA DA JUSTIÇA (40min)\MJ30 - 6 anos da audiência de custódia\Sonora Dra. Ticiana Nobre\ÁUDIO 6.m4a,SIM,MEMORIA,H:\Meu Drive\02_PRODUCAO/MEMORIA
G:\Meu Drive\PROGRAMAS\PROGRAMA MEMÓRIA DA JUSTIÇA (40min)\MJ30 - 6 anos da audiência de custódia\Sonora Dra. Ticiana Nobre\AÚDIO 3.m4a,SIM,MEMORIA,H:\Meu Drive\02_PRODUCAO/MEMORIA
G:\Meu Drive\PROGRAMAS\PROGRAMA MEMÓRIA DA JUSTIÇA (40min)\MJ30 - 6 anos da audiência de custódia\Sonora Dra. Ticiana Nobre\AÚDIO 4.m4a,SIM,MEMORIA,H:\Meu Drive\02_PRODUCAO/MEMORIA
G:\Meu Drive\PROGRAMAS\PROGRAMA MEMÓRIA DA JUSTIÇA (40min)\MJ30 - 6 anos da audiência de custódia\Sonora Dra. Ticiana Nobre\ÁUDIO 5.m4a,SIM,MEMORIA,H:\Meu Drive\02_PRODUCAO/MEMORIA
G:\Meu Drive\PROGRAMAS\PROGRAMA MEMÓRIA DA JUSTIÇA (40min)\MJ30 - 6 anos da audiência de custódia\Sonora Dra. Ticiana Nobre\desktop.ini,NÃO,-,G:\Meu Drive\Arquivos_Pessoais_Para_Verificacao\Outros
G:\Meu Drive\PROGRAMAS\PROGRAMA MEMÓRIA DA JUSTIÇA (40min)\MJ51 - DESEMBARGADOR SARAIVA SOBRINHO\PESQUISA MJ 51 - DES. SARAIVA.gdoc,SIM,MEMORIA,H:\Meu Drive\01_ROTEIROS/MEMORIA
G:\Meu Drive\PROGRAMAS\PROGRAMA MEMÓRIA DA JUSTIÇA (40min)\MJ51 - DESEMBARGADOR SARAIVA SOBRINHO\MEMÓRIA 51 - DES. SARAIVA SOBRINHO.gdoc,SIM,MEMORIA,H:\Meu Drive\01_ROTEIROS/MEMORIA
G:\Meu Drive\PROGRAMAS\PROGRAMA MEMÓRIA DA JUSTIÇA (40min)\MJ51 - DESEMBARGADOR SARAIVA SOBRINHO\desktop.ini,NÃO,-,G:\Meu Drive\Arquivos_Pessoais_Para_Verificacao\Outros
G:\Meu Drive\PROGRAMAS\PROGRAMA MEMÓRIA DA JUSTIÇA (40min)\MJ51 - DESEMBARGADOR SARAIVA SOBRINHO\OFFS\BLOCO 2.mp3,SIM,MEMORIA,H:\Meu Drive\02_PRODUCAO/MEMORIA
G:\Meu Drive\PROGRAMAS\PROGRAMA MEMÓRIA DA JUSTIÇA (40min)\MJ51 - DESEMBARGADOR SARAIVA SOBRINHO\OFFS\BLOCO 1.mp3,SIM,MEMORIA,H:\Meu Drive\02_PRODUCAO/MEMORIA
G:\Meu Drive\PROGRAMAS\PROGRAMA MEMÓRIA DA JUSTIÇA (40min)\MJ51 - DESEMBARGADOR SARAIVA SOBRINHO\OFFS\desktop.ini,NÃO,-,G:\Meu Drive\Arquivos_Pessoais_Para_Verificacao\Outros
G:\Meu Drive\PROGRAMAS\PROGRAMA MEMÓRIA DA JUSTIÇA (40min)\MJ51 - DESEMBARGADOR SARAIVA SOBRINHO\SONORAS\SONORAS.rar,NÃO,-,G:\Meu Drive\Arquivos_Pessoais_Para_Verificacao\Outros
G:\Meu Drive\PROGRAMAS\PROGRAMA MEMÓRIA DA JUSTIÇA (40min)\MJ51 - DESEMBARGADOR SARAIVA SOBRINHO\SONORAS\Desembargador Virgílio.mp3,SIM,MEMORIA,H:\Meu Drive\02_PRODUCAO/MEMORIA
G:\Meu Drive\PROGRAMAS\PROGRAMA MEMÓRIA DA JUSTIÇA (40min)\MJ51 - DESEMBARGADOR SARAIVA SOBRINHO\SONORAS\Assessor Márcio Lima.mp3,SIM,MEMORIA,H:\Meu Drive\02_PRODUCAO/MEMORIA
G:\Meu Drive\PROGRAMAS\PROGRAMA MEMÓRIA DA JUSTIÇA (40min)\MJ51 - DESEMBARGADOR SARAIVA SOBRINHO\SONORAS\Mary Saraiva - esposa.mp3,SIM,MEMORIA,H:\Meu Drive\02_PRODUCAO/MEMORIA
G:\Meu Drive\PROGRAMAS\PROGRAMA MEMÓRIA DA JUSTIÇA (40min)\MJ51 - DESEMBARGADOR SARAIVA SOBRINHO\SONORAS\desktop.ini,NÃO,-,G:\Meu Drive\Arquivos_Pessoais_Para_Verificacao\Outros
G:\Meu Drive\PROGRAMAS\PROGRAMA MEMÓRIA DA JUSTIÇA (40min)\MJ35 - CASA DA JUSTIÇA E CIDADANIA\Pesquisa Casa da justiça e cidadania.gdoc,SIM,MEMORIA,H:\Meu Drive\01_ROTEIROS/MEMORIA
G:\Meu Drive\PROGRAMAS\PROGRAMA MEMÓRIA DA JUSTIÇA (40min)\MJ35 - CASA DA JUSTIÇA E CIDADANIA\MJ35 - CASA DA JUSTIÇA E CIDADANIA BLOCO 2 RUT.mpeg,NÃO,-,G:\Meu Drive\Arquivos_Pessoais_Para_Verificacao\Outros
G:\Meu Drive\PROGRAMAS\PROGRAMA MEMÓRIA DA JUSTIÇA (40min)\MJ35 - CASA DA JUSTIÇA E CIDADANIA\MJ35 - CASA DA JUSTIÇA E CIDADANIA BLOCO 1 RUT.mpeg,NÃO,-,G:\Meu Drive\Arquivos_Pessoais_Para_Verificacao\Outros
G:\Meu Drive\PROGRAMAS\PROGRAMA MEMÓRIA DA JUSTIÇA (40min)\MJ35 - CASA DA JUSTIÇA E CIDADANIA\MJ35 - CASA DA JUSTIÇA E CIDADANIA.gdoc,SIM,MEMORIA,H:\Meu Drive\01_ROTEIROS/MEMORIA
G:\Meu Drive\PROGRAMAS\PROGRAMA MEMÓRIA DA JUSTIÇA (40min)\MJ35 - CASA DA JUSTIÇA E CIDADANIA\desktop.ini,NÃO,-,G:\Meu Drive\Arquivos_Pessoais_Para_Verificacao\Outros
G:\Meu Drive\PROGRAMAS\PROGRAMA MEMÓRIA DA JUSTIÇA (40min)\MJ35 - CASA DA JUSTIÇA E CIDADANIA\OFFS\desktop.ini,NÃO,-,G:\Meu Drive\Arquivos_Pessoais_Para_Verificacao\Outros
G:\Meu Drive\PROGRAMAS\PROGRAMA MEMÓRIA DA JUSTIÇA (40min)\VINHETAS\VH PASSAGEM - MEMORIA DA JUSTIÇA.mp3,SIM,MEMORIA,H:\Meu Drive\02_PRODUCAO/MEMORIA
G:\Meu Drive\PROGRAMAS\PROGRAMA MEMÓRIA DA JUSTIÇA (40min)\VINHETAS\VHT_LUMIAR (online-audio-converter.com).mp3,SIM,MEMORIA,H:\Meu Drive\02_PRODUCAO/MEMORIA
G:\Meu Drive\PROGRAMAS\PROGRAMA MEMÓRIA DA JUSTIÇA (40min)\VINHETAS\CABEÇA.mp3,SIM,MEMORIA,H:\Meu Drive\02_PRODUCAO/MEMORIA
G:\Meu Drive\PROGRAMAS\PROGRAMA MEMÓRIA DA JUSTIÇA (40min)\VINHETAS\INTERVALO.mp3,SIM,MEMORIA,H:\Meu Drive\02_PRODUCAO/MEMORIA
G:\Meu Drive\PROGRAMAS\PROGRAMA MEMÓRIA DA JUSTIÇA (40min)\VINHETAS\VHT ENC - MEMÓRIA DA JUSTIÇA.mp3,SIM,MEMORIA,H:\Meu Drive\02_PRODUCAO/MEMORIA
G:\Meu Drive\PROGRAMAS\PROGRAMA MEMÓRIA DA JUSTIÇA (40min)\VINHETAS\VHT AB - MEMÓRIA DA JUSTIÇA.mp3,SIM,MEMORIA,H:\Meu Drive\02_PRODUCAO/MEMORIA
G:\Meu Drive\PROGRAMAS\PROGRAMA MEMÓRIA DA JUSTIÇA (40min)\VINHETAS\desktop.ini,NÃO,-,G:\Meu Drive\Arquivos_Pessoais_Para_Verificacao\Outros
G:\Meu Drive\PROGRAMAS\PROGRAMA MEMÓRIA DA JUSTIÇA (40min)\MJ29 - 89 anos da Justiça Eleitoral\desktop.ini,NÃO,-,G:\Meu Drive\Arquivos_Pessoais_Para_Verificacao\Outros
G:\Meu Drive\PROGRAMAS\PROGRAMA MEMÓRIA DA JUSTIÇA (40min)\MJ38 - JUSTIÇA NA PRAÇA\Pesquisa MJ38 - JUSTIÇA NA PRAÇA.gdoc,SIM,MEMORIA,H:\Meu Drive\01_ROTEIROS/MEMORIA
G:\Meu Drive\PROGRAMAS\PROGRAMA MEMÓRIA DA JUSTIÇA (40min)\MJ38 - JUSTIÇA NA PRAÇA\MJ38 - JUSTIÇA NA PRAÇA.gdoc,SIM,MEMORIA,H:\Meu Drive\01_ROTEIROS/MEMORIA
G:\Meu Drive\PROGRAMAS\PROGRAMA MEMÓRIA DA JUSTIÇA (40min)\MJ38 - JUSTIÇA NA PRAÇA\desktop.ini,NÃO,-,G:\Meu Drive\Arquivos_Pessoais_Para_Verificacao\Outros
G:\Meu Drive\PROGRAMAS\PROGRAMA MEMÓRIA DA JUSTIÇA (40min)\MJ38 - JUSTIÇA NA PRAÇA\OFFS\desktop.ini,NÃO,-,G:\Meu Drive\Arquivos_Pessoais_Para_Verificacao\Outros
G:\Meu Drive\PROGRAMAS\PROGRAMA MEMÓRIA DA JUSTIÇA (40min)\MJ45 - JUSTIÇA E ESCOLA\MJ45 - JUSTIÇA E ESCOLA.gdoc,SIM,MEMORIA,H:\Meu Drive\01_ROTEIROS/MEMORIA
G:\Meu Drive\PROGRAMAS\PROGRAMA MEMÓRIA DA JUSTIÇA (40min)\MJ45 - JUSTIÇA E ESCOLA\MJ 45 - JUSTIÇA E ESCOLA.gdoc,SIM,MEMORIA,H:\Meu Drive\01_ROTEIROS/MEMORIA
G:\Meu Drive\PROGRAMAS\PROGRAMA MEMÓRIA DA JUSTIÇA (40min)\MJ45 - JUSTIÇA E ESCOLA\desktop.ini,NÃO,-,G:\Meu Drive\Arquivos_Pessoais_Para_Verificacao\Outros
G:\Meu Drive\PROGRAMAS\PROGRAMA MEMÓRIA DA JUSTIÇA (40min)\MJ45 - JUSTIÇA E ESCOLA\Áudios\SONORA Desª Zeneide Bezerra.mp3,SIM,MEMORIA,H:\Meu Drive\02_PRODUCAO/MEMORIA
G:\Meu Drive\PROGRAMAS\PROGRAMA MEMÓRIA DA JUSTIÇA (40min)\MJ45 - JUSTIÇA E ESCOLA\Áudios\SONORA DR  UNDARIO ANDRADE.mp3,SIM,MEMORIA,H:\Meu Drive\02_PRODUCAO/MEMORIA
G:\Meu Drive\PROGRAMAS\PROGRAMA MEMÓRIA DA JUSTIÇA (40min)\MJ45 - JUSTIÇA E ESCOLA\Áudios\desktop.ini,NÃO,-,G:\Meu Drive\Arquivos_Pessoais_Para_Verificacao\Outros
G:\Meu Drive\PROGRAMAS\PROGRAMA MEMÓRIA DA JUSTIÇA (40min)\MJ34 - NOADE\NOADE - Núcleo de orientação e acompanhamento aos usuários e dependentes químicos.gdoc,SIM,MEMORIA,H:\Meu Drive\01_ROTEIROS/MEMORIA
G:\Meu Drive\PROGRAMAS\PROGRAMA MEMÓRIA DA JUSTIÇA (40min)\MJ34 - NOADE\MJ34 - NOADE.gdoc,SIM,MEMORIA,H:\Meu Drive\01_ROTEIROS/MEMORIA
G:\Meu Drive\PROGRAMAS\PROGRAMA MEMÓRIA DA JUSTIÇA (40min)\MJ34 - NOADE\MJ34 - NOADE BLOCO 1.m4a,SIM,MEMORIA,H:\Meu Drive\02_PRODUCAO/MEMORIA
G:\Meu Drive\PROGRAMAS\PROGRAMA MEMÓRIA DA JUSTIÇA (40min)\MJ34 - NOADE\MJ34 - NOADE BLOCO 2.m4a,SIM,MEMORIA,H:\Meu Drive\02_PRODUCAO/MEMORIA
G:\Meu Drive\PROGRAMAS\PROGRAMA MEMÓRIA DA JUSTIÇA (40min)\MJ34 - NOADE\desktop.ini,NÃO,-,G:\Meu Drive\Arquivos_Pessoais_Para_Verificacao\Outros
G:\Meu Drive\PROGRAMAS\PROGRAMA MEMÓRIA DA JUSTIÇA (40min)\MJ34 - NOADE\OFFS\desktop.ini,NÃO,-,G:\Meu Drive\Arquivos_Pessoais_Para_Verificacao\Outros
G:\Meu Drive\PROGRAMAS\PROGRAMA MEMÓRIA DA JUSTIÇA (40min)\MJ36 - PROGRAMA DEVOLVER PARA REPARAR\Pesquisa MJ36 - Programa devolver para reparar.gdoc,SIM,MEMORIA,H:\Meu Drive\01_ROTEIROS/MEMORIA
G:\Meu Drive\PROGRAMAS\PROGRAMA MEMÓRIA DA JUSTIÇA (40min)\MJ36 - PROGRAMA DEVOLVER PARA REPARAR\MJ36 - PROGRAMA DEVOLVER PARA REPARAR.gdoc,SIM,MEMORIA,H:\Meu Drive\01_ROTEIROS/MEMORIA
G:\Meu Drive\PROGRAMAS\PROGRAMA MEMÓRIA DA JUSTIÇA (40min)\MJ36 - PROGRAMA DEVOLVER PARA REPARAR\desktop.ini,NÃO,-,G:\Meu Drive\Arquivos_Pessoais_Para_Verificacao\Outros
G:\Meu Drive\PROGRAMAS\PROGRAMA MEMÓRIA DA JUSTIÇA (40min)\MJ36 - PROGRAMA DEVOLVER PARA REPARAR\OFFS\MJ36 - BLOCO 2.m4a,SIM,MEMORIA,H:\Meu Drive\02_PRODUCAO/MEMORIA
G:\Meu Drive\PROGRAMAS\PROGRAMA MEMÓRIA DA JUSTIÇA (40min)\MJ36 - PROGRAMA DEVOLVER PARA REPARAR\OFFS\MJ36 - BLOCO 1.m4a,SIM,MEMORIA,H:\Meu Drive\02_PRODUCAO/MEMORIA
G:\Meu Drive\PROGRAMAS\PROGRAMA MEMÓRIA DA JUSTIÇA (40min)\MJ36 - PROGRAMA DEVOLVER PARA REPARAR\OFFS\desktop.ini,NÃO,-,G:\Meu Drive\Arquivos_Pessoais_Para_Verificacao\Outros
G:\Meu Drive\PROGRAMAS\PROGRAMA MEMÓRIA DA JUSTIÇA (40min)\MJ57 - Desembargador João Rebouças\PROG 57 - DES JOÃO REBOUÇAS.mp3,SIM,MEMORIA,H:\Meu Drive\02_PRODUCAO/MEMORIA
G:\Meu Drive\PROGRAMAS\PROGRAMA MEMÓRIA DA JUSTIÇA (40min)\MJ57 - Desembargador João Rebouças\PESQUISA MJ 57 - DES. JOÃO REBOUÇAS.gdoc,SIM,MEMORIA,H:\Meu Drive\01_ROTEIROS/MEMORIA
G:\Meu Drive\PROGRAMAS\PROGRAMA MEMÓRIA DA JUSTIÇA (40min)\MJ57 - Desembargador João Rebouças\MEMÓRIA DA JUSTIÇA 57 - DES. JOÃO REBOUÇAS.gdoc,SIM,MEMORIA,H:\Meu Drive\01_ROTEIROS/MEMORIA
G:\Meu Drive\PROGRAMAS\PROGRAMA MEMÓRIA DA JUSTIÇA (40min)\MJ57 - Desembargador João Rebouças\desktop.ini,NÃO,-,G:\Meu Drive\Arquivos_Pessoais_Para_Verificacao\Outros
G:\Meu Drive\PROGRAMAS\PROGRAMA MEMÓRIA DA JUSTIÇA (40min)\MJ57 - Desembargador João Rebouças\ORIGINAIS\Isabela Rebouças.m4a,SIM,MEMORIA,H:\Meu Drive\02_PRODUCAO/MEMORIA
G:\Meu Drive\PROGRAMAS\PROGRAMA MEMÓRIA DA JUSTIÇA (40min)\MJ57 - Desembargador João Rebouças\ORIGINAIS\Gabriella Rebouças.mp4,NÃO,-,G:\Meu Drive\Arquivos_Pessoais_Para_Verificacao\Imagens_e_Videos
G:\Meu Drive\PROGRAMAS\PROGRAMA MEMÓRIA DA JUSTIÇA (40min)\MJ57 - Desembargador João Rebouças\ORIGINAIS\Desembargador Virgilio.ogg,NÃO,-,G:\Meu Drive\Arquivos_Pessoais_Para_Verificacao\Audios_Diversos
G:\Meu Drive\PROGRAMAS\PROGRAMA MEMÓRIA DA JUSTIÇA (40min)\MJ57 - Desembargador João Rebouças\ORIGINAIS\Staine Valle.mpeg,NÃO,-,G:\Meu Drive\Arquivos_Pessoais_Para_Verificacao\Outros
G:\Meu Drive\PROGRAMAS\PROGRAMA MEMÓRIA DA JUSTIÇA (40min)\MJ57 - Desembargador João Rebouças\ORIGINAIS\desktop.ini,NÃO,-,G:\Meu Drive\Arquivos_Pessoais_Para_Verificacao\Outros
G:\Meu Drive\PROGRAMAS\PROGRAMA MEMÓRIA DA JUSTIÇA (40min)\MJ42 - CONSTRUÇÃO PARTICIPAÇÃO FEMININA TJRN\MJ 42 - CONSTRUÇÃO PARTICIPAÇÃO FEMININA TJRN_BAK.VIP,NÃO,-,G:\Meu Drive\Arquivos_Pessoais_Para_Verificacao\Outros
G:\Meu Drive\PROGRAMAS\PROGRAMA MEMÓRIA DA JUSTIÇA (40min)\MJ42 - CONSTRUÇÃO PARTICIPAÇÃO FEMININA TJRN\MJ 42 - CONSTRUÇÃO PARTICIPAÇÃO FEMININA TJRN.VIP,NÃO,-,G:\Meu Drive\Arquivos_Pessoais_Para_Verificacao\Outros
G:\Meu Drive\PROGRAMAS\PROGRAMA MEMÓRIA DA JUSTIÇA (40min)\MJ42 - CONSTRUÇÃO PARTICIPAÇÃO FEMININA TJRN\MJ 42 - CONSTRUÇÃO PARTICIPAÇÃO FEMININA TJRN.mp3,SIM,MEMORIA,H:\Meu Drive\02_PRODUCAO/MEMORIA
G:\Meu Drive\PROGRAMAS\PROGRAMA MEMÓRIA DA JUSTIÇA (40min)\MJ42 - CONSTRUÇÃO PARTICIPAÇÃO FEMININA TJRN\MJ 42 - BL1.mp3,SIM,MEMORIA,H:\Meu Drive\02_PRODUCAO/MEMORIA
G:\Meu Drive\PROGRAMAS\PROGRAMA MEMÓRIA DA JUSTIÇA (40min)\MJ42 - CONSTRUÇÃO PARTICIPAÇÃO FEMININA TJRN\Pesquisa MJ42 - CONSTRUÇÃO PARTICIPAÇÃO FEMININA TJRN.gdoc,SIM,MEMORIA,H:\Meu Drive\01_ROTEIROS/MEMORIA
G:\Meu Drive\PROGRAMAS\PROGRAMA MEMÓRIA DA JUSTIÇA (40min)\MJ42 - CONSTRUÇÃO PARTICIPAÇÃO FEMININA TJRN\MJ 42 - CONSTRUÇÃO PARTICIPAÇÃO FEMININA TJRN.gdoc,SIM,MEMORIA,H:\Meu Drive\01_ROTEIROS/MEMORIA
G:\Meu Drive\PROGRAMAS\PROGRAMA MEMÓRIA DA JUSTIÇA (40min)\MJ42 - CONSTRUÇÃO PARTICIPAÇÃO FEMININA TJRN\desktop.ini,NÃO,-,G:\Meu Drive\Arquivos_Pessoais_Para_Verificacao\Outros
G:\Meu Drive\PROGRAMAS\PROGRAMA MEMÓRIA DA JUSTIÇA (40min)\MJ42 - CONSTRUÇÃO PARTICIPAÇÃO FEMININA TJRN\EDIT\OFF12.HMP,NÃO,-,G:\Meu Drive\Arquivos_Pessoais_Para_Verificacao\Outros
G:\Meu Drive\PROGRAMAS\PROGRAMA MEMÓRIA DA JUSTIÇA (40min)\MJ42 - CONSTRUÇÃO PARTICIPAÇÃO FEMININA TJRN\EDIT\OFF11.mp3,SIM,MEMORIA,H:\Meu Drive\02_PRODUCAO/MEMORIA
G:\Meu Drive\PROGRAMAS\PROGRAMA MEMÓRIA DA JUSTIÇA (40min)\MJ42 - CONSTRUÇÃO PARTICIPAÇÃO FEMININA TJRN\EDIT\OFF11.HMP,NÃO,-,G:\Meu Drive\Arquivos_Pessoais_Para_Verificacao\Outros
G:\Meu Drive\PROGRAMAS\PROGRAMA MEMÓRIA DA JUSTIÇA (40min)\MJ42 - CONSTRUÇÃO PARTICIPAÇÃO FEMININA TJRN\EDIT\S04.mp3,SIM,MEMORIA,H:\Meu Drive\02_PRODUCAO/MEMORIA
G:\Meu Drive\PROGRAMAS\PROGRAMA MEMÓRIA DA JUSTIÇA (40min)\MJ42 - CONSTRUÇÃO PARTICIPAÇÃO FEMININA TJRN\EDIT\OFF02.mp3,SIM,MEMORIA,H:\Meu Drive\02_PRODUCAO/MEMORIA
G:\Meu Drive\PROGRAMAS\PROGRAMA MEMÓRIA DA JUSTIÇA (40min)\MJ42 - CONSTRUÇÃO PARTICIPAÇÃO FEMININA TJRN\EDIT\OFF06.HM2,NÃO,-,G:\Meu Drive\Arquivos_Pessoais_Para_Verificacao\Outros
G:\Meu Drive\PROGRAMAS\PROGRAMA MEMÓRIA DA JUSTIÇA (40min)\MJ42 - CONSTRUÇÃO PARTICIPAÇÃO FEMININA TJRN\EDIT\S07.mp3,SIM,MEMORIA,H:\Meu Drive\02_PRODUCAO/MEMORIA
G:\Meu Drive\PROGRAMAS\PROGRAMA MEMÓRIA DA JUSTIÇA (40min)\MJ42 - CONSTRUÇÃO PARTICIPAÇÃO FEMININA TJRN\EDIT\S07.HM2,NÃO,-,G:\Meu Drive\Arquivos_Pessoais_Para_Verificacao\Outros
G:\Meu Drive\PROGRAMAS\PROGRAMA MEMÓRIA DA JUSTIÇA (40min)\MJ42 - CONSTRUÇÃO PARTICIPAÇÃO FEMININA TJRN\EDIT\OFF11.HM2,NÃO,-,G:\Meu Drive\Arquivos_Pessoais_Para_Verificacao\Outros
G:\Meu Drive\PROGRAMAS\PROGRAMA MEMÓRIA DA JUSTIÇA (40min)\MJ42 - CONSTRUÇÃO PARTICIPAÇÃO FEMININA TJRN\EDIT\S03.HMP,NÃO,-,G:\Meu Drive\Arquivos_Pessoais_Para_Verificacao\Outros
G:\Meu Drive\PROGRAMAS\PROGRAMA MEMÓRIA DA JUSTIÇA (40min)\MJ42 - CONSTRUÇÃO PARTICIPAÇÃO FEMININA TJRN\EDIT\OFF09.mp3,SIM,MEMORIA,H:\Meu Drive\02_PRODUCAO/MEMORIA
G:\Meu Drive\PROGRAMAS\PROGRAMA MEMÓRIA DA JUSTIÇA (40min)\MJ42 - CONSTRUÇÃO PARTICIPAÇÃO FEMININA TJRN\EDIT\OFF10.HMP,NÃO,-,G:\Meu Drive\Arquivos_Pessoais_Para_Verificacao\Outros
G:\Meu Drive\PROGRAMAS\PROGRAMA MEMÓRIA DA JUSTIÇA (40min)\MJ42 - CONSTRUÇÃO PARTICIPAÇÃO FEMININA TJRN\EDIT\S04.HM2,NÃO,-,G:\Meu Drive\Arquivos_Pessoais_Para_Verificacao\Outros
G:\Meu Drive\PROGRAMAS\PROGRAMA MEMÓRIA DA JUSTIÇA (40min)\MJ42 - CONSTRUÇÃO PARTICIPAÇÃO FEMININA TJRN\EDIT\S09.HMP,NÃO,-,G:\Meu Drive\Arquivos_Pessoais_Para_Verificacao\Outros
G:\Meu Drive\PROGRAMAS\PROGRAMA MEMÓRIA DA JUSTIÇA (40min)\MJ42 - CONSTRUÇÃO PARTICIPAÇÃO FEMININA TJRN\EDIT\OFF09.HM2,NÃO,-,G:\Meu Drive\Arquivos_Pessoais_Para_Verificacao\Outros
G:\Meu Drive\PROGRAMAS\PROGRAMA MEMÓRIA DA JUSTIÇA (40min)\MJ42 - CONSTRUÇÃO PARTICIPAÇÃO FEMININA TJRN\EDIT\S04.HMP,NÃO,-,G:\Meu Drive\Arquivos_Pessoais_Para_Verificacao\Outros
G:\Meu Drive\PROGRAMAS\PROGRAMA MEMÓRIA DA JUSTIÇA (40min)\MJ42 - CONSTRUÇÃO PARTICIPAÇÃO FEMININA TJRN\EDIT\S08.HMP,NÃO,-,G:\Meu Drive\Arquivos_Pessoais_Para_Verificacao\Outros
G:\Meu Drive\PROGRAMAS\PROGRAMA MEMÓRIA DA JUSTIÇA (40min)\MJ42 - CONSTRUÇÃO PARTICIPAÇÃO FEMININA TJRN\EDIT\S01.HMP,NÃO,-,G:\Meu Drive\Arquivos_Pessoais_Para_Verificacao\Outros
G:\Meu Drive\PROGRAMAS\PROGRAMA MEMÓRIA DA JUSTIÇA (40min)\MJ42 - CONSTRUÇÃO PARTICIPAÇÃO FEMININA TJRN\EDIT\OFF07.HMP,NÃO,-,G:\Meu Drive\Arquivos_Pessoais_Para_Verificacao\Outros
G:\Meu Drive\PROGRAMAS\PROGRAMA MEMÓRIA DA JUSTIÇA (40min)\MJ42 - CONSTRUÇÃO PARTICIPAÇÃO FEMININA TJRN\EDIT\S02.mp3,SIM,MEMORIA,H:\Meu Drive\02_PRODUCAO/MEMORIA
G:\Meu Drive\PROGRAMAS\PROGRAMA MEMÓRIA DA JUSTIÇA (40min)\MJ42 - CONSTRUÇÃO PARTICIPAÇÃO FEMININA TJRN\EDIT\OFF05.mp3,SIM,MEMORIA,H:\Meu Drive\02_PRODUCAO/MEMORIA
G:\Meu Drive\PROGRAMAS\PROGRAMA MEMÓRIA DA JUSTIÇA (40min)\MJ42 - CONSTRUÇÃO PARTICIPAÇÃO FEMININA TJRN\EDIT\OFF08.HM2,NÃO,-,G:\Meu Drive\Arquivos_Pessoais_Para_Verificacao\Outros
G:\Meu Drive\PROGRAMAS\PROGRAMA MEMÓRIA DA JUSTIÇA (40min)\MJ42 - CONSTRUÇÃO PARTICIPAÇÃO FEMININA TJRN\EDIT\S06.HM2,NÃO,-,G:\Meu Drive\Arquivos_Pessoais_Para_Verificacao\Outros
G:\Meu Drive\PROGRAMAS\PROGRAMA MEMÓRIA DA JUSTIÇA (40min)\MJ42 - CONSTRUÇÃO PARTICIPAÇÃO FEMININA TJRN\EDIT\OFF04.HM2,NÃO,-,G:\Meu Drive\Arquivos_Pessoais_Para_Verificacao\Outros
G:\Meu Drive\PROGRAMAS\PROGRAMA MEMÓRIA DA JUSTIÇA (40min)\MJ42 - CONSTRUÇÃO PARTICIPAÇÃO FEMININA TJRN\EDIT\S05.mp3,SIM,MEMORIA,H:\Meu Drive\02_PRODUCAO/MEMORIA
G:\Meu Drive\PROGRAMAS\PROGRAMA MEMÓRIA DA JUSTIÇA (40min)\MJ42 - CONSTRUÇÃO PARTICIPAÇÃO FEMININA TJRN\EDIT\S06.HMP,NÃO,-,G:\Meu Drive\Arquivos_Pessoais_Para_Verificacao\Outros
G:\Meu Drive\PROGRAMAS\PROGRAMA MEMÓRIA DA JUSTIÇA (40min)\MJ42 - CONSTRUÇÃO PARTICIPAÇÃO FEMININA TJRN\EDIT\S05.HMP,NÃO,-,G:\Meu Drive\Arquivos_Pessoais_Para_Verificacao\Outros
G:\Meu Drive\PROGRAMAS\PROGRAMA MEMÓRIA DA JUSTIÇA (40min)\MJ42 - CONSTRUÇÃO PARTICIPAÇÃO FEMININA TJRN\EDIT\S08.HM2,NÃO,-,G:\Meu Drive\Arquivos_Pessoais_Para_Verificacao\Outros
G:\Meu Drive\PROGRAMAS\PROGRAMA MEMÓRIA DA JUSTIÇA (40min)\MJ42 - CONSTRUÇÃO PARTICIPAÇÃO FEMININA TJRN\EDIT\S02.HM2,NÃO,-,G:\Meu Drive\Arquivos_Pessoais_Para_Verificacao\Outros
G:\Meu Drive\PROGRAMAS\PROGRAMA MEMÓRIA DA JUSTIÇA (40min)\MJ42 - CONSTRUÇÃO PARTICIPAÇÃO FEMININA TJRN\EDIT\S01.mp3,SIM,MEMORIA,H:\Meu Drive\02_PRODUCAO/MEMORIA
G:\Meu Drive\PROGRAMAS\PROGRAMA MEMÓRIA DA JUSTIÇA (40min)\MJ42 - CONSTRUÇÃO PARTICIPAÇÃO FEMININA TJRN\EDIT\OFF05.HMP,NÃO,-,G:\Meu Drive\Arquivos_Pessoais_Para_Verificacao\Outros
G:\Meu Drive\PROGRAMAS\PROGRAMA MEMÓRIA DA JUSTIÇA (40min)\MJ42 - CONSTRUÇÃO PARTICIPAÇÃO FEMININA TJRN\EDIT\OFF02.HMP,NÃO,-,G:\Meu Drive\Arquivos_Pessoais_Para_Verificacao\Outros
G:\Meu Drive\PROGRAMAS\PROGRAMA MEMÓRIA DA JUSTIÇA (40min)\MJ42 - CONSTRUÇÃO PARTICIPAÇÃO FEMININA TJRN\EDIT\S05.HM2,NÃO,-,G:\Meu Drive\Arquivos_Pessoais_Para_Verificacao\Outros
G:\Meu Drive\PROGRAMAS\PROGRAMA MEMÓRIA DA JUSTIÇA (40min)\MJ42 - CONSTRUÇÃO PARTICIPAÇÃO FEMININA TJRN\EDIT\OFF01.HM2,NÃO,-,G:\Meu Drive\Arquivos_Pessoais_Para_Verificacao\Outros
G:\Meu Drive\PROGRAMAS\PROGRAMA MEMÓRIA DA JUSTIÇA (40min)\MJ42 - CONSTRUÇÃO PARTICIPAÇÃO FEMININA TJRN\EDIT\S02.HMP,NÃO,-,G:\Meu Drive\Arquivos_Pessoais_Para_Verificacao\Outros
G:\Meu Drive\PROGRAMAS\PROGRAMA MEMÓRIA DA JUSTIÇA (40min)\MJ42 - CONSTRUÇÃO PARTICIPAÇÃO FEMININA TJRN\EDIT\OFF08.HMP,NÃO,-,G:\Meu Drive\Arquivos_Pessoais_Para_Verificacao\Outros
G:\Meu Drive\PROGRAMAS\PROGRAMA MEMÓRIA DA JUSTIÇA (40min)\MJ42 - CONSTRUÇÃO PARTICIPAÇÃO FEMININA TJRN\EDIT\OFF07.mp3,SIM,MEMORIA,H:\Meu Drive\02_PRODUCAO/MEMORIA
G:\Meu Drive\PROGRAMAS\PROGRAMA MEMÓRIA DA JUSTIÇA (40min)\MJ42 - CONSTRUÇÃO PARTICIPAÇÃO FEMININA TJRN\EDIT\OFF08.mp3,SIM,MEMORIA,H:\Meu Drive\02_PRODUCAO/MEMORIA
G:\Meu Drive\PROGRAMAS\PROGRAMA MEMÓRIA DA JUSTIÇA (40min)\MJ42 - CONSTRUÇÃO PARTICIPAÇÃO FEMININA TJRN\EDIT\S07.HMP,NÃO,-,G:\Meu Drive\Arquivos_Pessoais_Para_Verificacao\Outros
G:\Meu Drive\PROGRAMAS\PROGRAMA MEMÓRIA DA JUSTIÇA (40min)\MJ42 - CONSTRUÇÃO PARTICIPAÇÃO FEMININA TJRN\EDIT\OFF06.HMP,NÃO,-,G:\Meu Drive\Arquivos_Pessoais_Para_Verificacao\Outros
G:\Meu Drive\PROGRAMAS\PROGRAMA MEMÓRIA DA JUSTIÇA (40min)\MJ42 - CONSTRUÇÃO PARTICIPAÇÃO FEMININA TJRN\EDIT\OFF06.mp3,SIM,MEMORIA,H:\Meu Drive\02_PRODUCAO/MEMORIA
G:\Meu Drive\PROGRAMAS\PROGRAMA MEMÓRIA DA JUSTIÇA (40min)\MJ42 - CONSTRUÇÃO PARTICIPAÇÃO FEMININA TJRN\EDIT\S03.HM2,NÃO,-,G:\Meu Drive\Arquivos_Pessoais_Para_Verificacao\Outros
G:\Meu Drive\PROGRAMAS\PROGRAMA MEMÓRIA DA JUSTIÇA (40min)\MJ42 - CONSTRUÇÃO PARTICIPAÇÃO FEMININA TJRN\EDIT\OFF10.mp3,SIM,MEMORIA,H:\Meu Drive\02_PRODUCAO/MEMORIA
G:\Meu Drive\PROGRAMAS\PROGRAMA MEMÓRIA DA JUSTIÇA (40min)\MJ42 - CONSTRUÇÃO PARTICIPAÇÃO FEMININA TJRN\EDIT\OFF10.HM2,NÃO,-,G:\Meu Drive\Arquivos_Pessoais_Para_Verificacao\Outros
G:\Meu Drive\PROGRAMAS\PROGRAMA MEMÓRIA DA JUSTIÇA (40min)\MJ42 - CONSTRUÇÃO PARTICIPAÇÃO FEMININA TJRN\EDIT\OFF03.HM2,NÃO,-,G:\Meu Drive\Arquivos_Pessoais_Para_Verificacao\Outros
G:\Meu Drive\PROGRAMAS\PROGRAMA MEMÓRIA DA JUSTIÇA (40min)\MJ42 - CONSTRUÇÃO PARTICIPAÇÃO FEMININA TJRN\EDIT\OFF07.HM2,NÃO,-,G:\Meu Drive\Arquivos_Pessoais_Para_Verificacao\Outros
G:\Meu Drive\PROGRAMAS\PROGRAMA MEMÓRIA DA JUSTIÇA (40min)\MJ42 - CONSTRUÇÃO PARTICIPAÇÃO FEMININA TJRN\EDIT\OFF03.mp3,SIM,MEMORIA,H:\Meu Drive\02_PRODUCAO/MEMORIA
G:\Meu Drive\PROGRAMAS\PROGRAMA MEMÓRIA DA JUSTIÇA (40min)\MJ42 - CONSTRUÇÃO PARTICIPAÇÃO FEMININA TJRN\EDIT\OFF03.HMP,NÃO,-,G:\Meu Drive\Arquivos_Pessoais_Para_Verificacao\Outros
G:\Meu Drive\PROGRAMAS\PROGRAMA MEMÓRIA DA JUSTIÇA (40min)\MJ42 - CONSTRUÇÃO PARTICIPAÇÃO FEMININA TJRN\EDIT\S03.mp3,SIM,MEMORIA,H:\Meu Drive\02_PRODUCAO/MEMORIA
G:\Meu Drive\PROGRAMAS\PROGRAMA MEMÓRIA DA JUSTIÇA (40min)\MJ42 - CONSTRUÇÃO PARTICIPAÇÃO FEMININA TJRN\EDIT\OFF04.HMP,NÃO,-,G:\Meu Drive\Arquivos_Pessoais_Para_Verificacao\Outros
G:\Meu Drive\PROGRAMAS\PROGRAMA MEMÓRIA DA JUSTIÇA (40min)\MJ42 - CONSTRUÇÃO PARTICIPAÇÃO FEMININA TJRN\EDIT\S01.HM2,NÃO,-,G:\Meu Drive\Arquivos_Pessoais_Para_Verificacao\Outros
G:\Meu Drive\PROGRAMAS\PROGRAMA MEMÓRIA DA JUSTIÇA (40min)\MJ42 - CONSTRUÇÃO PARTICIPAÇÃO FEMININA TJRN\EDIT\OFF04.mp3,SIM,MEMORIA,H:\Meu Drive\02_PRODUCAO/MEMORIA
G:\Meu Drive\PROGRAMAS\PROGRAMA MEMÓRIA DA JUSTIÇA (40min)\MJ42 - CONSTRUÇÃO PARTICIPAÇÃO FEMININA TJRN\EDIT\S06.mp3,SIM,MEMORIA,H:\Meu Drive\02_PRODUCAO/MEMORIA
G:\Meu Drive\PROGRAMAS\PROGRAMA MEMÓRIA DA JUSTIÇA (40min)\MJ42 - CONSTRUÇÃO PARTICIPAÇÃO FEMININA TJRN\EDIT\OFF12.HM2,NÃO,-,G:\Meu Drive\Arquivos_Pessoais_Para_Verificacao\Outros
G:\Meu Drive\PROGRAMAS\PROGRAMA MEMÓRIA DA JUSTIÇA (40min)\MJ42 - CONSTRUÇÃO PARTICIPAÇÃO FEMININA TJRN\EDIT\OFF05.HM2,NÃO,-,G:\Meu Drive\Arquivos_Pessoais_Para_Verificacao\Outros
G:\Meu Drive\PROGRAMAS\PROGRAMA MEMÓRIA DA JUSTIÇA (40min)\MJ42 - CONSTRUÇÃO PARTICIPAÇÃO FEMININA TJRN\EDIT\S09.mp3,SIM,MEMORIA,H:\Meu Drive\02_PRODUCAO/MEMORIA
G:\Meu Drive\PROGRAMAS\PROGRAMA MEMÓRIA DA JUSTIÇA (40min)\MJ42 - CONSTRUÇÃO PARTICIPAÇÃO FEMININA TJRN\EDIT\OFF02.HM2,NÃO,-,G:\Meu Drive\Arquivos_Pessoais_Para_Verificacao\Outros
G:\Meu Drive\PROGRAMAS\PROGRAMA MEMÓRIA DA JUSTIÇA (40min)\MJ42 - CONSTRUÇÃO PARTICIPAÇÃO FEMININA TJRN\EDIT\OFF09.HMP,NÃO,-,G:\Meu Drive\Arquivos_Pessoais_Para_Verificacao\Outros
G:\Meu Drive\PROGRAMAS\PROGRAMA MEMÓRIA DA JUSTIÇA (40min)\MJ42 - CONSTRUÇÃO PARTICIPAÇÃO FEMININA TJRN\EDIT\OFF12.mp3,SIM,MEMORIA,H:\Meu Drive\02_PRODUCAO/MEMORIA
G:\Meu Drive\PROGRAMAS\PROGRAMA MEMÓRIA DA JUSTIÇA (40min)\MJ42 - CONSTRUÇÃO PARTICIPAÇÃO FEMININA TJRN\EDIT\S08.mp3,SIM,MEMORIA,H:\Meu Drive\02_PRODUCAO/MEMORIA
G:\Meu Drive\PROGRAMAS\PROGRAMA MEMÓRIA DA JUSTIÇA (40min)\MJ42 - CONSTRUÇÃO PARTICIPAÇÃO FEMININA TJRN\EDIT\OFF01.mp3,SIM,MEMORIA,H:\Meu Drive\02_PRODUCAO/MEMORIA
G:\Meu Drive\PROGRAMAS\PROGRAMA MEMÓRIA DA JUSTIÇA (40min)\MJ42 - CONSTRUÇÃO PARTICIPAÇÃO FEMININA TJRN\EDIT\S09.HM2,NÃO,-,G:\Meu Drive\Arquivos_Pessoais_Para_Verificacao\Outros
G:\Meu Drive\PROGRAMAS\PROGRAMA MEMÓRIA DA JUSTIÇA (40min)\MJ42 - CONSTRUÇÃO PARTICIPAÇÃO FEMININA TJRN\EDIT\OFF01.HMP,NÃO,-,G:\Meu Drive\Arquivos_Pessoais_Para_Verificacao\Outros
G:\Meu Drive\PROGRAMAS\PROGRAMA MEMÓRIA DA JUSTIÇA (40min)\MJ42 - CONSTRUÇÃO PARTICIPAÇÃO FEMININA TJRN\EDIT\desktop.ini,NÃO,-,G:\Meu Drive\Arquivos_Pessoais_Para_Verificacao\Outros
G:\Meu Drive\PROGRAMAS\PROGRAMA MEMÓRIA DA JUSTIÇA (40min)\MJ42 - CONSTRUÇÃO PARTICIPAÇÃO FEMININA TJRN\EDIT\B2\OFF21.HM2,NÃO,-,G:\Meu Drive\Arquivos_Pessoais_Para_Verificacao\Outros
G:\Meu Drive\PROGRAMAS\PROGRAMA MEMÓRIA DA JUSTIÇA (40min)\MJ42 - CONSTRUÇÃO PARTICIPAÇÃO FEMININA TJRN\EDIT\B2\OFF19.mp3,SIM,MEMORIA,H:\Meu Drive\02_PRODUCAO/MEMORIA
G:\Meu Drive\PROGRAMAS\PROGRAMA MEMÓRIA DA JUSTIÇA (40min)\MJ42 - CONSTRUÇÃO PARTICIPAÇÃO FEMININA TJRN\EDIT\B2\S10.HM2,NÃO,-,G:\Meu Drive\Arquivos_Pessoais_Para_Verificacao\Outros
G:\Meu Drive\PROGRAMAS\PROGRAMA MEMÓRIA DA JUSTIÇA (40min)\MJ42 - CONSTRUÇÃO PARTICIPAÇÃO FEMININA TJRN\EDIT\B2\OFF17.HMP,NÃO,-,G:\Meu Drive\Arquivos_Pessoais_Para_Verificacao\Outros
G:\Meu Drive\PROGRAMAS\PROGRAMA MEMÓRIA DA JUSTIÇA (40min)\MJ42 - CONSTRUÇÃO PARTICIPAÇÃO FEMININA TJRN\EDIT\B2\S15.mp3,SIM,MEMORIA,H:\Meu Drive\02_PRODUCAO/MEMORIA
G:\Meu Drive\PROGRAMAS\PROGRAMA MEMÓRIA DA JUSTIÇA (40min)\MJ42 - CONSTRUÇÃO PARTICIPAÇÃO FEMININA TJRN\EDIT\B2\S15.HM2,NÃO,-,G:\Meu Drive\Arquivos_Pessoais_Para_Verificacao\Outros
G:\Meu Drive\PROGRAMAS\PROGRAMA MEMÓRIA DA JUSTIÇA (40min)\MJ42 - CONSTRUÇÃO PARTICIPAÇÃO FEMININA TJRN\EDIT\B2\S12.HMP,NÃO,-,G:\Meu Drive\Arquivos_Pessoais_Para_Verificacao\Outros
G:\Meu Drive\PROGRAMAS\PROGRAMA MEMÓRIA DA JUSTIÇA (40min)\MJ42 - CONSTRUÇÃO PARTICIPAÇÃO FEMININA TJRN\EDIT\B2\S11.HMP,NÃO,-,G:\Meu Drive\Arquivos_Pessoais_Para_Verificacao\Outros
G:\Meu Drive\PROGRAMAS\PROGRAMA MEMÓRIA DA JUSTIÇA (40min)\MJ42 - CONSTRUÇÃO PARTICIPAÇÃO FEMININA TJRN\EDIT\B2\OFF20.mp3,SIM,MEMORIA,H:\Meu Drive\02_PRODUCAO/MEMORIA
G:\Meu Drive\PROGRAMAS\PROGRAMA MEMÓRIA DA JUSTIÇA (40min)\MJ42 - CONSTRUÇÃO PARTICIPAÇÃO FEMININA TJRN\EDIT\B2\S14.HMP,NÃO,-,G:\Meu Drive\Arquivos_Pessoais_Para_Verificacao\Outros
G:\Meu Drive\PROGRAMAS\PROGRAMA MEMÓRIA DA JUSTIÇA (40min)\MJ42 - CONSTRUÇÃO PARTICIPAÇÃO FEMININA TJRN\EDIT\B2\S11.HM2,NÃO,-,G:\Meu Drive\Arquivos_Pessoais_Para_Verificacao\Outros
G:\Meu Drive\PROGRAMAS\PROGRAMA MEMÓRIA DA JUSTIÇA (40min)\MJ42 - CONSTRUÇÃO PARTICIPAÇÃO FEMININA TJRN\EDIT\B2\S13.HM2,NÃO,-,G:\Meu Drive\Arquivos_Pessoais_Para_Verificacao\Outros
G:\Meu Drive\PROGRAMAS\PROGRAMA MEMÓRIA DA JUSTIÇA (40min)\MJ42 - CONSTRUÇÃO PARTICIPAÇÃO FEMININA TJRN\EDIT\B2\S13.mp3,SIM,MEMORIA,H:\Meu Drive\02_PRODUCAO/MEMORIA
G:\Meu Drive\PROGRAMAS\PROGRAMA MEMÓRIA DA JUSTIÇA (40min)\MJ42 - CONSTRUÇÃO PARTICIPAÇÃO FEMININA TJRN\EDIT\B2\S10.mp3,SIM,MEMORIA,H:\Meu Drive\02_PRODUCAO/MEMORIA
G:\Meu Drive\PROGRAMAS\PROGRAMA MEMÓRIA DA JUSTIÇA (40min)\MJ42 - CONSTRUÇÃO PARTICIPAÇÃO FEMININA TJRN\EDIT\B2\OFF13.HM2,NÃO,-,G:\Meu Drive\Arquivos_Pessoais_Para_Verificacao\Outros
G:\Meu Drive\PROGRAMAS\PROGRAMA MEMÓRIA DA JUSTIÇA (40min)\MJ42 - CONSTRUÇÃO PARTICIPAÇÃO FEMININA TJRN\EDIT\B2\S12 OK.HMP,NÃO,-,G:\Meu Drive\Arquivos_Pessoais_Para_Verificacao\Outros
G:\Meu Drive\PROGRAMAS\PROGRAMA MEMÓRIA DA JUSTIÇA (40min)\MJ42 - CONSTRUÇÃO PARTICIPAÇÃO FEMININA TJRN\EDIT\B2\OFF18.mp3,SIM,MEMORIA,H:\Meu Drive\02_PRODUCAO/MEMORIA
G:\Meu Drive\PROGRAMAS\PROGRAMA MEMÓRIA DA JUSTIÇA (40min)\MJ42 - CONSTRUÇÃO PARTICIPAÇÃO FEMININA TJRN\EDIT\B2\OFF18.HMP,NÃO,-,G:\Meu Drive\Arquivos_Pessoais_Para_Verificacao\Outros
G:\Meu Drive\PROGRAMAS\PROGRAMA MEMÓRIA DA JUSTIÇA (40min)\MJ42 - CONSTRUÇÃO PARTICIPAÇÃO FEMININA TJRN\EDIT\B2\OFF14.mp3,SIM,MEMORIA,H:\Meu Drive\02_PRODUCAO/MEMORIA
G:\Meu Drive\PROGRAMAS\PROGRAMA MEMÓRIA DA JUSTIÇA (40min)\MJ42 - CONSTRUÇÃO PARTICIPAÇÃO FEMININA TJRN\EDIT\B2\S11.mp3,SIM,MEMORIA,H:\Meu Drive\02_PRODUCAO/MEMORIA
G:\Meu Drive\PROGRAMAS\PROGRAMA MEMÓRIA DA JUSTIÇA (40min)\MJ42 - CONSTRUÇÃO PARTICIPAÇÃO FEMININA TJRN\EDIT\B2\S16.mp3,SIM,MEMORIA,H:\Meu Drive\02_PRODUCAO/MEMORIA
G:\Meu Drive\PROGRAMAS\PROGRAMA MEMÓRIA DA JUSTIÇA (40min)\MJ42 - CONSTRUÇÃO PARTICIPAÇÃO FEMININA TJRN\EDIT\B2\OFF13.mp3,SIM,MEMORIA,H:\Meu Drive\02_PRODUCAO/MEMORIA
G:\Meu Drive\PROGRAMAS\PROGRAMA MEMÓRIA DA JUSTIÇA (40min)\MJ42 - CONSTRUÇÃO PARTICIPAÇÃO FEMININA TJRN\EDIT\B2\OFF16.mp3,SIM,MEMORIA,H:\Meu Drive\02_PRODUCAO/MEMORIA
G:\Meu Drive\PROGRAMAS\PROGRAMA MEMÓRIA DA JUSTIÇA (40min)\MJ42 - CONSTRUÇÃO PARTICIPAÇÃO FEMININA TJRN\EDIT\B2\OFF14.HM2,NÃO,-,G:\Meu Drive\Arquivos_Pessoais_Para_Verificacao\Outros
G:\Meu Drive\PROGRAMAS\PROGRAMA MEMÓRIA DA JUSTIÇA (40min)\MJ42 - CONSTRUÇÃO PARTICIPAÇÃO FEMININA TJRN\EDIT\B2\OFF16.HMP,NÃO,-,G:\Meu Drive\Arquivos_Pessoais_Para_Verificacao\Outros
G:\Meu Drive\PROGRAMAS\PROGRAMA MEMÓRIA DA JUSTIÇA (40min)\MJ42 - CONSTRUÇÃO PARTICIPAÇÃO FEMININA TJRN\EDIT\B2\OFF21.HMP,NÃO,-,G:\Meu Drive\Arquivos_Pessoais_Para_Verificacao\Outros
G:\Meu Drive\PROGRAMAS\PROGRAMA MEMÓRIA DA JUSTIÇA (40min)\MJ42 - CONSTRUÇÃO PARTICIPAÇÃO FEMININA TJRN\EDIT\B2\S16.HMP,NÃO,-,G:\Meu Drive\Arquivos_Pessoais_Para_Verificacao\Outros
G:\Meu Drive\PROGRAMAS\PROGRAMA MEMÓRIA DA JUSTIÇA (40min)\MJ42 - CONSTRUÇÃO PARTICIPAÇÃO FEMININA TJRN\EDIT\B2\OFF18.HM2,NÃO,-,G:\Meu Drive\Arquivos_Pessoais_Para_Verificacao\Outros
G:\Meu Drive\PROGRAMAS\PROGRAMA MEMÓRIA DA JUSTIÇA (40min)\MJ42 - CONSTRUÇÃO PARTICIPAÇÃO FEMININA TJRN\EDIT\B2\OFF13.HMP,NÃO,-,G:\Meu Drive\Arquivos_Pessoais_Para_Verificacao\Outros
G:\Meu Drive\PROGRAMAS\PROGRAMA MEMÓRIA DA JUSTIÇA (40min)\MJ42 - CONSTRUÇÃO PARTICIPAÇÃO FEMININA TJRN\EDIT\B2\OFF21.mp3,SIM,MEMORIA,H:\Meu Drive\02_PRODUCAO/MEMORIA
G:\Meu Drive\PROGRAMAS\PROGRAMA MEMÓRIA DA JUSTIÇA (40min)\MJ42 - CONSTRUÇÃO PARTICIPAÇÃO FEMININA TJRN\EDIT\B2\OFF17.mp3,SIM,MEMORIA,H:\Meu Drive\02_PRODUCAO/MEMORIA
G:\Meu Drive\PROGRAMAS\PROGRAMA MEMÓRIA DA JUSTIÇA (40min)\MJ42 - CONSTRUÇÃO PARTICIPAÇÃO FEMININA TJRN\EDIT\B2\S12.HM2,NÃO,-,G:\Meu Drive\Arquivos_Pessoais_Para_Verificacao\Outros
G:\Meu Drive\PROGRAMAS\PROGRAMA MEMÓRIA DA JUSTIÇA (40min)\MJ42 - CONSTRUÇÃO PARTICIPAÇÃO FEMININA TJRN\EDIT\B2\OFF19.HM2,NÃO,-,G:\Meu Drive\Arquivos_Pessoais_Para_Verificacao\Outros
G:\Meu Drive\PROGRAMAS\PROGRAMA MEMÓRIA DA JUSTIÇA (40min)\MJ42 - CONSTRUÇÃO PARTICIPAÇÃO FEMININA TJRN\EDIT\B2\S12 OK.mp3,SIM,MEMORIA,H:\Meu Drive\02_PRODUCAO/MEMORIA
G:\Meu Drive\PROGRAMAS\PROGRAMA MEMÓRIA DA JUSTIÇA (40min)\MJ42 - CONSTRUÇÃO PARTICIPAÇÃO FEMININA TJRN\EDIT\B2\S13.HMP,NÃO,-,G:\Meu Drive\Arquivos_Pessoais_Para_Verificacao\Outros
G:\Meu Drive\PROGRAMAS\PROGRAMA MEMÓRIA DA JUSTIÇA (40min)\MJ42 - CONSTRUÇÃO PARTICIPAÇÃO FEMININA TJRN\EDIT\B2\OFF20.HMP,NÃO,-,G:\Meu Drive\Arquivos_Pessoais_Para_Verificacao\Outros
G:\Meu Drive\PROGRAMAS\PROGRAMA MEMÓRIA DA JUSTIÇA (40min)\MJ42 - CONSTRUÇÃO PARTICIPAÇÃO FEMININA TJRN\EDIT\B2\OFF15.HM2,NÃO,-,G:\Meu Drive\Arquivos_Pessoais_Para_Verificacao\Outros
G:\Meu Drive\PROGRAMAS\PROGRAMA MEMÓRIA DA JUSTIÇA (40min)\MJ42 - CONSTRUÇÃO PARTICIPAÇÃO FEMININA TJRN\EDIT\B2\OFF17.HM2,NÃO,-,G:\Meu Drive\Arquivos_Pessoais_Para_Verificacao\Outros
G:\Meu Drive\PROGRAMAS\PROGRAMA MEMÓRIA DA JUSTIÇA (40min)\MJ42 - CONSTRUÇÃO PARTICIPAÇÃO FEMININA TJRN\EDIT\B2\OFF15.HMP,NÃO,-,G:\Meu Drive\Arquivos_Pessoais_Para_Verificacao\Outros
G:\Meu Drive\PROGRAMAS\PROGRAMA MEMÓRIA DA JUSTIÇA (40min)\MJ42 - CONSTRUÇÃO PARTICIPAÇÃO FEMININA TJRN\EDIT\B2\S10.HMP,NÃO,-,G:\Meu Drive\Arquivos_Pessoais_Para_Verificacao\Outros
G:\Meu Drive\PROGRAMAS\PROGRAMA MEMÓRIA DA JUSTIÇA (40min)\MJ42 - CONSTRUÇÃO PARTICIPAÇÃO FEMININA TJRN\EDIT\B2\OFF14.HMP,NÃO,-,G:\Meu Drive\Arquivos_Pessoais_Para_Verificacao\Outros
G:\Meu Drive\PROGRAMAS\PROGRAMA MEMÓRIA DA JUSTIÇA (40min)\MJ42 - CONSTRUÇÃO PARTICIPAÇÃO FEMININA TJRN\EDIT\B2\S14.mp3,SIM,MEMORIA,H:\Meu Drive\02_PRODUCAO/MEMORIA
G:\Meu Drive\PROGRAMAS\PROGRAMA MEMÓRIA DA JUSTIÇA (40min)\MJ42 - CONSTRUÇÃO PARTICIPAÇÃO FEMININA TJRN\EDIT\B2\S14.HM2,NÃO,-,G:\Meu Drive\Arquivos_Pessoais_Para_Verificacao\Outros
G:\Meu Drive\PROGRAMAS\PROGRAMA MEMÓRIA DA JUSTIÇA (40min)\MJ42 - CONSTRUÇÃO PARTICIPAÇÃO FEMININA TJRN\EDIT\B2\S12 OK.HM2,NÃO,-,G:\Meu Drive\Arquivos_Pessoais_Para_Verificacao\Outros
G:\Meu Drive\PROGRAMAS\PROGRAMA MEMÓRIA DA JUSTIÇA (40min)\MJ42 - CONSTRUÇÃO PARTICIPAÇÃO FEMININA TJRN\EDIT\B2\OFF20.HM2,NÃO,-,G:\Meu Drive\Arquivos_Pessoais_Para_Verificacao\Outros
G:\Meu Drive\PROGRAMAS\PROGRAMA MEMÓRIA DA JUSTIÇA (40min)\MJ42 - CONSTRUÇÃO PARTICIPAÇÃO FEMININA TJRN\EDIT\B2\OFF16.HM2,NÃO,-,G:\Meu Drive\Arquivos_Pessoais_Para_Verificacao\Outros
G:\Meu Drive\PROGRAMAS\PROGRAMA MEMÓRIA DA JUSTIÇA (40min)\MJ42 - CONSTRUÇÃO PARTICIPAÇÃO FEMININA TJRN\EDIT\B2\OFF15.mp3,SIM,MEMORIA,H:\Meu Drive\02_PRODUCAO/MEMORIA
G:\Meu Drive\PROGRAMAS\PROGRAMA MEMÓRIA DA JUSTIÇA (40min)\MJ42 - CONSTRUÇÃO PARTICIPAÇÃO FEMININA TJRN\EDIT\B2\S15.HMP,NÃO,-,G:\Meu Drive\Arquivos_Pessoais_Para_Verificacao\Outros
G:\Meu Drive\PROGRAMAS\PROGRAMA MEMÓRIA DA JUSTIÇA (40min)\MJ42 - CONSTRUÇÃO PARTICIPAÇÃO FEMININA TJRN\EDIT\B2\OFF19.HMP,NÃO,-,G:\Meu Drive\Arquivos_Pessoais_Para_Verificacao\Outros
G:\Meu Drive\PROGRAMAS\PROGRAMA MEMÓRIA DA JUSTIÇA (40min)\MJ42 - CONSTRUÇÃO PARTICIPAÇÃO FEMININA TJRN\EDIT\B2\S16.HM2,NÃO,-,G:\Meu Drive\Arquivos_Pessoais_Para_Verificacao\Outros
G:\Meu Drive\PROGRAMAS\PROGRAMA MEMÓRIA DA JUSTIÇA (40min)\MJ42 - CONSTRUÇÃO PARTICIPAÇÃO FEMININA TJRN\EDIT\B2\S12.mp3,SIM,MEMORIA,H:\Meu Drive\02_PRODUCAO/MEMORIA
G:\Meu Drive\PROGRAMAS\PROGRAMA MEMÓRIA DA JUSTIÇA (40min)\MJ42 - CONSTRUÇÃO PARTICIPAÇÃO FEMININA TJRN\EDIT\B2\desktop.ini,NÃO,-,G:\Meu Drive\Arquivos_Pessoais_Para_Verificacao\Outros
G:\Meu Drive\PROGRAMAS\PROGRAMA MEMÓRIA DA JUSTIÇA (40min)\MJ42 - CONSTRUÇÃO PARTICIPAÇÃO FEMININA TJRN\OFFS\MJ - 42 JUIZA VIRGINIA REGO.mp3,SIM,MEMORIA,H:\Meu Drive\02_PRODUCAO/MEMORIA
G:\Meu Drive\PROGRAMAS\PROGRAMA MEMÓRIA DA JUSTIÇA (40min)\MJ42 - CONSTRUÇÃO PARTICIPAÇÃO FEMININA TJRN\OFFS\MJ 42 - DESEMBARGADORA ZENEIDE BEZERRA.mp3,SIM,MEMORIA,H:\Meu Drive\02_PRODUCAO/MEMORIA
G:\Meu Drive\PROGRAMAS\PROGRAMA MEMÓRIA DA JUSTIÇA (40min)\MJ42 - CONSTRUÇÃO PARTICIPAÇÃO FEMININA TJRN\OFFS\MJ - 42 DESEMBARGADORA JUDITE NUNES.mp3,SIM,MEMORIA,H:\Meu Drive\02_PRODUCAO/MEMORIA
G:\Meu Drive\PROGRAMAS\PROGRAMA MEMÓRIA DA JUSTIÇA (40min)\MJ42 - CONSTRUÇÃO PARTICIPAÇÃO FEMININA TJRN\OFFS\MJ - 42 JUIZA FATIMA SOARES.mp3,SIM,MEMORIA,H:\Meu Drive\02_PRODUCAO/MEMORIA
G:\Meu Drive\PROGRAMAS\PROGRAMA MEMÓRIA DA JUSTIÇA (40min)\MJ42 - CONSTRUÇÃO PARTICIPAÇÃO FEMININA TJRN\OFFS\desktop.ini,NÃO,-,G:\Meu Drive\Arquivos_Pessoais_Para_Verificacao\Outros
G:\Meu Drive\PROGRAMAS\PROGRAMA MEMÓRIA DA JUSTIÇA (40min)\MJ37 - APAC\Pesquisa MJ37 - APAC.gdoc,SIM,MEMORIA,H:\Meu Drive\01_ROTEIROS/MEMORIA
G:\Meu Drive\PROGRAMAS\PROGRAMA MEMÓRIA DA JUSTIÇA (40min)\MJ37 - APAC\MJ37 - APAC.gdoc,SIM,MEMORIA,H:\Meu Drive\01_ROTEIROS/MEMORIA
G:\Meu Drive\PROGRAMAS\PROGRAMA MEMÓRIA DA JUSTIÇA (40min)\MJ37 - APAC\desktop.ini,NÃO,-,G:\Meu Drive\Arquivos_Pessoais_Para_Verificacao\Outros
G:\Meu Drive\PROGRAMAS\PROGRAMA MEMÓRIA DA JUSTIÇA (40min)\MJ37 - APAC\OFFS\desktop.ini,NÃO,-,G:\Meu Drive\Arquivos_Pessoais_Para_Verificacao\Outros
G:\Meu Drive\PROGRAMAS\PROGRAMA MEMÓRIA DA JUSTIÇA (40min)\MJ32 - 10 ANOS NUPEMEC\MJ32 - 10 ANOS NUPEMEC.mp3,SIM,MEMORIA,H:\Meu Drive\02_PRODUCAO/MEMORIA
G:\Meu Drive\PROGRAMAS\PROGRAMA MEMÓRIA DA JUSTIÇA (40min)\MJ32 - 10 ANOS NUPEMEC\MJ32 - 10 ANOS NUPEMEC.gdoc,SIM,MEMORIA,H:\Meu Drive\01_ROTEIROS/MEMORIA
G:\Meu Drive\PROGRAMAS\PROGRAMA MEMÓRIA DA JUSTIÇA (40min)\MJ32 - 10 ANOS NUPEMEC\PESQUISA - 10 ANOS NUPEMEC.gdoc,SIM,MEMORIA,H:\Meu Drive\01_ROTEIROS/MEMORIA
G:\Meu Drive\PROGRAMAS\PROGRAMA MEMÓRIA DA JUSTIÇA (40min)\MJ32 - 10 ANOS NUPEMEC\desktop.ini,NÃO,-,G:\Meu Drive\Arquivos_Pessoais_Para_Verificacao\Outros
G:\Meu Drive\PROGRAMAS\PROGRAMA MEMÓRIA DA JUSTIÇA (40min)\MJ32 - 10 ANOS NUPEMEC\OFFS\Entrevista Daniela Simonetti.mp3,SIM,MEMORIA,H:\Meu Drive\02_PRODUCAO/MEMORIA
G:\Meu Drive\PROGRAMAS\PROGRAMA MEMÓRIA DA JUSTIÇA (40min)\MJ32 - 10 ANOS NUPEMEC\OFFS\Memória da justiça 32 Nupemec - Bloco 1.m4a,SIM,MEMORIA,H:\Meu Drive\02_PRODUCAO/MEMORIA
G:\Meu Drive\PROGRAMAS\PROGRAMA MEMÓRIA DA JUSTIÇA (40min)\MJ32 - 10 ANOS NUPEMEC\OFFS\Memória da justiça 32 Nupemec - Bloco 2.m4a,SIM,MEMORIA,H:\Meu Drive\02_PRODUCAO/MEMORIA
G:\Meu Drive\PROGRAMAS\PROGRAMA MEMÓRIA DA JUSTIÇA (40min)\MJ32 - 10 ANOS NUPEMEC\OFFS\Des Dilermando.mp3,SIM,MEMORIA,H:\Meu Drive\02_PRODUCAO/MEMORIA
G:\Meu Drive\PROGRAMAS\PROGRAMA MEMÓRIA DA JUSTIÇA (40min)\MJ32 - 10 ANOS NUPEMEC\OFFS\desktop.ini,NÃO,-,G:\Meu Drive\Arquivos_Pessoais_Para_Verificacao\Outros
G:\Meu Drive\PROGRAMAS\PROGRAMA MEMÓRIA DA JUSTIÇA (40min)\MJ33 - 10 ANOS CE MULHER\Pesquisa - 10 anos da Coordenadoria Estadual da Mulher em Situação de Violência Doméstica e Familiar.gdoc,SIM,MEMORIA,H:\Meu Drive\01_ROTEIROS/MEMORIA
G:\Meu Drive\PROGRAMAS\PROGRAMA MEMÓRIA DA JUSTIÇA (40min)\MJ33 - 10 ANOS CE MULHER\MJ33 - 10 anos da Coordenadoria Estadual da Mulher em Situação de Violência Doméstica e Familiar.gdoc,SIM,MEMORIA,H:\Meu Drive\01_ROTEIROS/MEMORIA
G:\Meu Drive\PROGRAMAS\PROGRAMA MEMÓRIA DA JUSTIÇA (40min)\MJ33 - 10 ANOS CE MULHER\desktop.ini,NÃO,-,G:\Meu Drive\Arquivos_Pessoais_Para_Verificacao\Outros
G:\Meu Drive\PROGRAMAS\PROGRAMA MEMÓRIA DA JUSTIÇA (40min)\MJ33 - 10 ANOS CE MULHER\OFFS\desktop.ini,NÃO,-,G:\Meu Drive\Arquivos_Pessoais_Para_Verificacao\Outros
G:\Meu Drive\PROGRAMAS\PROGRAMA MEMÓRIA DA JUSTIÇA (40min)\MJ49 - LUMIAR 130 PROGRAMA 3\MJ49 - LUMIAR 130 - PROGRAMA 3.gdoc,SIM,MEMORIA,H:\Meu Drive\01_ROTEIROS/MEMORIA
G:\Meu Drive\PROGRAMAS\PROGRAMA MEMÓRIA DA JUSTIÇA (40min)\MJ49 - LUMIAR 130 PROGRAMA 3\desktop.ini,NÃO,-,G:\Meu Drive\Arquivos_Pessoais_Para_Verificacao\Outros
G:\Meu Drive\PROGRAMAS\PROGRAMA MEMÓRIA DA JUSTIÇA (40min)\MJ49 - LUMIAR 130 PROGRAMA 3\PROG 3\LUIZ CANDIDO VILLAÇA.mp3,SIM,MEMORIA,H:\Meu Drive\02_PRODUCAO/MEMORIA
G:\Meu Drive\PROGRAMAS\PROGRAMA MEMÓRIA DA JUSTIÇA (40min)\MJ49 - LUMIAR 130 PROGRAMA 3\PROG 3\CABEÇA.mp3,SIM,MEMORIA,H:\Meu Drive\02_PRODUCAO/MEMORIA
G:\Meu Drive\PROGRAMAS\PROGRAMA MEMÓRIA DA JUSTIÇA (40min)\MJ49 - LUMIAR 130 PROGRAMA 3\PROG 3\TICIANA NOBRE.mp3,SIM,MEMORIA,H:\Meu Drive\02_PRODUCAO/MEMORIA
G:\Meu Drive\PROGRAMAS\PROGRAMA MEMÓRIA DA JUSTIÇA (40min)\MJ49 - LUMIAR 130 PROGRAMA 3\PROG 3\desktop.ini,NÃO,-,G:\Meu Drive\Arquivos_Pessoais_Para_Verificacao\Outros
G:\Meu Drive\PROGRAMAS\PROGRAMA MEMÓRIA DA JUSTIÇA (40min)\MJ52 - DESEMBARGADOR VIRGÍLIO MACÊDO JÚNIOR\PROG 52 - DES VIRGILIO MACEDO.mp3,SIM,MEMORIA,H:\Meu Drive\02_PRODUCAO/MEMORIA
G:\Meu Drive\PROGRAMAS\PROGRAMA MEMÓRIA DA JUSTIÇA (40min)\MJ52 - DESEMBARGADOR VIRGÍLIO MACÊDO JÚNIOR\MEMÓRIA 52 - DES. VIRGÍLIO MACÊDO JÚNIOR.gdoc,SIM,MEMORIA,H:\Meu Drive\01_ROTEIROS/MEMORIA
G:\Meu Drive\PROGRAMAS\PROGRAMA MEMÓRIA DA JUSTIÇA (40min)\MJ52 - DESEMBARGADOR VIRGÍLIO MACÊDO JÚNIOR\PESQUISA MJ 52 - DES. VIRGÍLIO.gdoc,SIM,MEMORIA,H:\Meu Drive\01_ROTEIROS/MEMORIA
G:\Meu Drive\PROGRAMAS\PROGRAMA MEMÓRIA DA JUSTIÇA (40min)\MJ52 - DESEMBARGADOR VIRGÍLIO MACÊDO JÚNIOR\desktop.ini,NÃO,-,G:\Meu Drive\Arquivos_Pessoais_Para_Verificacao\Outros
G:\Meu Drive\PROGRAMAS\PROGRAMA MEMÓRIA DA JUSTIÇA (40min)\MJ52 - DESEMBARGADOR VIRGÍLIO MACÊDO JÚNIOR\Áudios\Assessora - Fátima Bezerra.ogg,NÃO,-,G:\Meu Drive\Arquivos_Pessoais_Para_Verificacao\Audios_Diversos
G:\Meu Drive\PROGRAMAS\PROGRAMA MEMÓRIA DA JUSTIÇA (40min)\MJ52 - DESEMBARGADOR VIRGÍLIO MACÊDO JÚNIOR\Áudios\Filho - Marcelo Macedo .m4a,SIM,MEMORIA,H:\Meu Drive\02_PRODUCAO/MEMORIA
G:\Meu Drive\PROGRAMAS\PROGRAMA MEMÓRIA DA JUSTIÇA (40min)\MJ52 - DESEMBARGADOR VIRGÍLIO MACÊDO JÚNIOR\Áudios\Filho - Virgílio Macedo Neto.ogg,NÃO,-,G:\Meu Drive\Arquivos_Pessoais_Para_Verificacao\Audios_Diversos
G:\Meu Drive\PROGRAMAS\PROGRAMA MEMÓRIA DA JUSTIÇA (40min)\MJ52 - DESEMBARGADOR VIRGÍLIO MACÊDO JÚNIOR\Áudios\Desembargador Amaury Moura Sobrinho.m4a,SIM,MEMORIA,H:\Meu Drive\02_PRODUCAO/MEMORIA
G:\Meu Drive\PROGRAMAS\PROGRAMA MEMÓRIA DA JUSTIÇA (40min)\MJ52 - DESEMBARGADOR VIRGÍLIO MACÊDO JÚNIOR\Áudios\desktop.ini,NÃO,-,G:\Meu Drive\Arquivos_Pessoais_Para_Verificacao\Outros
G:\Meu Drive\PROGRAMAS\PROGRAMA MEMÓRIA DA JUSTIÇA (40min)\MJ47 - LUMIAR 130 PROGRAMA 1\MJ47  - LUMIAR ESPECIAL 01.mp3,SIM,MEMORIA,H:\Meu Drive\02_PRODUCAO/MEMORIA
G:\Meu Drive\PROGRAMAS\PROGRAMA MEMÓRIA DA JUSTIÇA (40min)\MJ47 - LUMIAR 130 PROGRAMA 1\MJ47 - LUMIAR 130 PROGRAMA 1.gdoc,SIM,MEMORIA,H:\Meu Drive\01_ROTEIROS/MEMORIA
G:\Meu Drive\PROGRAMAS\PROGRAMA MEMÓRIA DA JUSTIÇA (40min)\MJ47 - LUMIAR 130 PROGRAMA 1\desktop.ini,NÃO,-,G:\Meu Drive\Arquivos_Pessoais_Para_Verificacao\Outros
G:\Meu Drive\PROGRAMAS\PROGRAMA MEMÓRIA DA JUSTIÇA (40min)\MJ50 - ESCRITÓRIOS SOCIAIS\MJ50 - ESCRITÓRIOS SOCIAIS.gdoc,SIM,MEMORIA,H:\Meu Drive\01_ROTEIROS/MEMORIA
G:\Meu Drive\PROGRAMAS\PROGRAMA MEMÓRIA DA JUSTIÇA (40min)\MJ50 - ESCRITÓRIOS SOCIAIS\PESQUISA MJ 50 - ESCRITÓRIOS SOCIAIS.gdoc,SIM,MEMORIA,H:\Meu Drive\01_ROTEIROS/MEMORIA
G:\Meu Drive\PROGRAMAS\PROGRAMA MEMÓRIA DA JUSTIÇA (40min)\MJ50 - ESCRITÓRIOS SOCIAIS\desktop.ini,NÃO,-,G:\Meu Drive\Arquivos_Pessoais_Para_Verificacao\Outros
G:\Meu Drive\PROGRAMAS\PROGRAMA MEMÓRIA DA JUSTIÇA (40min)\MJ50 - ESCRITÓRIOS SOCIAIS\OFFS\BLOCO 2.mp3,SIM,MEMORIA,H:\Meu Drive\02_PRODUCAO/MEMORIA
G:\Meu Drive\PROGRAMAS\PROGRAMA MEMÓRIA DA JUSTIÇA (40min)\MJ50 - ESCRITÓRIOS SOCIAIS\OFFS\desktop.ini,NÃO,-,G:\Meu Drive\Arquivos_Pessoais_Para_Verificacao\Outros
"G:\Meu Drive\PROGRAMAS\PROGRAMA MEMÓRIA DA JUSTIÇA (40min)\MJ50 - ESCRITÓRIOS SOCIAIS\SONORAS\LAISA NUNES, GABRIEL LIBERATO, KARINA GADELHA.mp3",SIM,MEMORIA,H:\Meu Drive\02_PRODUCAO/MEMORIA
G:\Meu Drive\PROGRAMAS\PROGRAMA MEMÓRIA DA JUSTIÇA (40min)\MJ50 - ESCRITÓRIOS SOCIAIS\SONORAS\desktop.ini,NÃO,-,G:\Meu Drive\Arquivos_Pessoais_Para_Verificacao\Outros
G:\Meu Drive\PROGRAMAS\PROGRAMA MEMÓRIA DA JUSTIÇA (40min)\MJ28 - DESEMBARGADOR APOSENTADO ADERSON SILVINO\MEMÓRIA 28 - DESEMBARGADOR APOSENTADO ADERSON SILVINO.gdoc,SIM,MEMORIA,H:\Meu Drive\01_ROTEIROS/MEMORIA
G:\Meu Drive\PROGRAMAS\PROGRAMA MEMÓRIA DA JUSTIÇA (40min)\MJ28 - DESEMBARGADOR APOSENTADO ADERSON SILVINO\Pesquisa - Desembargador aposentado Aderson Silvino.gdoc,SIM,MEMORIA,H:\Meu Drive\01_ROTEIROS/MEMORIA
G:\Meu Drive\PROGRAMAS\PROGRAMA MEMÓRIA DA JUSTIÇA (40min)\MJ28 - DESEMBARGADOR APOSENTADO ADERSON SILVINO\desktop.ini,NÃO,-,G:\Meu Drive\Arquivos_Pessoais_Para_Verificacao\Outros
G:\Meu Drive\PROGRAMAS\PROGRAMA MEMÓRIA DA JUSTIÇA (40min)\MJ28 - DESEMBARGADOR APOSENTADO ADERSON SILVINO\OFFS\MEMÓRIA 28 - BLOCO 2.m4a,SIM,MEMORIA,H:\Meu Drive\02_PRODUCAO/MEMORIA
G:\Meu Drive\PROGRAMAS\PROGRAMA MEMÓRIA DA JUSTIÇA (40min)\MJ28 - DESEMBARGADOR APOSENTADO ADERSON SILVINO\OFFS\MEMÓRIA 28 - BLOCO 1.m4a,SIM,MEMORIA,H:\Meu Drive\02_PRODUCAO/MEMORIA
G:\Meu Drive\PROGRAMAS\PROGRAMA MEMÓRIA DA JUSTIÇA (40min)\MJ28 - DESEMBARGADOR APOSENTADO ADERSON SILVINO\OFFS\desktop.ini,NÃO,-,G:\Meu Drive\Arquivos_Pessoais_Para_Verificacao\Outros
G:\Meu Drive\PROGRAMAS\PROGRAMA MEMÓRIA DA JUSTIÇA (40min)\MJ28 - DESEMBARGADOR APOSENTADO ADERSON SILVINO\SONORAS\Desembargadora Zeneide Bezerra,NÃO,-,G:\Meu Drive\Arquivos_Pessoais_Para_Verificacao\Outros
G:\Meu Drive\PROGRAMAS\PROGRAMA MEMÓRIA DA JUSTIÇA (40min)\MJ28 - DESEMBARGADOR APOSENTADO ADERSON SILVINO\SONORAS\Yvette Guerreiro,NÃO,-,G:\Meu Drive\Arquivos_Pessoais_Para_Verificacao\Outros
G:\Meu Drive\PROGRAMAS\PROGRAMA MEMÓRIA DA JUSTIÇA (40min)\MJ28 - DESEMBARGADOR APOSENTADO ADERSON SILVINO\SONORAS\Dário Jorge Maciel,NÃO,-,G:\Meu Drive\Arquivos_Pessoais_Para_Verificacao\Outros
G:\Meu Drive\PROGRAMAS\PROGRAMA MEMÓRIA DA JUSTIÇA (40min)\MJ28 - DESEMBARGADOR APOSENTADO ADERSON SILVINO\SONORAS\Juliska Azevedo,NÃO,-,G:\Meu Drive\Arquivos_Pessoais_Para_Verificacao\Outros
G:\Meu Drive\PROGRAMAS\PROGRAMA MEMÓRIA DA JUSTIÇA (40min)\MJ28 - DESEMBARGADOR APOSENTADO ADERSON SILVINO\SONORAS\Juiz Raimundo Carlyle,NÃO,-,G:\Meu Drive\Arquivos_Pessoais_Para_Verificacao\Outros
G:\Meu Drive\PROGRAMAS\PROGRAMA MEMÓRIA DA JUSTIÇA (40min)\MJ28 - DESEMBARGADOR APOSENTADO ADERSON SILVINO\SONORAS\desktop.ini,NÃO,-,G:\Meu Drive\Arquivos_Pessoais_Para_Verificacao\Outros
G:\Meu Drive\PROGRAMAS\PROGRAMA MEMÓRIA DA JUSTIÇA (40min)\MJ22 - UMT\MEMÓRIA DA JUSTIÇA 22 - UMT.mp3,SIM,MEMORIA,H:\Meu Drive\02_PRODUCAO/MEMORIA
G:\Meu Drive\PROGRAMAS\PROGRAMA MEMÓRIA DA JUSTIÇA (40min)\MJ22 - UMT\MEMÓRIA DA JUSTIÇA 22 - UMT Baixa.mp3,SIM,MEMORIA,H:\Meu Drive\02_PRODUCAO/MEMORIA
G:\Meu Drive\PROGRAMAS\PROGRAMA MEMÓRIA DA JUSTIÇA (40min)\MJ22 - UMT\desktop.ini,NÃO,-,G:\Meu Drive\Arquivos_Pessoais_Para_Verificacao\Outros
G:\Meu Drive\PROGRAMAS\PROGRAMA MEMÓRIA DA JUSTIÇA (40min)\MJ22 - UMT\Mucio nobre\audio 5 mn.mp3,SIM,MEMORIA,H:\Meu Drive\02_PRODUCAO/MEMORIA
G:\Meu Drive\PROGRAMAS\PROGRAMA MEMÓRIA DA JUSTIÇA (40min)\MJ22 - UMT\Mucio nobre\audio 3 mn..mp3,SIM,MEMORIA,H:\Meu Drive\02_PRODUCAO/MEMORIA
G:\Meu Drive\PROGRAMAS\PROGRAMA MEMÓRIA DA JUSTIÇA (40min)\MJ22 - UMT\Mucio nobre\audio 2 mn..mp3,SIM,MEMORIA,H:\Meu Drive\02_PRODUCAO/MEMORIA
G:\Meu Drive\PROGRAMAS\PROGRAMA MEMÓRIA DA JUSTIÇA (40min)\MJ22 - UMT\Mucio nobre\audio 4 mn.mp3,SIM,MEMORIA,H:\Meu Drive\02_PRODUCAO/MEMORIA
G:\Meu Drive\PROGRAMAS\PROGRAMA MEMÓRIA DA JUSTIÇA (40min)\MJ22 - UMT\Mucio nobre\audio 1 mn.mp3,SIM,MEMORIA,H:\Meu Drive\02_PRODUCAO/MEMORIA
G:\Meu Drive\PROGRAMAS\PROGRAMA MEMÓRIA DA JUSTIÇA (40min)\MJ22 - UMT\Mucio nobre\desktop.ini,NÃO,-,G:\Meu Drive\Arquivos_Pessoais_Para_Verificacao\Outros
G:\Meu Drive\PROGRAMAS\PROGRAMA MEMÓRIA DA JUSTIÇA (40min)\MJ22 - UMT\SUB-SGT STANISLAU\audio 1,NÃO,-,G:\Meu Drive\Arquivos_Pessoais_Para_Verificacao\Outros
G:\Meu Drive\PROGRAMAS\PROGRAMA MEMÓRIA DA JUSTIÇA (40min)\MJ22 - UMT\SUB-SGT STANISLAU\audio 2,NÃO,-,G:\Meu Drive\Arquivos_Pessoais_Para_Verificacao\Outros
G:\Meu Drive\PROGRAMAS\PROGRAMA MEMÓRIA DA JUSTIÇA (40min)\MJ22 - UMT\SUB-SGT STANISLAU\desktop.ini,NÃO,-,G:\Meu Drive\Arquivos_Pessoais_Para_Verificacao\Outros
G:\Meu Drive\PROGRAMAS\PROGRAMA MEMÓRIA DA JUSTIÇA (40min)\MJ22 - UMT\Offs\Off7.m4a,SIM,MEMORIA,H:\Meu Drive\02_PRODUCAO/MEMORIA
G:\Meu Drive\PROGRAMAS\PROGRAMA MEMÓRIA DA JUSTIÇA (40min)\MJ22 - UMT\Offs\Off12.m4a,SIM,MEMORIA,H:\Meu Drive\02_PRODUCAO/MEMORIA
G:\Meu Drive\PROGRAMAS\PROGRAMA MEMÓRIA DA JUSTIÇA (40min)\MJ22 - UMT\Offs\Off19.m4a,SIM,MEMORIA,H:\Meu Drive\02_PRODUCAO/MEMORIA
G:\Meu Drive\PROGRAMAS\PROGRAMA MEMÓRIA DA JUSTIÇA (40min)\MJ22 - UMT\Offs\Off4.m4a,SIM,MEMORIA,H:\Meu Drive\02_PRODUCAO/MEMORIA
G:\Meu Drive\PROGRAMAS\PROGRAMA MEMÓRIA DA JUSTIÇA (40min)\MJ22 - UMT\Offs\Off1.m4a,SIM,MEMORIA,H:\Meu Drive\02_PRODUCAO/MEMORIA
G:\Meu Drive\PROGRAMAS\PROGRAMA MEMÓRIA DA JUSTIÇA (40min)\MJ22 - UMT\Offs\Off8.m4a,SIM,MEMORIA,H:\Meu Drive\02_PRODUCAO/MEMORIA
G:\Meu Drive\PROGRAMAS\PROGRAMA MEMÓRIA DA JUSTIÇA (40min)\MJ22 - UMT\Offs\Off11.m4a,SIM,MEMORIA,H:\Meu Drive\02_PRODUCAO/MEMORIA
G:\Meu Drive\PROGRAMAS\PROGRAMA MEMÓRIA DA JUSTIÇA (40min)\MJ22 - UMT\Offs\Off6.m4a,SIM,MEMORIA,H:\Meu Drive\02_PRODUCAO/MEMORIA
G:\Meu Drive\PROGRAMAS\PROGRAMA MEMÓRIA DA JUSTIÇA (40min)\MJ22 - UMT\Offs\Off9.m4a,SIM,MEMORIA,H:\Meu Drive\02_PRODUCAO/MEMORIA
G:\Meu Drive\PROGRAMAS\PROGRAMA MEMÓRIA DA JUSTIÇA (40min)\MJ22 - UMT\Offs\Off21.m4a,SIM,MEMORIA,H:\Meu Drive\02_PRODUCAO/MEMORIA
G:\Meu Drive\PROGRAMAS\PROGRAMA MEMÓRIA DA JUSTIÇA (40min)\MJ22 - UMT\Offs\Off17.m4a,SIM,MEMORIA,H:\Meu Drive\02_PRODUCAO/MEMORIA
G:\Meu Drive\PROGRAMAS\PROGRAMA MEMÓRIA DA JUSTIÇA (40min)\MJ22 - UMT\Offs\Off 2.m4a,SIM,MEMORIA,H:\Meu Drive\02_PRODUCAO/MEMORIA
G:\Meu Drive\PROGRAMAS\PROGRAMA MEMÓRIA DA JUSTIÇA (40min)\MJ22 - UMT\Offs\Off 20.m4a,SIM,MEMORIA,H:\Meu Drive\02_PRODUCAO/MEMORIA
G:\Meu Drive\PROGRAMAS\PROGRAMA MEMÓRIA DA JUSTIÇA (40min)\MJ22 - UMT\Offs\Off14.m4a,SIM,MEMORIA,H:\Meu Drive\02_PRODUCAO/MEMORIA
G:\Meu Drive\PROGRAMAS\PROGRAMA MEMÓRIA DA JUSTIÇA (40min)\MJ22 - UMT\Offs\Off 3.m4a,SIM,MEMORIA,H:\Meu Drive\02_PRODUCAO/MEMORIA
G:\Meu Drive\PROGRAMAS\PROGRAMA MEMÓRIA DA JUSTIÇA (40min)\MJ22 - UMT\Offs\Off13.m4a,SIM,MEMORIA,H:\Meu Drive\02_PRODUCAO/MEMORIA
G:\Meu Drive\PROGRAMAS\PROGRAMA MEMÓRIA DA JUSTIÇA (40min)\MJ22 - UMT\Offs\Off22.m4a,SIM,MEMORIA,H:\Meu Drive\02_PRODUCAO/MEMORIA
G:\Meu Drive\PROGRAMAS\PROGRAMA MEMÓRIA DA JUSTIÇA (40min)\MJ22 - UMT\Offs\Off5.m4a,SIM,MEMORIA,H:\Meu Drive\02_PRODUCAO/MEMORIA
G:\Meu Drive\PROGRAMAS\PROGRAMA MEMÓRIA DA JUSTIÇA (40min)\MJ22 - UMT\Offs\Off10.m4a,SIM,MEMORIA,H:\Meu Drive\02_PRODUCAO/MEMORIA
G:\Meu Drive\PROGRAMAS\PROGRAMA MEMÓRIA DA JUSTIÇA (40min)\MJ22 - UMT\Offs\Off16.m4a,SIM,MEMORIA,H:\Meu Drive\02_PRODUCAO/MEMORIA
G:\Meu Drive\PROGRAMAS\PROGRAMA MEMÓRIA DA JUSTIÇA (40min)\MJ22 - UMT\Offs\Off18.m4a,SIM,MEMORIA,H:\Meu Drive\02_PRODUCAO/MEMORIA
G:\Meu Drive\PROGRAMAS\PROGRAMA MEMÓRIA DA JUSTIÇA (40min)\MJ22 - UMT\Offs\Off15.m4a,SIM,MEMORIA,H:\Meu Drive\02_PRODUCAO/MEMORIA
G:\Meu Drive\PROGRAMAS\PROGRAMA MEMÓRIA DA JUSTIÇA (40min)\MJ22 - UMT\Offs\desktop.ini,NÃO,-,G:\Meu Drive\Arquivos_Pessoais_Para_Verificacao\Outros
G:\Meu Drive\PROGRAMAS\PROGRAMA MEMÓRIA DA JUSTIÇA (40min)\MJ22 - UMT\JUIZADO ESPECIAL DE TRÂNSITO (SUGESTÃO)\Documento sem título.gdoc,SIM,MEMORIA,H:\Meu Drive\01_ROTEIROS/MEMORIA
G:\Meu Drive\PROGRAMAS\PROGRAMA MEMÓRIA DA JUSTIÇA (40min)\MJ22 - UMT\JUIZADO ESPECIAL DE TRÂNSITO (SUGESTÃO)\desktop.ini,NÃO,-,G:\Meu Drive\Arquivos_Pessoais_Para_Verificacao\Outros
G:\Meu Drive\PROGRAMAS\PROGRAMA MEMÓRIA DA JUSTIÇA (40min)\MJ22 - UMT\Katia seabra\audio 5 ks,NÃO,-,G:\Meu Drive\Arquivos_Pessoais_Para_Verificacao\Outros
G:\Meu Drive\PROGRAMAS\PROGRAMA MEMÓRIA DA JUSTIÇA (40min)\MJ22 - UMT\Katia seabra\audio 1 ks,NÃO,-,G:\Meu Drive\Arquivos_Pessoais_Para_Verificacao\Outros
G:\Meu Drive\PROGRAMAS\PROGRAMA MEMÓRIA DA JUSTIÇA (40min)\MJ22 - UMT\Katia seabra\audio 3 ks,NÃO,-,G:\Meu Drive\Arquivos_Pessoais_Para_Verificacao\Outros
G:\Meu Drive\PROGRAMAS\PROGRAMA MEMÓRIA DA JUSTIÇA (40min)\MJ22 - UMT\Katia seabra\audio 4 ks,NÃO,-,G:\Meu Drive\Arquivos_Pessoais_Para_Verificacao\Outros
G:\Meu Drive\PROGRAMAS\PROGRAMA MEMÓRIA DA JUSTIÇA (40min)\MJ22 - UMT\Katia seabra\audio 2 ks,NÃO,-,G:\Meu Drive\Arquivos_Pessoais_Para_Verificacao\Outros
G:\Meu Drive\PROGRAMAS\PROGRAMA MEMÓRIA DA JUSTIÇA (40min)\MJ22 - UMT\Katia seabra\audio 6 ks,NÃO,-,G:\Meu Drive\Arquivos_Pessoais_Para_Verificacao\Outros
G:\Meu Drive\PROGRAMAS\PROGRAMA MEMÓRIA DA JUSTIÇA (40min)\MJ22 - UMT\Katia seabra\audio 7,NÃO,-,G:\Meu Drive\Arquivos_Pessoais_Para_Verificacao\Outros
G:\Meu Drive\PROGRAMAS\PROGRAMA MEMÓRIA DA JUSTIÇA (40min)\MJ22 - UMT\Katia seabra\desktop.ini,NÃO,-,G:\Meu Drive\Arquivos_Pessoais_Para_Verificacao\Outros
G:\Meu Drive\PROGRAMAS\PROGRAMA MEMÓRIA DA JUSTIÇA (40min)\MJ22 - UMT\Ana Dorotea\audio 1 AD,NÃO,-,G:\Meu Drive\Arquivos_Pessoais_Para_Verificacao\Outros
G:\Meu Drive\PROGRAMAS\PROGRAMA MEMÓRIA DA JUSTIÇA (40min)\MJ22 - UMT\Ana Dorotea\audio 2 AD,NÃO,-,G:\Meu Drive\Arquivos_Pessoais_Para_Verificacao\Outros
G:\Meu Drive\PROGRAMAS\PROGRAMA MEMÓRIA DA JUSTIÇA (40min)\MJ22 - UMT\Ana Dorotea\desktop.ini,NÃO,-,G:\Meu Drive\Arquivos_Pessoais_Para_Verificacao\Outros
G:\Meu Drive\PROGRAMAS\PROGRAMA MEMÓRIA DA JUSTIÇA (40min)\MJ41 - EVOLUÇÃO UNIDADES JUDICIÁRIAS\MJ41 - EVOLUÇÃO UNIDADES JUDICIÁRIAS.mp3,SIM,MEMORIA,H:\Meu Drive\02_PRODUCAO/MEMORIA
G:\Meu Drive\PROGRAMAS\PROGRAMA MEMÓRIA DA JUSTIÇA (40min)\MJ41 - EVOLUÇÃO UNIDADES JUDICIÁRIAS\Pesquisa MJ41 - EVOLUÇÃO DAS UNIDADES JUDICIÁRIAS.gdoc,SIM,MEMORIA,H:\Meu Drive\01_ROTEIROS/MEMORIA
G:\Meu Drive\PROGRAMAS\PROGRAMA MEMÓRIA DA JUSTIÇA (40min)\MJ41 - EVOLUÇÃO UNIDADES JUDICIÁRIAS\MJ 41 - EVOLUÇÃO DAS UNIDADES JUDICIÁRIAS.gdoc,SIM,MEMORIA,H:\Meu Drive\01_ROTEIROS/MEMORIA
G:\Meu Drive\PROGRAMAS\PROGRAMA MEMÓRIA DA JUSTIÇA (40min)\MJ41 - EVOLUÇÃO UNIDADES JUDICIÁRIAS\desktop.ini,NÃO,-,G:\Meu Drive\Arquivos_Pessoais_Para_Verificacao\Outros
G:\Meu Drive\PROGRAMAS\PROGRAMA MEMÓRIA DA JUSTIÇA (40min)\MJ41 - EVOLUÇÃO UNIDADES JUDICIÁRIAS\OFFS\MJ41 JUIZA TICIANA NOBRE.mp3,SIM,MEMORIA,H:\Meu Drive\02_PRODUCAO/MEMORIA
G:\Meu Drive\PROGRAMAS\PROGRAMA MEMÓRIA DA JUSTIÇA (40min)\MJ41 - EVOLUÇÃO UNIDADES JUDICIÁRIAS\OFFS\MJ - 41 JUIZ JOÃO AFONSO.mp3,SIM,MEMORIA,H:\Meu Drive\02_PRODUCAO/MEMORIA
G:\Meu Drive\PROGRAMAS\PROGRAMA MEMÓRIA DA JUSTIÇA (40min)\MJ41 - EVOLUÇÃO UNIDADES JUDICIÁRIAS\OFFS\MJ - 41 JUIZA TATIANA.mp3,SIM,MEMORIA,H:\Meu Drive\02_PRODUCAO/MEMORIA
G:\Meu Drive\PROGRAMAS\PROGRAMA MEMÓRIA DA JUSTIÇA (40min)\MJ41 - EVOLUÇÃO UNIDADES JUDICIÁRIAS\OFFS\MJ 41 JUIZ ROSIVALDO.mp3,SIM,MEMORIA,H:\Meu Drive\02_PRODUCAO/MEMORIA
G:\Meu Drive\PROGRAMAS\PROGRAMA MEMÓRIA DA JUSTIÇA (40min)\MJ41 - EVOLUÇÃO UNIDADES JUDICIÁRIAS\OFFS\MJ - 41JUIZA DANIELA.mp3,SIM,MEMORIA,H:\Meu Drive\02_PRODUCAO/MEMORIA
G:\Meu Drive\PROGRAMAS\PROGRAMA MEMÓRIA DA JUSTIÇA (40min)\MJ41 - EVOLUÇÃO UNIDADES JUDICIÁRIAS\OFFS\MJ 41 - GERONIMO GOMES.mp3,SIM,MEMORIA,H:\Meu Drive\02_PRODUCAO/MEMORIA
G:\Meu Drive\PROGRAMAS\PROGRAMA MEMÓRIA DA JUSTIÇA (40min)\MJ41 - EVOLUÇÃO UNIDADES JUDICIÁRIAS\OFFS\desktop.ini,NÃO,-,G:\Meu Drive\Arquivos_Pessoais_Para_Verificacao\Outros
G:\Meu Drive\PROGRAMAS\PROGRAMA MEMÓRIA DA JUSTIÇA (40min)\MJ11 - NOVOS RUMOS\WhatsApp Image 2019-01-31 at 10.05.44.jpeg,NÃO,-,G:\Meu Drive\Arquivos_Pessoais_Para_Verificacao\Imagens_e_Videos
G:\Meu Drive\PROGRAMAS\PROGRAMA MEMÓRIA DA JUSTIÇA (40min)\MJ11 - NOVOS RUMOS\WhatsApp Image 2019-01-31 at 10.05.46.jpeg,NÃO,-,G:\Meu Drive\Arquivos_Pessoais_Para_Verificacao\Imagens_e_Videos
G:\Meu Drive\PROGRAMAS\PROGRAMA MEMÓRIA DA JUSTIÇA (40min)\MJ11 - NOVOS RUMOS\WhatsApp Image 2019-01-31 at 10.05.47(1).jpeg,NÃO,-,G:\Meu Drive\Arquivos_Pessoais_Para_Verificacao\Imagens_e_Videos
G:\Meu Drive\PROGRAMAS\PROGRAMA MEMÓRIA DA JUSTIÇA (40min)\MJ11 - NOVOS RUMOS\WhatsApp Image 2019-01-31 at 10.05.47.jpeg,NÃO,-,G:\Meu Drive\Arquivos_Pessoais_Para_Verificacao\Imagens_e_Videos
G:\Meu Drive\PROGRAMAS\PROGRAMA MEMÓRIA DA JUSTIÇA (40min)\MJ11 - NOVOS RUMOS\WhatsApp Image 2019-01-31 at 10.05.45.jpeg,NÃO,-,G:\Meu Drive\Arquivos_Pessoais_Para_Verificacao\Imagens_e_Videos
G:\Meu Drive\PROGRAMAS\PROGRAMA MEMÓRIA DA JUSTIÇA (40min)\MJ11 - NOVOS RUMOS\desktop.ini,NÃO,-,G:\Meu Drive\Arquivos_Pessoais_Para_Verificacao\Outros
G:\Meu Drive\PROGRAMAS\PROGRAMA MEMÓRIA DA JUSTIÇA (40min)\MJ11 - NOVOS RUMOS\10 anos novos rumos\IMG_6437.jpeg,NÃO,-,G:\Meu Drive\Arquivos_Pessoais_Para_Verificacao\Imagens_e_Videos
G:\Meu Drive\PROGRAMAS\PROGRAMA MEMÓRIA DA JUSTIÇA (40min)\MJ11 - NOVOS RUMOS\10 anos novos rumos\IMG_6435.jpeg,NÃO,-,G:\Meu Drive\Arquivos_Pessoais_Para_Verificacao\Imagens_e_Videos
G:\Meu Drive\PROGRAMAS\PROGRAMA MEMÓRIA DA JUSTIÇA (40min)\MJ11 - NOVOS RUMOS\10 anos novos rumos\IMG_6434.jpeg,NÃO,-,G:\Meu Drive\Arquivos_Pessoais_Para_Verificacao\Imagens_e_Videos
G:\Meu Drive\PROGRAMAS\PROGRAMA MEMÓRIA DA JUSTIÇA (40min)\MJ11 - NOVOS RUMOS\10 anos novos rumos\IMG_6436.jpeg,NÃO,-,G:\Meu Drive\Arquivos_Pessoais_Para_Verificacao\Imagens_e_Videos
G:\Meu Drive\PROGRAMAS\PROGRAMA MEMÓRIA DA JUSTIÇA (40min)\MJ11 - NOVOS RUMOS\10 anos novos rumos\IMG_6443.jpeg,NÃO,-,G:\Meu Drive\Arquivos_Pessoais_Para_Verificacao\Imagens_e_Videos
G:\Meu Drive\PROGRAMAS\PROGRAMA MEMÓRIA DA JUSTIÇA (40min)\MJ11 - NOVOS RUMOS\10 anos novos rumos\IMG_6445(1).jpeg,NÃO,-,G:\Meu Drive\Arquivos_Pessoais_Para_Verificacao\Imagens_e_Videos
G:\Meu Drive\PROGRAMAS\PROGRAMA MEMÓRIA DA JUSTIÇA (40min)\MJ11 - NOVOS RUMOS\10 anos novos rumos\IMG_6433.jpeg,NÃO,-,G:\Meu Drive\Arquivos_Pessoais_Para_Verificacao\Imagens_e_Videos
G:\Meu Drive\PROGRAMAS\PROGRAMA MEMÓRIA DA JUSTIÇA (40min)\MJ11 - NOVOS RUMOS\10 anos novos rumos\IMG_6445.jpeg,NÃO,-,G:\Meu Drive\Arquivos_Pessoais_Para_Verificacao\Imagens_e_Videos
G:\Meu Drive\PROGRAMAS\PROGRAMA MEMÓRIA DA JUSTIÇA (40min)\MJ11 - NOVOS RUMOS\10 anos novos rumos\desktop.ini,NÃO,-,G:\Meu Drive\Arquivos_Pessoais_Para_Verificacao\Outros
G:\Meu Drive\PROGRAMAS\PROGRAMA MEMÓRIA DA JUSTIÇA (40min)\MJ16 - 31 ANOS ESMARN\BG.HMP,NÃO,-,G:\Meu Drive\Arquivos_Pessoais_Para_Verificacao\Outros
G:\Meu Drive\PROGRAMAS\PROGRAMA MEMÓRIA DA JUSTIÇA (40min)\MJ16 - 31 ANOS ESMARN\7 ENTREVISTA SARAIVA.mp3,SIM,MEMORIA,H:\Meu Drive\02_PRODUCAO/MEMORIA
G:\Meu Drive\PROGRAMAS\PROGRAMA MEMÓRIA DA JUSTIÇA (40min)\MJ16 - 31 ANOS ESMARN\2 RDL.mp3,SIM,MEMORIA,H:\Meu Drive\02_PRODUCAO/MEMORIA
G:\Meu Drive\PROGRAMAS\PROGRAMA MEMÓRIA DA JUSTIÇA (40min)\MJ16 - 31 ANOS ESMARN\OFF BRUTO.mp3,SIM,MEMORIA,H:\Meu Drive\02_PRODUCAO/MEMORIA
G:\Meu Drive\PROGRAMAS\PROGRAMA MEMÓRIA DA JUSTIÇA (40min)\MJ16 - 31 ANOS ESMARN\PROGRAMA MEMÓRIA DA JUSTIÇA 16 - 31 ANOS ESMARN.mp3,SIM,MEMORIA,H:\Meu Drive\02_PRODUCAO/MEMORIA
G:\Meu Drive\PROGRAMAS\PROGRAMA MEMÓRIA DA JUSTIÇA (40min)\MJ16 - 31 ANOS ESMARN\5 CAFÉ IMPRENSA ESMARN.mp3,SIM,MEMORIA,H:\Meu Drive\02_PRODUCAO/MEMORIA
G:\Meu Drive\PROGRAMAS\PROGRAMA MEMÓRIA DA JUSTIÇA (40min)\MJ16 - 31 ANOS ESMARN\BG.HM2,NÃO,-,G:\Meu Drive\Arquivos_Pessoais_Para_Verificacao\Outros
G:\Meu Drive\PROGRAMAS\PROGRAMA MEMÓRIA DA JUSTIÇA (40min)\MJ16 - 31 ANOS ESMARN\OFF BRUTO.HMP,NÃO,-,G:\Meu Drive\Arquivos_Pessoais_Para_Verificacao\Outros
G:\Meu Drive\PROGRAMAS\PROGRAMA MEMÓRIA DA JUSTIÇA (40min)\MJ16 - 31 ANOS ESMARN\3 DOC ESMARN 25 ANOS.mp3,SIM,MEMORIA,H:\Meu Drive\02_PRODUCAO/MEMORIA
G:\Meu Drive\PROGRAMAS\PROGRAMA MEMÓRIA DA JUSTIÇA (40min)\MJ16 - 31 ANOS ESMARN\OFF BRUTO - Copia.mp3,SIM,MEMORIA,H:\Meu Drive\02_PRODUCAO/MEMORIA
G:\Meu Drive\PROGRAMAS\PROGRAMA MEMÓRIA DA JUSTIÇA (40min)\MJ16 - 31 ANOS ESMARN\OFF BRUTO.HM2,NÃO,-,G:\Meu Drive\Arquivos_Pessoais_Para_Verificacao\Outros
G:\Meu Drive\PROGRAMAS\PROGRAMA MEMÓRIA DA JUSTIÇA (40min)\MJ16 - 31 ANOS ESMARN\BG.mp3,SIM,MEMORIA,H:\Meu Drive\02_PRODUCAO/MEMORIA
G:\Meu Drive\PROGRAMAS\PROGRAMA MEMÓRIA DA JUSTIÇA (40min)\MJ16 - 31 ANOS ESMARN\6 ENTREVISTA CLEANTO.mp3,SIM,MEMORIA,H:\Meu Drive\02_PRODUCAO/MEMORIA
G:\Meu Drive\PROGRAMAS\PROGRAMA MEMÓRIA DA JUSTIÇA (40min)\MJ16 - 31 ANOS ESMARN\1 PEDRA FUNDAMENTAL ESMARN.mp3,SIM,MEMORIA,H:\Meu Drive\02_PRODUCAO/MEMORIA
G:\Meu Drive\PROGRAMAS\PROGRAMA MEMÓRIA DA JUSTIÇA (40min)\MJ16 - 31 ANOS ESMARN\4 RESIDÊNCIA JUDICIAL.mp3,SIM,MEMORIA,H:\Meu Drive\02_PRODUCAO/MEMORIA
G:\Meu Drive\PROGRAMAS\PROGRAMA MEMÓRIA DA JUSTIÇA (40min)\MJ16 - 31 ANOS ESMARN\desktop.ini,NÃO,-,G:\Meu Drive\Arquivos_Pessoais_Para_Verificacao\Outros
G:\Meu Drive\PROGRAMAS\PROGRAMA MEMÓRIA DA JUSTIÇA (40min)\MJ16 - 31 ANOS ESMARN\EDIT\EDIT.VIP,NÃO,-,G:\Meu Drive\Arquivos_Pessoais_Para_Verificacao\Outros
G:\Meu Drive\PROGRAMAS\PROGRAMA MEMÓRIA DA JUSTIÇA (40min)\MJ16 - 31 ANOS ESMARN\EDIT\EDIT_BAK.VIP,NÃO,-,G:\Meu Drive\Arquivos_Pessoais_Para_Verificacao\Outros
G:\Meu Drive\PROGRAMAS\PROGRAMA MEMÓRIA DA JUSTIÇA (40min)\MJ16 - 31 ANOS ESMARN\EDIT\desktop.ini,NÃO,-,G:\Meu Drive\Arquivos_Pessoais_Para_Verificacao\Outros
G:\Meu Drive\PROGRAMAS\PROGRAMA MEMÓRIA DA JUSTIÇA (40min)\MJ44 - 130 ANOS TJRN\MJ 44 BLOCO 2 RUT.mp3,SIM,MEMORIA,H:\Meu Drive\02_PRODUCAO/MEMORIA
G:\Meu Drive\PROGRAMAS\PROGRAMA MEMÓRIA DA JUSTIÇA (40min)\MJ44 - 130 ANOS TJRN\130 ANOS TJRN.mp3,SIM,MEMORIA,H:\Meu Drive\02_PRODUCAO/MEMORIA
G:\Meu Drive\PROGRAMAS\PROGRAMA MEMÓRIA DA JUSTIÇA (40min)\MJ44 - 130 ANOS TJRN\BLOCO 2 EDITADO.mp3,SIM,MEMORIA,H:\Meu Drive\02_PRODUCAO/MEMORIA
G:\Meu Drive\PROGRAMAS\PROGRAMA MEMÓRIA DA JUSTIÇA (40min)\MJ44 - 130 ANOS TJRN\BLOCO 1 EDITADO.mp3,SIM,MEMORIA,H:\Meu Drive\02_PRODUCAO/MEMORIA
G:\Meu Drive\PROGRAMAS\PROGRAMA MEMÓRIA DA JUSTIÇA (40min)\MJ44 - 130 ANOS TJRN\130 ANOS TJRN.site.mp3,SIM,MEMORIA,H:\Meu Drive\02_PRODUCAO/MEMORIA
G:\Meu Drive\PROGRAMAS\PROGRAMA MEMÓRIA DA JUSTIÇA (40min)\MJ44 - 130 ANOS TJRN\Pesquisa MJ 44 - 130 anos TJRN.gdoc,SIM,MEMORIA,H:\Meu Drive\01_ROTEIROS/MEMORIA
G:\Meu Drive\PROGRAMAS\PROGRAMA MEMÓRIA DA JUSTIÇA (40min)\MJ44 - 130 ANOS TJRN\MJ44 - 130 ANOS TJRN.gdoc,SIM,MEMORIA,H:\Meu Drive\01_ROTEIROS/MEMORIA
G:\Meu Drive\PROGRAMAS\PROGRAMA MEMÓRIA DA JUSTIÇA (40min)\MJ44 - 130 ANOS TJRN\desktop.ini,NÃO,-,G:\Meu Drive\Arquivos_Pessoais_Para_Verificacao\Outros
G:\Meu Drive\PROGRAMAS\PROGRAMA MEMÓRIA DA JUSTIÇA (40min)\MJ44 - 130 ANOS TJRN\Videos Vivaldo\desktop.ini,NÃO,-,G:\Meu Drive\Arquivos_Pessoais_Para_Verificacao\Outros
G:\Meu Drive\PROGRAMAS\PROGRAMA MEMÓRIA DA JUSTIÇA (40min)\MJ44 - 130 ANOS TJRN\Áudios\SONORA VIRGILIO MACEDO.mp3,SIM,MEMORIA,H:\Meu Drive\02_PRODUCAO/MEMORIA
G:\Meu Drive\PROGRAMAS\PROGRAMA MEMÓRIA DA JUSTIÇA (40min)\MJ44 - 130 ANOS TJRN\Áudios\desktop.ini,NÃO,-,G:\Meu Drive\Arquivos_Pessoais_Para_Verificacao\Outros
G:\Meu Drive\PROGRAMAS\PROGRAMA MEMÓRIA DA JUSTIÇA (40min)\MJ21 - CEIJ\MEMÓRIA DA JUSTIÇA 21 - CEIJ.mp3,SIM,MEMORIA,H:\Meu Drive\02_PRODUCAO/MEMORIA
G:\Meu Drive\PROGRAMAS\PROGRAMA MEMÓRIA DA JUSTIÇA (40min)\MJ21 - CEIJ\MEMÓRIA DA JUSTIÇA 21 - CEIJ - LOW.mp3,SIM,MEMORIA,H:\Meu Drive\02_PRODUCAO/MEMORIA
G:\Meu Drive\PROGRAMAS\PROGRAMA MEMÓRIA DA JUSTIÇA (40min)\MJ21 - CEIJ\desktop.ini,NÃO,-,G:\Meu Drive\Arquivos_Pessoais_Para_Verificacao\Outros
G:\Meu Drive\PROGRAMAS\PROGRAMA MEMÓRIA DA JUSTIÇA (40min)\MJ21 - CEIJ\Ofs ariane\desktop.ini,NÃO,-,G:\Meu Drive\Arquivos_Pessoais_Para_Verificacao\Outros
G:\Meu Drive\PROGRAMAS\PROGRAMA MEMÓRIA DA JUSTIÇA (40min)\MJ21 - CEIJ\Ofs ariane\OFFS\Off 8 mj.m4a,SIM,MEMORIA,H:\Meu Drive\02_PRODUCAO/MEMORIA
G:\Meu Drive\PROGRAMAS\PROGRAMA MEMÓRIA DA JUSTIÇA (40min)\MJ21 - CEIJ\Ofs ariane\OFFS\Off 13 mj.m4a,SIM,MEMORIA,H:\Meu Drive\02_PRODUCAO/MEMORIA
G:\Meu Drive\PROGRAMAS\PROGRAMA MEMÓRIA DA JUSTIÇA (40min)\MJ21 - CEIJ\Ofs ariane\OFFS\Off 17 mj.m4a,SIM,MEMORIA,H:\Meu Drive\02_PRODUCAO/MEMORIA
G:\Meu Drive\PROGRAMAS\PROGRAMA MEMÓRIA DA JUSTIÇA (40min)\MJ21 - CEIJ\Ofs ariane\OFFS\Off 21 mj.m4a,SIM,MEMORIA,H:\Meu Drive\02_PRODUCAO/MEMORIA
G:\Meu Drive\PROGRAMAS\PROGRAMA MEMÓRIA DA JUSTIÇA (40min)\MJ21 - CEIJ\Ofs ariane\OFFS\Off 3 mj.m4a,SIM,MEMORIA,H:\Meu Drive\02_PRODUCAO/MEMORIA
G:\Meu Drive\PROGRAMAS\PROGRAMA MEMÓRIA DA JUSTIÇA (40min)\MJ21 - CEIJ\Ofs ariane\OFFS\Off 10 e 11 mj.m4a,SIM,MEMORIA,H:\Meu Drive\02_PRODUCAO/MEMORIA
G:\Meu Drive\PROGRAMAS\PROGRAMA MEMÓRIA DA JUSTIÇA (40min)\MJ21 - CEIJ\Ofs ariane\OFFS\Off 4 mj.m4a,SIM,MEMORIA,H:\Meu Drive\02_PRODUCAO/MEMORIA
G:\Meu Drive\PROGRAMAS\PROGRAMA MEMÓRIA DA JUSTIÇA (40min)\MJ21 - CEIJ\Ofs ariane\OFFS\Off 18 e 19 mj.m4a,SIM,MEMORIA,H:\Meu Drive\02_PRODUCAO/MEMORIA
G:\Meu Drive\PROGRAMAS\PROGRAMA MEMÓRIA DA JUSTIÇA (40min)\MJ21 - CEIJ\Ofs ariane\OFFS\Off 2 mj.m4a,SIM,MEMORIA,H:\Meu Drive\02_PRODUCAO/MEMORIA
G:\Meu Drive\PROGRAMAS\PROGRAMA MEMÓRIA DA JUSTIÇA (40min)\MJ21 - CEIJ\Ofs ariane\OFFS\Off 23 mj.m4a,SIM,MEMORIA,H:\Meu Drive\02_PRODUCAO/MEMORIA
G:\Meu Drive\PROGRAMAS\PROGRAMA MEMÓRIA DA JUSTIÇA (40min)\MJ21 - CEIJ\Ofs ariane\OFFS\Off 5 e 6 mj.m4a,SIM,MEMORIA,H:\Meu Drive\02_PRODUCAO/MEMORIA
G:\Meu Drive\PROGRAMAS\PROGRAMA MEMÓRIA DA JUSTIÇA (40min)\MJ21 - CEIJ\Ofs ariane\OFFS\Off 12 mj.m4a,SIM,MEMORIA,H:\Meu Drive\02_PRODUCAO/MEMORIA
G:\Meu Drive\PROGRAMAS\PROGRAMA MEMÓRIA DA JUSTIÇA (40min)\MJ21 - CEIJ\Ofs ariane\OFFS\Off 9 mj.m4a,SIM,MEMORIA,H:\Meu Drive\02_PRODUCAO/MEMORIA
G:\Meu Drive\PROGRAMAS\PROGRAMA MEMÓRIA DA JUSTIÇA (40min)\MJ21 - CEIJ\Ofs ariane\OFFS\Off 7 mj.m4a,SIM,MEMORIA,H:\Meu Drive\02_PRODUCAO/MEMORIA
G:\Meu Drive\PROGRAMAS\PROGRAMA MEMÓRIA DA JUSTIÇA (40min)\MJ21 - CEIJ\Ofs ariane\OFFS\Off 22 mj.m4a,SIM,MEMORIA,H:\Meu Drive\02_PRODUCAO/MEMORIA
G:\Meu Drive\PROGRAMAS\PROGRAMA MEMÓRIA DA JUSTIÇA (40min)\MJ21 - CEIJ\Ofs ariane\OFFS\Off 14 mj.m4a,SIM,MEMORIA,H:\Meu Drive\02_PRODUCAO/MEMORIA
G:\Meu Drive\PROGRAMAS\PROGRAMA MEMÓRIA DA JUSTIÇA (40min)\MJ21 - CEIJ\Ofs ariane\OFFS\Off 20 mj.m4a,SIM,MEMORIA,H:\Meu Drive\02_PRODUCAO/MEMORIA
G:\Meu Drive\PROGRAMAS\PROGRAMA MEMÓRIA DA JUSTIÇA (40min)\MJ21 - CEIJ\Ofs ariane\OFFS\Off 1mj.m4a,SIM,MEMORIA,H:\Meu Drive\02_PRODUCAO/MEMORIA
G:\Meu Drive\PROGRAMAS\PROGRAMA MEMÓRIA DA JUSTIÇA (40min)\MJ21 - CEIJ\Ofs ariane\OFFS\Off 15 e 16 mj.m4a,SIM,MEMORIA,H:\Meu Drive\02_PRODUCAO/MEMORIA
G:\Meu Drive\PROGRAMAS\PROGRAMA MEMÓRIA DA JUSTIÇA (40min)\MJ21 - CEIJ\Ofs ariane\OFFS\desktop.ini,NÃO,-,G:\Meu Drive\Arquivos_Pessoais_Para_Verificacao\Outros
G:\Meu Drive\PROGRAMAS\PROGRAMA MEMÓRIA DA JUSTIÇA (40min)\MJ21 - CEIJ\Ana Orgeti\Áudio 1 Ana Orgetti,NÃO,-,G:\Meu Drive\Arquivos_Pessoais_Para_Verificacao\Outros
G:\Meu Drive\PROGRAMAS\PROGRAMA MEMÓRIA DA JUSTIÇA (40min)\MJ21 - CEIJ\Ana Orgeti\Áudio 2 Ana Orgetti,NÃO,-,G:\Meu Drive\Arquivos_Pessoais_Para_Verificacao\Outros
G:\Meu Drive\PROGRAMAS\PROGRAMA MEMÓRIA DA JUSTIÇA (40min)\MJ21 - CEIJ\Ana Orgeti\desktop.ini,NÃO,-,G:\Meu Drive\Arquivos_Pessoais_Para_Verificacao\Outros
G:\Meu Drive\PROGRAMAS\PROGRAMA MEMÓRIA DA JUSTIÇA (40min)\MJ21 - CEIJ\Pedro Acalanto\Áudio pedro acalanto,NÃO,-,G:\Meu Drive\Arquivos_Pessoais_Para_Verificacao\Outros
G:\Meu Drive\PROGRAMAS\PROGRAMA MEMÓRIA DA JUSTIÇA (40min)\MJ21 - CEIJ\Pedro Acalanto\desktop.ini,NÃO,-,G:\Meu Drive\Arquivos_Pessoais_Para_Verificacao\Outros
G:\Meu Drive\PROGRAMAS\PROGRAMA MEMÓRIA DA JUSTIÇA (40min)\MJ21 - CEIJ\João Francisco\Áudio 5 JF,NÃO,-,G:\Meu Drive\Arquivos_Pessoais_Para_Verificacao\Outros
G:\Meu Drive\PROGRAMAS\PROGRAMA MEMÓRIA DA JUSTIÇA (40min)\MJ21 - CEIJ\João Francisco\Áudio 6 JF,NÃO,-,G:\Meu Drive\Arquivos_Pessoais_Para_Verificacao\Outros
G:\Meu Drive\PROGRAMAS\PROGRAMA MEMÓRIA DA JUSTIÇA (40min)\MJ21 - CEIJ\João Francisco\Áudio 3 JF,NÃO,-,G:\Meu Drive\Arquivos_Pessoais_Para_Verificacao\Outros
G:\Meu Drive\PROGRAMAS\PROGRAMA MEMÓRIA DA JUSTIÇA (40min)\MJ21 - CEIJ\João Francisco\audio 2 JF,NÃO,-,G:\Meu Drive\Arquivos_Pessoais_Para_Verificacao\Outros
G:\Meu Drive\PROGRAMAS\PROGRAMA MEMÓRIA DA JUSTIÇA (40min)\MJ21 - CEIJ\João Francisco\Áudio 4 JF,NÃO,-,G:\Meu Drive\Arquivos_Pessoais_Para_Verificacao\Outros
G:\Meu Drive\PROGRAMAS\PROGRAMA MEMÓRIA DA JUSTIÇA (40min)\MJ21 - CEIJ\João Francisco\Áudio 7 JF,NÃO,-,G:\Meu Drive\Arquivos_Pessoais_Para_Verificacao\Outros
G:\Meu Drive\PROGRAMAS\PROGRAMA MEMÓRIA DA JUSTIÇA (40min)\MJ21 - CEIJ\João Francisco\Áudio 1 JF,NÃO,-,G:\Meu Drive\Arquivos_Pessoais_Para_Verificacao\Outros
G:\Meu Drive\PROGRAMAS\PROGRAMA MEMÓRIA DA JUSTIÇA (40min)\MJ21 - CEIJ\João Francisco\desktop.ini,NÃO,-,G:\Meu Drive\Arquivos_Pessoais_Para_Verificacao\Outros
G:\Meu Drive\PROGRAMAS\PROGRAMA MEMÓRIA DA JUSTIÇA (40min)\MJ21 - CEIJ\José Dantas\Áudio 7 JD,NÃO,-,G:\Meu Drive\Arquivos_Pessoais_Para_Verificacao\Outros
G:\Meu Drive\PROGRAMAS\PROGRAMA MEMÓRIA DA JUSTIÇA (40min)\MJ21 - CEIJ\José Dantas\Áudio 10 JD,NÃO,-,G:\Meu Drive\Arquivos_Pessoais_Para_Verificacao\Outros
G:\Meu Drive\PROGRAMAS\PROGRAMA MEMÓRIA DA JUSTIÇA (40min)\MJ21 - CEIJ\José Dantas\Áudio 11 JD,NÃO,-,G:\Meu Drive\Arquivos_Pessoais_Para_Verificacao\Outros
G:\Meu Drive\PROGRAMAS\PROGRAMA MEMÓRIA DA JUSTIÇA (40min)\MJ21 - CEIJ\José Dantas\Áudio 1 JD,NÃO,-,G:\Meu Drive\Arquivos_Pessoais_Para_Verificacao\Outros
G:\Meu Drive\PROGRAMAS\PROGRAMA MEMÓRIA DA JUSTIÇA (40min)\MJ21 - CEIJ\José Dantas\Áudio 5 JD,NÃO,-,G:\Meu Drive\Arquivos_Pessoais_Para_Verificacao\Outros
G:\Meu Drive\PROGRAMAS\PROGRAMA MEMÓRIA DA JUSTIÇA (40min)\MJ21 - CEIJ\José Dantas\Áudio 6 JD,NÃO,-,G:\Meu Drive\Arquivos_Pessoais_Para_Verificacao\Outros
G:\Meu Drive\PROGRAMAS\PROGRAMA MEMÓRIA DA JUSTIÇA (40min)\MJ21 - CEIJ\José Dantas\Áudio 2 JD,NÃO,-,G:\Meu Drive\Arquivos_Pessoais_Para_Verificacao\Outros
G:\Meu Drive\PROGRAMAS\PROGRAMA MEMÓRIA DA JUSTIÇA (40min)\MJ21 - CEIJ\José Dantas\Áudio 14 JD,NÃO,-,G:\Meu Drive\Arquivos_Pessoais_Para_Verificacao\Outros
G:\Meu Drive\PROGRAMAS\PROGRAMA MEMÓRIA DA JUSTIÇA (40min)\MJ21 - CEIJ\José Dantas\Áudio 9 JD,NÃO,-,G:\Meu Drive\Arquivos_Pessoais_Para_Verificacao\Outros
G:\Meu Drive\PROGRAMAS\PROGRAMA MEMÓRIA DA JUSTIÇA (40min)\MJ21 - CEIJ\José Dantas\Áudio 3 JD,NÃO,-,G:\Meu Drive\Arquivos_Pessoais_Para_Verificacao\Outros
G:\Meu Drive\PROGRAMAS\PROGRAMA MEMÓRIA DA JUSTIÇA (40min)\MJ21 - CEIJ\José Dantas\Áudio 4 JD,NÃO,-,G:\Meu Drive\Arquivos_Pessoais_Para_Verificacao\Outros
G:\Meu Drive\PROGRAMAS\PROGRAMA MEMÓRIA DA JUSTIÇA (40min)\MJ21 - CEIJ\José Dantas\Áudio 8 JD,NÃO,-,G:\Meu Drive\Arquivos_Pessoais_Para_Verificacao\Outros
G:\Meu Drive\PROGRAMAS\PROGRAMA MEMÓRIA DA JUSTIÇA (40min)\MJ21 - CEIJ\José Dantas\Áudio 13 JD,NÃO,-,G:\Meu Drive\Arquivos_Pessoais_Para_Verificacao\Outros
G:\Meu Drive\PROGRAMAS\PROGRAMA MEMÓRIA DA JUSTIÇA (40min)\MJ21 - CEIJ\José Dantas\Áudio 12 JD,NÃO,-,G:\Meu Drive\Arquivos_Pessoais_Para_Verificacao\Outros
G:\Meu Drive\PROGRAMAS\PROGRAMA MEMÓRIA DA JUSTIÇA (40min)\MJ21 - CEIJ\José Dantas\desktop.ini,NÃO,-,G:\Meu Drive\Arquivos_Pessoais_Para_Verificacao\Outros
G:\Meu Drive\PROGRAMAS\PROGRAMA MEMÓRIA DA JUSTIÇA (40min)\MJ21 - CEIJ\FORMATO MP3\desktop.ini,NÃO,-,G:\Meu Drive\Arquivos_Pessoais_Para_Verificacao\Outros
G:\Meu Drive\PROGRAMAS\PROGRAMA MEMÓRIA DA JUSTIÇA (40min)\MJ21 - CEIJ\FORMATO MP3\OFFS ARIANE\desktop.ini,NÃO,-,G:\Meu Drive\Arquivos_Pessoais_Para_Verificacao\Outros
G:\Meu Drive\PROGRAMAS\PROGRAMA MEMÓRIA DA JUSTIÇA (40min)\MJ21 - CEIJ\FORMATO MP3\SONORA JOSE DANTAS\desktop.ini,NÃO,-,G:\Meu Drive\Arquivos_Pessoais_Para_Verificacao\Outros
G:\Meu Drive\PROGRAMAS\PROGRAMA MEMÓRIA DA JUSTIÇA (40min)\MJ21 - CEIJ\FORMATO MP3\SONORA PEDRO ACALANTO\desktop.ini,NÃO,-,G:\Meu Drive\Arquivos_Pessoais_Para_Verificacao\Outros
G:\Meu Drive\PROGRAMAS\PROGRAMA MEMÓRIA DA JUSTIÇA (40min)\MJ21 - CEIJ\FORMATO MP3\SONORA JOAO FRANCISCO\desktop.ini,NÃO,-,G:\Meu Drive\Arquivos_Pessoais_Para_Verificacao\Outros
G:\Meu Drive\PROGRAMAS\PROGRAMA MEMÓRIA DA JUSTIÇA (40min)\MJ21 - CEIJ\FORMATO MP3\SONORA ANA ORGETI\desktop.ini,NÃO,-,G:\Meu Drive\Arquivos_Pessoais_Para_Verificacao\Outros
G:\Meu Drive\PROGRAMAS\PROGRAMA MEMÓRIA DA JUSTIÇA (40min)\MJ59 - Núcleo de perícias judiciais\Cópia de MJ55 - REVITALIZAÇÃO MEMORIAL DA JUSTIÇA.gdoc,SIM,MEMORIA,H:\Meu Drive\01_ROTEIROS/MEMORIA
G:\Meu Drive\PROGRAMAS\PROGRAMA MEMÓRIA DA JUSTIÇA (40min)\MJ59 - Núcleo de perícias judiciais\Pesquisa MJ56 - Núcleo de Perícias Judiciais .gdoc,SIM,MEMORIA,H:\Meu Drive\01_ROTEIROS/MEMORIA
G:\Meu Drive\PROGRAMAS\PROGRAMA MEMÓRIA DA JUSTIÇA (40min)\MJ59 - Núcleo de perícias judiciais\MJ59 - NÚCLEO DE PERÍCIAS.gdoc,SIM,MEMORIA,H:\Meu Drive\01_ROTEIROS/MEMORIA
G:\Meu Drive\PROGRAMAS\PROGRAMA MEMÓRIA DA JUSTIÇA (40min)\MJ59 - Núcleo de perícias judiciais\sonoaRosajudith.nucleoPericias.mp3,SIM,MEMORIA,H:\Meu Drive\02_PRODUCAO/MEMORIA
G:\Meu Drive\PROGRAMAS\PROGRAMA MEMÓRIA DA JUSTIÇA (40min)\MJ59 - Núcleo de perícias judiciais\OFF LEO.mp3,SIM,MEMORIA,H:\Meu Drive\02_PRODUCAO/MEMORIA
G:\Meu Drive\PROGRAMAS\PROGRAMA MEMÓRIA DA JUSTIÇA (40min)\MJ59 - Núcleo de perícias judiciais\desktop.ini,NÃO,-,G:\Meu Drive\Arquivos_Pessoais_Para_Verificacao\Outros
G:\Meu Drive\PROGRAMAS\PROGRAMA MEMÓRIA DA JUSTIÇA (40min)\MJ27 - CAMINHOS DA JUSTIÇA\MJ27 - Caminhos da Justiça.mp3,SIM,MEMORIA,H:\Meu Drive\02_PRODUCAO/MEMORIA
G:\Meu Drive\PROGRAMAS\PROGRAMA MEMÓRIA DA JUSTIÇA (40min)\MJ27 - CAMINHOS DA JUSTIÇA\mj27 caminhos da justiça .gdoc,SIM,MEMORIA,H:\Meu Drive\01_ROTEIROS/MEMORIA
G:\Meu Drive\PROGRAMAS\PROGRAMA MEMÓRIA DA JUSTIÇA (40min)\MJ27 - CAMINHOS DA JUSTIÇA\PONTOS DE CORTE .gdoc,SIM,MEMORIA,H:\Meu Drive\01_ROTEIROS/MEMORIA
G:\Meu Drive\PROGRAMAS\PROGRAMA MEMÓRIA DA JUSTIÇA (40min)\MJ27 - CAMINHOS DA JUSTIÇA\desktop.ini,NÃO,-,G:\Meu Drive\Arquivos_Pessoais_Para_Verificacao\Outros
G:\Meu Drive\PROGRAMAS\PROGRAMA MEMÓRIA DA JUSTIÇA (40min)\MJ27 - CAMINHOS DA JUSTIÇA\OFFS\Off 11.m4a,SIM,MEMORIA,H:\Meu Drive\02_PRODUCAO/MEMORIA
G:\Meu Drive\PROGRAMAS\PROGRAMA MEMÓRIA DA JUSTIÇA (40min)\MJ27 - CAMINHOS DA JUSTIÇA\OFFS\Off 20.m4a,SIM,MEMORIA,H:\Meu Drive\02_PRODUCAO/MEMORIA
G:\Meu Drive\PROGRAMAS\PROGRAMA MEMÓRIA DA JUSTIÇA (40min)\MJ27 - CAMINHOS DA JUSTIÇA\OFFS\Off 3.m4a,SIM,MEMORIA,H:\Meu Drive\02_PRODUCAO/MEMORIA
G:\Meu Drive\PROGRAMAS\PROGRAMA MEMÓRIA DA JUSTIÇA (40min)\MJ27 - CAMINHOS DA JUSTIÇA\OFFS\Off 13.m4a,SIM,MEMORIA,H:\Meu Drive\02_PRODUCAO/MEMORIA
G:\Meu Drive\PROGRAMAS\PROGRAMA MEMÓRIA DA JUSTIÇA (40min)\MJ27 - CAMINHOS DA JUSTIÇA\OFFS\Off 26.m4a,SIM,MEMORIA,H:\Meu Drive\02_PRODUCAO/MEMORIA
G:\Meu Drive\PROGRAMAS\PROGRAMA MEMÓRIA DA JUSTIÇA (40min)\MJ27 - CAMINHOS DA JUSTIÇA\OFFS\Off 22.m4a,SIM,MEMORIA,H:\Meu Drive\02_PRODUCAO/MEMORIA
G:\Meu Drive\PROGRAMAS\PROGRAMA MEMÓRIA DA JUSTIÇA (40min)\MJ27 - CAMINHOS DA JUSTIÇA\OFFS\Off 4.m4a,SIM,MEMORIA,H:\Meu Drive\02_PRODUCAO/MEMORIA
G:\Meu Drive\PROGRAMAS\PROGRAMA MEMÓRIA DA JUSTIÇA (40min)\MJ27 - CAMINHOS DA JUSTIÇA\OFFS\Off 10.m4a,SIM,MEMORIA,H:\Meu Drive\02_PRODUCAO/MEMORIA
G:\Meu Drive\PROGRAMAS\PROGRAMA MEMÓRIA DA JUSTIÇA (40min)\MJ27 - CAMINHOS DA JUSTIÇA\OFFS\Off 17.m4a,SIM,MEMORIA,H:\Meu Drive\02_PRODUCAO/MEMORIA
G:\Meu Drive\PROGRAMAS\PROGRAMA MEMÓRIA DA JUSTIÇA (40min)\MJ27 - CAMINHOS DA JUSTIÇA\OFFS\Off 16.m4a,SIM,MEMORIA,H:\Meu Drive\02_PRODUCAO/MEMORIA
G:\Meu Drive\PROGRAMAS\PROGRAMA MEMÓRIA DA JUSTIÇA (40min)\MJ27 - CAMINHOS DA JUSTIÇA\OFFS\Off 23.m4a,SIM,MEMORIA,H:\Meu Drive\02_PRODUCAO/MEMORIA
G:\Meu Drive\PROGRAMAS\PROGRAMA MEMÓRIA DA JUSTIÇA (40min)\MJ27 - CAMINHOS DA JUSTIÇA\OFFS\Off 6.m4a,SIM,MEMORIA,H:\Meu Drive\02_PRODUCAO/MEMORIA
G:\Meu Drive\PROGRAMAS\PROGRAMA MEMÓRIA DA JUSTIÇA (40min)\MJ27 - CAMINHOS DA JUSTIÇA\OFFS\Off 19.m4a,SIM,MEMORIA,H:\Meu Drive\02_PRODUCAO/MEMORIA
G:\Meu Drive\PROGRAMAS\PROGRAMA MEMÓRIA DA JUSTIÇA (40min)\MJ27 - CAMINHOS DA JUSTIÇA\OFFS\Off 2.m4a,SIM,MEMORIA,H:\Meu Drive\02_PRODUCAO/MEMORIA
G:\Meu Drive\PROGRAMAS\PROGRAMA MEMÓRIA DA JUSTIÇA (40min)\MJ27 - CAMINHOS DA JUSTIÇA\OFFS\Off 1.m4a,SIM,MEMORIA,H:\Meu Drive\02_PRODUCAO/MEMORIA
G:\Meu Drive\PROGRAMAS\PROGRAMA MEMÓRIA DA JUSTIÇA (40min)\MJ27 - CAMINHOS DA JUSTIÇA\OFFS\Off 8.m4a,SIM,MEMORIA,H:\Meu Drive\02_PRODUCAO/MEMORIA
G:\Meu Drive\PROGRAMAS\PROGRAMA MEMÓRIA DA JUSTIÇA (40min)\MJ27 - CAMINHOS DA JUSTIÇA\OFFS\Off 24.m4a,SIM,MEMORIA,H:\Meu Drive\02_PRODUCAO/MEMORIA
G:\Meu Drive\PROGRAMAS\PROGRAMA MEMÓRIA DA JUSTIÇA (40min)\MJ27 - CAMINHOS DA JUSTIÇA\OFFS\Off 25.m4a,SIM,MEMORIA,H:\Meu Drive\02_PRODUCAO/MEMORIA
G:\Meu Drive\PROGRAMAS\PROGRAMA MEMÓRIA DA JUSTIÇA (40min)\MJ27 - CAMINHOS DA JUSTIÇA\OFFS\Off 18.m4a,SIM,MEMORIA,H:\Meu Drive\02_PRODUCAO/MEMORIA
G:\Meu Drive\PROGRAMAS\PROGRAMA MEMÓRIA DA JUSTIÇA (40min)\MJ27 - CAMINHOS DA JUSTIÇA\OFFS\Off 21.m4a,SIM,MEMORIA,H:\Meu Drive\02_PRODUCAO/MEMORIA
G:\Meu Drive\PROGRAMAS\PROGRAMA MEMÓRIA DA JUSTIÇA (40min)\MJ27 - CAMINHOS DA JUSTIÇA\OFFS\Off 5.m4a,SIM,MEMORIA,H:\Meu Drive\02_PRODUCAO/MEMORIA
G:\Meu Drive\PROGRAMAS\PROGRAMA MEMÓRIA DA JUSTIÇA (40min)\MJ27 - CAMINHOS DA JUSTIÇA\OFFS\Off 14.m4a,SIM,MEMORIA,H:\Meu Drive\02_PRODUCAO/MEMORIA
G:\Meu Drive\PROGRAMAS\PROGRAMA MEMÓRIA DA JUSTIÇA (40min)\MJ27 - CAMINHOS DA JUSTIÇA\OFFS\Off 7.m4a,SIM,MEMORIA,H:\Meu Drive\02_PRODUCAO/MEMORIA
G:\Meu Drive\PROGRAMAS\PROGRAMA MEMÓRIA DA JUSTIÇA (40min)\MJ27 - CAMINHOS DA JUSTIÇA\OFFS\Off 12.m4a,SIM,MEMORIA,H:\Meu Drive\02_PRODUCAO/MEMORIA
G:\Meu Drive\PROGRAMAS\PROGRAMA MEMÓRIA DA JUSTIÇA (40min)\MJ27 - CAMINHOS DA JUSTIÇA\OFFS\Off 15.m4a,SIM,MEMORIA,H:\Meu Drive\02_PRODUCAO/MEMORIA
G:\Meu Drive\PROGRAMAS\PROGRAMA MEMÓRIA DA JUSTIÇA (40min)\MJ27 - CAMINHOS DA JUSTIÇA\OFFS\Off 9.m4a,SIM,MEMORIA,H:\Meu Drive\02_PRODUCAO/MEMORIA
G:\Meu Drive\PROGRAMAS\PROGRAMA MEMÓRIA DA JUSTIÇA (40min)\MJ27 - CAMINHOS DA JUSTIÇA\OFFS\desktop.ini,NÃO,-,G:\Meu Drive\Arquivos_Pessoais_Para_Verificacao\Outros
G:\Meu Drive\PROGRAMAS\PROGRAMA MEMÓRIA DA JUSTIÇA (40min)\MJ27 - CAMINHOS DA JUSTIÇA\SONORAS\desktop.ini,NÃO,-,G:\Meu Drive\Arquivos_Pessoais_Para_Verificacao\Outros
G:\Meu Drive\PROGRAMAS\PROGRAMA MEMÓRIA DA JUSTIÇA (40min)\MJ26 - PERFIL GESTÃO 2021 2022\desktop.ini,NÃO,-,G:\Meu Drive\Arquivos_Pessoais_Para_Verificacao\Outros
G:\Meu Drive\PROGRAMAS\PROGRAMA MEMÓRIA DA JUSTIÇA (40min)\MJ26 - PERFIL GESTÃO 2021 2022\OFFS\OFF MJ THI.mp3,SIM,MEMORIA,H:\Meu Drive\02_PRODUCAO/MEMORIA
G:\Meu Drive\PROGRAMAS\PROGRAMA MEMÓRIA DA JUSTIÇA (40min)\MJ26 - PERFIL GESTÃO 2021 2022\OFFS\MEMÓRIA 26 - OFF 11 OLI.m4a,SIM,MEMORIA,H:\Meu Drive\02_PRODUCAO/MEMORIA
G:\Meu Drive\PROGRAMAS\PROGRAMA MEMÓRIA DA JUSTIÇA (40min)\MJ26 - PERFIL GESTÃO 2021 2022\OFFS\MEMÓRIA 26 - OFF 8 OLI.m4a,SIM,MEMORIA,H:\Meu Drive\02_PRODUCAO/MEMORIA
G:\Meu Drive\PROGRAMAS\PROGRAMA MEMÓRIA DA JUSTIÇA (40min)\MJ26 - PERFIL GESTÃO 2021 2022\OFFS\desktop.ini,NÃO,-,G:\Meu Drive\Arquivos_Pessoais_Para_Verificacao\Outros
G:\Meu Drive\PROGRAMAS\PROGRAMA MEMÓRIA DA JUSTIÇA (40min)\MJ39 - 30 ANOS ECA\PROGRAMA 39 - Estatuto da Criança e do Adolescente.gdoc,SIM,MEMORIA,H:\Meu Drive\01_ROTEIROS/MEMORIA
G:\Meu Drive\PROGRAMAS\PROGRAMA MEMÓRIA DA JUSTIÇA (40min)\MJ39 - 30 ANOS ECA\Pesquisa MJ39 - 30 ANOS ECA.gdoc,SIM,MEMORIA,H:\Meu Drive\01_ROTEIROS/MEMORIA
G:\Meu Drive\PROGRAMAS\PROGRAMA MEMÓRIA DA JUSTIÇA (40min)\MJ39 - 30 ANOS ECA\desktop.ini,NÃO,-,G:\Meu Drive\Arquivos_Pessoais_Para_Verificacao\Outros
G:\Meu Drive\PROGRAMAS\PROGRAMA MEMÓRIA DA JUSTIÇA (40min)\MJ39 - 30 ANOS ECA\OFFS\OFF MJ 39 BLOCO 2.m4a,SIM,MEMORIA,H:\Meu Drive\02_PRODUCAO/MEMORIA
G:\Meu Drive\PROGRAMAS\PROGRAMA MEMÓRIA DA JUSTIÇA (40min)\MJ39 - 30 ANOS ECA\OFFS\OFF MJ 39 BLOCO 1.m4a,SIM,MEMORIA,H:\Meu Drive\02_PRODUCAO/MEMORIA
G:\Meu Drive\PROGRAMAS\PROGRAMA MEMÓRIA DA JUSTIÇA (40min)\MJ39 - 30 ANOS ECA\OFFS\desktop.ini,NÃO,-,G:\Meu Drive\Arquivos_Pessoais_Para_Verificacao\Outros
G:\Meu Drive\PROGRAMAS\PROGRAMA MEMÓRIA DA JUSTIÇA (40min)\MJ40 - DIVISÃO DE PRECATÓRIOS TJRN\MJ40 - DIVISÃO DE PRECATÓRIOS TJRN.streaming.mp3,SIM,MEMORIA,H:\Meu Drive\02_PRODUCAO/MEMORIA
G:\Meu Drive\PROGRAMAS\PROGRAMA MEMÓRIA DA JUSTIÇA (40min)\MJ40 - DIVISÃO DE PRECATÓRIOS TJRN\Pesquisa MJ40 - DIVISÃO DE PRECATÓRIOS TJRN.gdoc,SIM,MEMORIA,H:\Meu Drive\01_ROTEIROS/MEMORIA
G:\Meu Drive\PROGRAMAS\PROGRAMA MEMÓRIA DA JUSTIÇA (40min)\MJ40 - DIVISÃO DE PRECATÓRIOS TJRN\MJ 40 - DIVISÃO DE PRECATÓRIOS.gdoc,SIM,MEMORIA,H:\Meu Drive\01_ROTEIROS/MEMORIA
G:\Meu Drive\PROGRAMAS\PROGRAMA MEMÓRIA DA JUSTIÇA (40min)\MJ40 - DIVISÃO DE PRECATÓRIOS TJRN\desktop.ini,NÃO,-,G:\Meu Drive\Arquivos_Pessoais_Para_Verificacao\Outros
G:\Meu Drive\PROGRAMAS\PROGRAMA MEMÓRIA DA JUSTIÇA (40min)\MJ40 - DIVISÃO DE PRECATÓRIOS TJRN\OFFS\desktop.ini,NÃO,-,G:\Meu Drive\Arquivos_Pessoais_Para_Verificacao\Outros
G:\Meu Drive\PROGRAMAS\PROGRAMA MEMÓRIA DA JUSTIÇA (40min)\MJ23 - Desa Judite Nunes\MEMÓRIA DA JUSTIÇA 23 - DESA JUDITH NUNES.mp3,SIM,MEMORIA,H:\Meu Drive\02_PRODUCAO/MEMORIA
G:\Meu Drive\PROGRAMAS\PROGRAMA MEMÓRIA DA JUSTIÇA (40min)\MJ23 - Desa Judite Nunes\MEMÓRIA DA JUSTIÇA 23 - DESA JUDITH NUNES low.mp3,SIM,MEMORIA,H:\Meu Drive\02_PRODUCAO/MEMORIA
G:\Meu Drive\PROGRAMAS\PROGRAMA MEMÓRIA DA JUSTIÇA (40min)\MJ23 - Desa Judite Nunes\Judite de Miranda Monte Nunes PESQUISA.gdoc,SIM,MEMORIA,H:\Meu Drive\01_ROTEIROS/MEMORIA
G:\Meu Drive\PROGRAMAS\PROGRAMA MEMÓRIA DA JUSTIÇA (40min)\MJ23 - Desa Judite Nunes\desktop.ini,NÃO,-,G:\Meu Drive\Arquivos_Pessoais_Para_Verificacao\Outros
G:\Meu Drive\PROGRAMAS\PROGRAMA MEMÓRIA DA JUSTIÇA (40min)\MJ31 - Marco Legal da Primeira Infância\MJ31 - 5 ANOS MARCO LEGAL PRIMEIRA INFÂNCIA.gdoc,SIM,MEMORIA,H:\Meu Drive\01_ROTEIROS/MEMORIA
G:\Meu Drive\PROGRAMAS\PROGRAMA MEMÓRIA DA JUSTIÇA (40min)\MJ31 - Marco Legal da Primeira Infância\Pesquisa Marco Legal da Primeira Infância.gdoc,SIM,MEMORIA,H:\Meu Drive\01_ROTEIROS/MEMORIA
G:\Meu Drive\PROGRAMAS\PROGRAMA MEMÓRIA DA JUSTIÇA (40min)\MJ31 - Marco Legal da Primeira Infância\desktop.ini,NÃO,-,G:\Meu Drive\Arquivos_Pessoais_Para_Verificacao\Outros
G:\Meu Drive\PROGRAMAS\PROGRAMA MEMÓRIA DA JUSTIÇA (40min)\MJ31 - Marco Legal da Primeira Infância\OFFS\Resposta Dr José Dantas.ogg,NÃO,-,G:\Meu Drive\Arquivos_Pessoais_Para_Verificacao\Audios_Diversos
G:\Meu Drive\PROGRAMAS\PROGRAMA MEMÓRIA DA JUSTIÇA (40min)\MJ31 - Marco Legal da Primeira Infância\OFFS\desktop.ini,NÃO,-,G:\Meu Drive\Arquivos_Pessoais_Para_Verificacao\Outros
G:\Meu Drive\PROGRAMAS\PROGRAMA MEMÓRIA DA JUSTIÇA (40min)\MJ - DESEMBARGADOR DILERMANDO MOTA\Desembargador Cornelio,NÃO,-,G:\Meu Drive\Arquivos_Pessoais_Para_Verificacao\Outros
G:\Meu Drive\PROGRAMAS\PROGRAMA MEMÓRIA DA JUSTIÇA (40min)\MJ - DESEMBARGADOR DILERMANDO MOTA\Cecília Mota,NÃO,-,G:\Meu Drive\Arquivos_Pessoais_Para_Verificacao\Outros
G:\Meu Drive\PROGRAMAS\PROGRAMA MEMÓRIA DA JUSTIÇA (40min)\MJ - DESEMBARGADOR DILERMANDO MOTA\Dr Josoniel Fonseca,NÃO,-,G:\Meu Drive\Arquivos_Pessoais_Para_Verificacao\Outros
G:\Meu Drive\PROGRAMAS\PROGRAMA MEMÓRIA DA JUSTIÇA (40min)\MJ - DESEMBARGADOR DILERMANDO MOTA\Renata Morgana Mota,NÃO,-,G:\Meu Drive\Arquivos_Pessoais_Para_Verificacao\Outros
G:\Meu Drive\PROGRAMAS\PROGRAMA MEMÓRIA DA JUSTIÇA (40min)\MJ - DESEMBARGADOR DILERMANDO MOTA\Dilermando Filho,NÃO,-,G:\Meu Drive\Arquivos_Pessoais_Para_Verificacao\Outros
G:\Meu Drive\PROGRAMAS\PROGRAMA MEMÓRIA DA JUSTIÇA (40min)\MJ - DESEMBARGADOR DILERMANDO MOTA\Cristiane Pinheiro,NÃO,-,G:\Meu Drive\Arquivos_Pessoais_Para_Verificacao\Outros
G:\Meu Drive\PROGRAMAS\PROGRAMA MEMÓRIA DA JUSTIÇA (40min)\MJ - DESEMBARGADOR DILERMANDO MOTA\PESQUISA MJ 57 - DES. DILERMANDO MOTA.gdoc,SIM,MEMORIA,H:\Meu Drive\01_ROTEIROS/MEMORIA
G:\Meu Drive\PROGRAMAS\PROGRAMA MEMÓRIA DA JUSTIÇA (40min)\MJ - DESEMBARGADOR DILERMANDO MOTA\MEMÓRIA 57 - DES. DILERMANDO MOTA.gdoc,SIM,MEMORIA,H:\Meu Drive\01_ROTEIROS/MEMORIA
G:\Meu Drive\PROGRAMAS\PROGRAMA MEMÓRIA DA JUSTIÇA (40min)\MJ - DESEMBARGADOR DILERMANDO MOTA\desktop.ini,NÃO,-,G:\Meu Drive\Arquivos_Pessoais_Para_Verificacao\Outros
G:\Meu Drive\PROGRAMAS\PROGRAMA MEMÓRIA DA JUSTIÇA (40min)\MJ65 - Carmem Paiva\entrevista carmem lucia.gdoc,SIM,MEMORIA,H:\Meu Drive\01_ROTEIROS/MEMORIA
G:\Meu Drive\PROGRAMAS\PROGRAMA MEMÓRIA DA JUSTIÇA (40min)\MJ65 - Carmem Paiva\desktop.ini,NÃO,-,G:\Meu Drive\Arquivos_Pessoais_Para_Verificacao\Outros
G:\Meu Drive\PROGRAMAS\PROGRAMA MEMÓRIA DA JUSTIÇA (40min)\MJ66 - DIA DA MEMÓRIA\MARIVALDO DANTAS.mp3,SIM,MEMORIA,H:\Meu Drive\02_PRODUCAO/MEMORIA
G:\Meu Drive\PROGRAMAS\PROGRAMA MEMÓRIA DA JUSTIÇA (40min)\MJ66 - DIA DA MEMÓRIA\MJ66 - DIA DA MEMÓRIA.mp3,SIM,MEMORIA,H:\Meu Drive\02_PRODUCAO/MEMORIA
G:\Meu Drive\PROGRAMAS\PROGRAMA MEMÓRIA DA JUSTIÇA (40min)\MJ66 - DIA DA MEMÓRIA\SONORA ADRIANA CARLA 1,NÃO,-,G:\Meu Drive\Arquivos_Pessoais_Para_Verificacao\Outros
G:\Meu Drive\PROGRAMAS\PROGRAMA MEMÓRIA DA JUSTIÇA (40min)\MJ66 - DIA DA MEMÓRIA\PROGRAMA 66 – DIA DA MEMÓRIA DO JUDICIÁRIO.gdoc,SIM,MEMORIA,H:\Meu Drive\01_ROTEIROS/MEMORIA
G:\Meu Drive\PROGRAMAS\PROGRAMA MEMÓRIA DA JUSTIÇA (40min)\MJ66 - DIA DA MEMÓRIA\SONORA ADRIANA CARLA 3,NÃO,-,G:\Meu Drive\Arquivos_Pessoais_Para_Verificacao\Outros
G:\Meu Drive\PROGRAMAS\PROGRAMA MEMÓRIA DA JUSTIÇA (40min)\MJ66 - DIA DA MEMÓRIA\SONORA ADRIANA CARLA 2,NÃO,-,G:\Meu Drive\Arquivos_Pessoais_Para_Verificacao\Outros
G:\Meu Drive\PROGRAMAS\PROGRAMA MEMÓRIA DA JUSTIÇA (40min)\MJ66 - DIA DA MEMÓRIA\desktop.ini,NÃO,-,G:\Meu Drive\Arquivos_Pessoais_Para_Verificacao\Outros
G:\Meu Drive\PROGRAMAS\PROGRAMA MEMÓRIA DA JUSTIÇA (40min)\MJ61 - CEAVS\Pesquisa MJ61 - CEAVS.gdoc,SIM,MEMORIA,H:\Meu Drive\01_ROTEIROS/MEMORIA
G:\Meu Drive\PROGRAMAS\PROGRAMA MEMÓRIA DA JUSTIÇA (40min)\MJ61 - CEAVS\desktop.ini,NÃO,-,G:\Meu Drive\Arquivos_Pessoais_Para_Verificacao\Outros
G:\Meu Drive\PROGRAMAS\PROGRAMA MEMÓRIA DA JUSTIÇA (40min)\Possíveis pautas Memória\Coordenadoria da infÂncia e da juventude -.gdoc,SIM,MEMORIA,H:\Meu Drive\01_ROTEIROS/MEMORIA
G:\Meu Drive\PROGRAMAS\PROGRAMA MEMÓRIA DA JUSTIÇA (40min)\Possíveis pautas Memória\Pautas memória da justiça.gdoc,SIM,MEMORIA,H:\Meu Drive\01_ROTEIROS/MEMORIA
G:\Meu Drive\PROGRAMAS\PROGRAMA MEMÓRIA DA JUSTIÇA (40min)\Possíveis pautas Memória\desktop.ini,NÃO,-,G:\Meu Drive\Arquivos_Pessoais_Para_Verificacao\Outros
G:\Meu Drive\PROGRAMAS\PROGRAMA MEMÓRIA DA JUSTIÇA (40min)\MJ63 - COMISSÃO CONTRA ASSÉDIO\Pesquisa MJ63 - COMISSÃO CONTRA ASSÉDIO.gdoc,SIM,MEMORIA,H:\Meu Drive\01_ROTEIROS/MEMORIA
G:\Meu Drive\PROGRAMAS\PROGRAMA MEMÓRIA DA JUSTIÇA (40min)\MJ63 - COMISSÃO CONTRA ASSÉDIO\desktop.ini,NÃO,-,G:\Meu Drive\Arquivos_Pessoais_Para_Verificacao\Outros
G:\Meu Drive\PROGRAMAS\PROGRAMA MEMÓRIA DA JUSTIÇA (40min)\MJ62 - LIVRO ELAS NO JUDICIÁRIO\Pesquisa MJ62 - LIVRO “ELAS NO JUDICIÁRIO”.gdoc,SIM,MEMORIA,H:\Meu Drive\01_ROTEIROS/MEMORIA
G:\Meu Drive\PROGRAMAS\PROGRAMA MEMÓRIA DA JUSTIÇA (40min)\MJ62 - LIVRO ELAS NO JUDICIÁRIO\desktop.ini,NÃO,-,G:\Meu Drive\Arquivos_Pessoais_Para_Verificacao\Outros
G:\Meu Drive\PROGRAMAS\PROGRAMA MEMÓRIA DA JUSTIÇA (40min)\MJ60 - ESCRITORES DO CÁRCERE\MEMÓRIA 60 - ESCRITORES DO CÁRCERE.gdoc,SIM,MEMORIA,H:\Meu Drive\01_ROTEIROS/MEMORIA
G:\Meu Drive\PROGRAMAS\PROGRAMA MEMÓRIA DA JUSTIÇA (40min)\MJ60 - ESCRITORES DO CÁRCERE\Pesquisa MJ60 - Escritores do Cárcere.gdoc,SIM,MEMORIA,H:\Meu Drive\01_ROTEIROS/MEMORIA
G:\Meu Drive\PROGRAMAS\PROGRAMA MEMÓRIA DA JUSTIÇA (40min)\MJ60 - ESCRITORES DO CÁRCERE\desktop.ini,NÃO,-,G:\Meu Drive\Arquivos_Pessoais_Para_Verificacao\Outros
G:\Meu Drive\PROGRAMAS\PROGRAMA MEMÓRIA DA JUSTIÇA (40min)\MJ DESEMBARGADOR VIVALDO\PESQUISA VIVALDO.gdoc,SIM,MEMORIA,H:\Meu Drive\01_ROTEIROS/MEMORIA
G:\Meu Drive\PROGRAMAS\PROGRAMA MEMÓRIA DA JUSTIÇA (40min)\MJ DESEMBARGADOR VIVALDO\desktop.ini,NÃO,-,G:\Meu Drive\Arquivos_Pessoais_Para_Verificacao\Outros
G:\Meu Drive\PROGRAMAS\PROGRAMA MEMÓRIA DA JUSTIÇA (40min)\MJ58 - EXPOSIÇÃO PROTAGONISMO FEMININO\MJ58 - EXPOSIÇÃO PROTAGONISMO FEMININO.VIP,NÃO,-,G:\Meu Drive\Arquivos_Pessoais_Para_Verificacao\Outros
G:\Meu Drive\PROGRAMAS\PROGRAMA MEMÓRIA DA JUSTIÇA (40min)\MJ58 - EXPOSIÇÃO PROTAGONISMO FEMININO\MJ58 - EXPOSIÇÃO PROTAGONISMO FEMININO.mp3,SIM,MEMORIA,H:\Meu Drive\02_PRODUCAO/MEMORIA
G:\Meu Drive\PROGRAMAS\PROGRAMA MEMÓRIA DA JUSTIÇA (40min)\MJ58 - EXPOSIÇÃO PROTAGONISMO FEMININO\MEMÓRIA 58 - EXPOSIÇÃO PROTAGONISMO FEMININO.gdoc,SIM,MEMORIA,H:\Meu Drive\01_ROTEIROS/MEMORIA
G:\Meu Drive\PROGRAMAS\PROGRAMA MEMÓRIA DA JUSTIÇA (40min)\MJ58 - EXPOSIÇÃO PROTAGONISMO FEMININO\Cópia de adriana carla - expo feminina.m4a,SIM,MEMORIA,H:\Meu Drive\02_PRODUCAO/MEMORIA
G:\Meu Drive\PROGRAMAS\PROGRAMA MEMÓRIA DA JUSTIÇA (40min)\MJ58 - EXPOSIÇÃO PROTAGONISMO FEMININO\Cópia de juiza hadja rayanne - expo feminina.m4a,SIM,MEMORIA,H:\Meu Drive\02_PRODUCAO/MEMORIA
G:\Meu Drive\PROGRAMAS\PROGRAMA MEMÓRIA DA JUSTIÇA (40min)\MJ58 - EXPOSIÇÃO PROTAGONISMO FEMININO\Cópia de desa lourdes - expo feminina.m4a,SIM,MEMORIA,H:\Meu Drive\02_PRODUCAO/MEMORIA
G:\Meu Drive\PROGRAMAS\PROGRAMA MEMÓRIA DA JUSTIÇA (40min)\MJ58 - EXPOSIÇÃO PROTAGONISMO FEMININO\PESQUISA MJ58 - PROTAGONISMO FEMININO.gdoc,SIM,MEMORIA,H:\Meu Drive\01_ROTEIROS/MEMORIA
G:\Meu Drive\PROGRAMAS\PROGRAMA MEMÓRIA DA JUSTIÇA (40min)\MJ58 - EXPOSIÇÃO PROTAGONISMO FEMININO\OFF BL1 OK.mp3,SIM,MEMORIA,H:\Meu Drive\02_PRODUCAO/MEMORIA
G:\Meu Drive\PROGRAMAS\PROGRAMA MEMÓRIA DA JUSTIÇA (40min)\MJ58 - EXPOSIÇÃO PROTAGONISMO FEMININO\desktop.ini,NÃO,-,G:\Meu Drive\Arquivos_Pessoais_Para_Verificacao\Outros
G:\Meu Drive\PROGRAMAS\PODCASTS 2026\PDC CARNAVAL\01-26 DADOS\PODCAST CARNAVAL 01-26 DADOS.mp3,SIM,DESCONHECIDO,H:\Meu Drive\02_PRODUCAO/DESCONHECIDOS
G:\Meu Drive\PROGRAMAS\PODCASTS 2026\PDC CARNAVAL\01-29 DISCRIMINAÇÃO\OFF DISCRIMINAÇÃO.mp3,SIM,DESCONHECIDO,H:\Meu Drive\02_PRODUCAO/DESCONHECIDOS
G:\Meu Drive\PROGRAMAS\SPOTS\desktop.ini,NÃO,-,G:\Meu Drive\Arquivos_Pessoais_Para_Verificacao\Outros
G:\Meu Drive\20 01 (1)\BOLETIM_RADIO_TJRN_20_01_2026_B8_PREMIO_CNJ_DE_QUALIDADE.mp3,SIM,BOLETIM,H:\Meu Drive\02_PRODUCAO/BOLETINS
G:\Meu Drive\20 01 (1)\BOLETIM_RADIO_TJRN_20_01_2026_B7_CNJ_INFOVOO.mp3,SIM,BOLETIM,H:\Meu Drive\02_PRODUCAO/BOLETINS
G:\Meu Drive\20 01 (1)\BOLETIM_RADIO_TJRN_20_01_2026_B6_PROJETOS_UPANEMA.mp3,SIM,BOLETIM,H:\Meu Drive\02_PRODUCAO/BOLETINS
G:\Meu Drive\20 01 (1)\BOLETIM_RADIO_TJRN_20_01_2026_B10_ESCRITORES_CARCERE_ACADEMIA_ARTES_POTIGUAR.mp3,SIM,BOLETIM,H:\Meu Drive\02_PRODUCAO/BOLETINS
G:\Meu Drive\20 01 (1)\BOLETIM_RADIO_TJRN_20_01_2026_B9_PERFIL_DE_REDE_SOCIAL.mp3,SIM,BOLETIM,H:\Meu Drive\02_PRODUCAO/BOLETINS
G:\Meu Drive\09 01 (1)\BOLETIM_RADIO_TJRN_09_01_2026_B7_TJRN_VICE_PRESIDENCIA_PROCESSO_SELETIVO_.mp3,SIM,BOLETIM,H:\Meu Drive\02_PRODUCAO/BOLETINS
G:\Meu Drive\09 01 (1)\BOLETIM_RADIO_TJRN_09_01_2026_B1_TJRN_SESSAO_ABERTURA_.mp3,SIM,BOLETIM,H:\Meu Drive\02_PRODUCAO/BOLETINS
G:\Meu Drive\09 01 (1)\BOLETIM_RADIO_TJRN_09_01_2026_B9_TJRN_JUSTICA_PROIBE_COSERN_AREZ.mp3,SIM,BOLETIM,H:\Meu Drive\02_PRODUCAO/BOLETINS
G:\Meu Drive\09 01 (1)\BOLETIM_RADIO_TJRN_09_01_2026_B10_TJRN_AGRESSOR_PAIS_INDENIZAR_ATAQUE_FISICO_.mp3,SIM,BOLETIM,H:\Meu Drive\02_PRODUCAO/BOLETINS
G:\Meu Drive\09 01 (1)\BOLETIM_RADIO_TJRN_09_01_2026_B6_CONCESSIONARIA_ENERGIA_CONDENADA.mp3,SIM,BOLETIM,H:\Meu Drive\02_PRODUCAO/BOLETINS
G:\Meu Drive\09 01 (1)\BOLETIM_RADIO_TJRN_09_01_2026_B8_TJRN_EXCLUSAO_EMPRESA_LICITACAO_.mp3,SIM,BOLETIM,H:\Meu Drive\02_PRODUCAO/BOLETINS
G:\Meu Drive\19 02\BOLETIM_RADIO_TJRN_19_02_2026_B2_TJRN_SESSAO_ORDINARIA_CANCELADA.mp3,SIM,BOLETIM,H:\Meu Drive\02_PRODUCAO/BOLETINS
G:\Meu Drive\19 02\BOLETIM_RADIO_TJRN_19_02_2026_B1_TJRN_PLANO_SAUDE_VALOR_.mp3,SIM,BOLETIM,H:\Meu Drive\02_PRODUCAO/BOLETINS
G:\Meu Drive\03_MAR_2026_RADIO\31 03\BOLETIM_RADIO_TJRN_31_03_2026_B8_TJRN_DESCREDENCIAMENTO_CLINICA_.mp3,SIM,BOLETIM,H:\Meu Drive\02_PRODUCAO/BOLETINS
G:\Meu Drive\03_MAR_2026_RADIO\31 03\BOLETIM_RADIO_TJRN_31_03_2026_B10_TJRN_REFORMA_DECISAO_CONTRATACAO_ASSESSORIA_.mp3,SIM,BOLETIM,H:\Meu Drive\02_PRODUCAO/BOLETINS
G:\Meu Drive\03_MAR_2026_RADIO\31 03\BOLETIM_RADIO_TJRN_31_03_2026_B7_TJRN_CONDENA_HOMEM_INJURIA_.mp3,SIM,BOLETIM,H:\Meu Drive\02_PRODUCAO/BOLETINS
G:\Meu Drive\03_MAR_2026_RADIO\31 03\BOLETIM_RADIO_TJRN_31_03_2026_B9_TJRN_PROCEDIMENTOS_REPARADORES_.mp3,SIM,BOLETIM,H:\Meu Drive\02_PRODUCAO/BOLETINS
G:\Meu Drive\03_MAR_2026_RADIO\31 03\desktop.ini,NÃO,-,G:\Meu Drive\Arquivos_Pessoais_Para_Verificacao\Outros
G:\Meu Drive\02_FEV_2026_RADIO\12 02\BOLETIM_RADIO_TJRN_12_02_2026_B10_ESMARN_DIVULGADO_PROJETOS_DINTER.mp3,SIM,BOLETIM,H:\Meu Drive\02_PRODUCAO/BOLETINS
